signal_a,signal_b,target,kind,horizon,n_obs,slope_a,nw_t_a,slope_b,nw_t_b,corr_ab,r2
bp,ep,abs_1m,abs,1,252,0.001726,0.385054,-0.002091,-0.422218,0.331376,0.001205
bp,ep,rel_1m,rel,1,252,0.002440,0.581968,-0.004151,-0.982349,0.331376,0.004755
bp,ep,abs_3m,abs,3,250,0.006227,0.612611,-0.013593,-1.390556,0.339751,0.017046
bp,ep,rel_3m,rel,3,250,0.007011,0.684036,-0.010470,-1.130995,0.339751,0.011356
bp,ep,abs_6m,abs,6,247,0.017253,1.040231,-0.042930,-3.239670,0.353556,0.082737
bp,ep,rel_6m,rel,6,247,0.015424,0.804584,-0.023702,-1.326306,0.353556,0.032215
bp,ep,abs_12m,abs,12,241,0.030820,0.928554,-0.091765,-2.734741,0.375953,0.183900
bp,ep,rel_12m,rel,12,241,0.028441,0.768077,-0.037144,-1.214801,0.375953,0.037241
bp,ep,abs_24m,abs,24,229,0.017532,0.342437,-0.124204,-1.995219,0.392903,0.166055
bp,ep,rel_24m,rel,24,229,0.009510,0.174090,-0.014761,-0.341699,0.392903,0.003510
bp,ep,abs_36m,abs,36,217,0.016578,0.203855,-0.062091,-0.936698,0.335115,0.025930
bp,ep,rel_36m,rel,36,217,-0.021899,-0.352836,0.039755,1.032970,0.335115,0.020460
bp_z60,ep_z60,abs_1m,abs,1,217,-0.000897,-0.156069,0.002127,0.371599,0.343263,0.000976
bp_z60,ep_z60,rel_1m,rel,1,217,0.000222,0.055862,-0.004942,-1.085757,0.343263,0.006963
bp_z60,ep_z60,abs_3m,abs,3,215,-0.001106,-0.088889,-0.002368,-0.184140,0.333716,0.000900
bp_z60,ep_z60,rel_3m,rel,3,215,0.000926,0.119006,-0.014078,-1.548920,0.333716,0.020306
bp_z60,ep_z60,abs_6m,abs,6,212,0.004458,0.302952,-0.023554,-1.774627,0.314524,0.029944
bp_z60,ep_z60,rel_6m,rel,6,212,0.001724,0.117674,-0.031981,-2.085674,0.314524,0.060239
bp_z60,ep_z60,abs_12m,abs,12,206,0.001852,0.094346,-0.054144,-2.291404,0.292550,0.107562
bp_z60,ep_z60,rel_12m,rel,12,206,-0.009491,-0.417850,-0.050466,-1.999869,0.292550,0.086562
bp_z60,ep_z60,abs_24m,abs,24,194,-0.037425,-1.641543,-0.075033,-2.192295,0.297234,0.243021
bp_z60,ep_z60,rel_24m,rel,24,194,-0.049593,-1.731882,-0.038114,-0.951243,0.297234,0.107107
bp_z60,ep_z60,abs_36m,abs,36,182,-0.064371,-1.937905,-0.015199,-0.442867,0.293356,0.106029
bp_z60,ep_z60,rel_36m,rel,36,182,-0.078693,-1.609277,0.018351,0.385041,0.293356,0.082522
pb_roe_adj,ep,abs_1m,abs,1,192,0.002153,0.276573,-0.003072,-0.399558,0.850226,0.000842
pb_roe_adj,ep,rel_1m,rel,1,192,0.001396,0.172777,-0.006027,-0.699328,0.850226,0.006818
pb_roe_adj,ep,abs_3m,abs,3,190,0.007844,0.445385,-0.016727,-0.979373,0.852000,0.015081
pb_roe_adj,ep,rel_3m,rel,3,190,0.010138,0.572595,-0.024698,-1.346341,0.852000,0.029309
pb_roe_adj,ep,abs_6m,abs,6,187,0.037318,1.236307,-0.057692,-2.065502,0.854488,0.072411
pb_roe_adj,ep,rel_6m,rel,6,187,0.038934,1.246937,-0.064274,-2.244427,0.854488,0.078593
pb_roe_adj,ep,abs_12m,abs,12,181,0.079271,1.289255,-0.122433,-2.021575,0.857201,0.166730
pb_roe_adj,ep,rel_12m,rel,12,181,0.062080,0.853877,-0.093697,-1.347632,0.857201,0.071325
pb_roe_adj,ep,abs_24m,abs,24,169,0.063834,0.605240,-0.133373,-1.367279,0.871177,0.197053
pb_roe_adj,ep,rel_24m,rel,24,169,0.031245,0.216412,-0.056330,-0.430665,0.871177,0.021554
pb_roe_adj,ep,abs_36m,abs,36,157,-0.066238,-0.582153,0.035115,0.338940,0.873128,0.036550
pb_roe_adj,ep,rel_36m,rel,36,157,-0.078596,-0.478011,0.089192,0.594206,0.873128,0.026847
pb_roe_adj,ep_z60,abs_1m,abs,1,192,0.000115,0.023863,-0.001025,-0.224153,0.560040,0.000278
pb_roe_adj,ep_z60,rel_1m,rel,1,192,-0.001033,-0.207310,-0.004813,-0.971994,0.560040,0.008477
pb_roe_adj,ep_z60,abs_3m,abs,3,190,-0.001627,-0.134815,-0.008544,-0.827719,0.559525,0.011681
pb_roe_adj,ep_z60,rel_3m,rel,3,190,-0.000303,-0.025729,-0.018949,-1.655430,0.559525,0.037447
pb_roe_adj,ep_z60,abs_6m,abs,6,187,0.003359,0.149717,-0.027634,-1.532621,0.555046,0.046705
pb_roe_adj,ep_z60,rel_6m,rel,6,187,0.009721,0.468686,-0.046319,-2.627763,0.555046,0.099795
pb_roe_adj,ep_z60,abs_12m,abs,12,181,0.011132,0.265355,-0.066637,-1.933258,0.552408,0.134716
pb_roe_adj,ep_z60,rel_12m,rel,12,181,0.029653,0.795347,-0.086693,-2.960476,0.552408,0.148901
pb_roe_adj,ep_z60,abs_24m,abs,24,169,0.008181,0.178315,-0.102573,-1.945440,0.590204,0.269053
pb_roe_adj,ep_z60,rel_24m,rel,24,169,0.041342,0.694765,-0.100255,-1.618390,0.590204,0.136714
pb_roe_adj,ep_z60,abs_36m,abs,36,157,0.005535,0.089553,-0.065146,-1.094766,0.631095,0.089554
pb_roe_adj,ep_z60,rel_36m,rel,36,157,0.035338,0.371643,-0.057135,-0.675416,0.631095,0.027894
bp,roe_gap,abs_1m,abs,1,216,0.001104,0.277753,-0.000401,-0.083903,-0.148668,0.000366
bp,roe_gap,rel_1m,rel,1,216,0.000092,0.022236,-0.005437,-1.192807,-0.148668,0.008728
bp,roe_gap,abs_3m,abs,3,214,0.001703,0.169895,-0.007717,-0.737307,-0.142408,0.007313
bp,roe_gap,rel_3m,rel,3,214,0.000487,0.046988,-0.015293,-1.396955,-0.142408,0.025101
bp,roe_gap,abs_6m,abs,6,211,0.001988,0.107693,-0.028090,-1.885209,-0.134349,0.051516
bp,roe_gap,rel_6m,rel,6,211,0.000925,0.050113,-0.032002,-1.622818,-0.134349,0.062555
bp,roe_gap,abs_12m,abs,12,205,-0.003556,-0.113811,-0.067643,-2.582471,-0.109486,0.173526
bp,roe_gap,rel_12m,rel,12,205,-0.000211,-0.006846,-0.059024,-2.007079,-0.109486,0.102825
bp,roe_gap,abs_24m,abs,24,193,-0.031192,-0.873599,-0.080752,-2.720008,0.059494,0.220518
bp,roe_gap,rel_24m,rel,24,193,-0.016919,-0.332217,-0.039450,-1.040566,0.059494,0.040669
bp,roe_gap,abs_36m,abs,36,181,-0.050815,-1.266978,0.006152,0.261607,0.138787,0.055490
bp,roe_gap,rel_36m,rel,36,181,-0.043736,-0.712181,0.048474,1.422525,0.138787,0.053263
ep,roe_gap,abs_1m,abs,1,216,-0.000570,-0.071070,-0.000109,-0.012967,0.799969,0.000106
ep,roe_gap,rel_1m,rel,1,216,0.003255,0.462234,-0.008055,-1.056309,0.799969,0.009846
ep,roe_gap,abs_3m,abs,3,214,-0.002165,-0.136267,-0.006233,-0.353056,0.797589,0.007187
ep,roe_gap,rel_3m,rel,3,214,0.013862,0.788268,-0.026418,-1.351195,0.797589,0.032505
ep,roe_gap,abs_6m,abs,6,211,-0.008466,-0.300370,-0.021651,-0.712526,0.792187,0.052971
ep,roe_gap,rel_6m,rel,6,211,0.024950,0.779195,-0.051892,-1.491822,0.792187,0.076545
ep,roe_gap,abs_12m,abs,12,205,0.005765,0.123263,-0.071791,-1.453430,0.787066,0.173532
ep,roe_gap,rel_12m,rel,12,205,0.053812,0.989513,-0.101354,-1.897037,0.787066,0.135370
ep,roe_gap,abs_24m,abs,24,193,0.019197,0.362064,-0.099001,-1.506139,0.853904,0.195911
ep,roe_gap,rel_24m,rel,24,193,0.106502,1.233041,-0.131399,-1.607829,0.853904,0.099640
ep,roe_gap,abs_36m,abs,36,181,0.016563,0.167063,-0.015816,-0.163854,0.900593,0.001153
ep,roe_gap,rel_36m,rel,36,181,0.058401,0.385109,-0.010192,-0.076865,0.900593,0.035409
