date,period,bvps,ttm_eps,roe,price,pb,pe,bp,ep,bp_z60,ep_z60,pb_roe_adj,abs_6m,rel_6m,abs_12m,rel_12m,abs_24m,rel_24m,abs_36m,rel_36m
2004-08-31,,,,,,,,,,,,,0.082199,-0.028940,0.179254,0.053175,0.166273,-0.049618,0.094110,-0.273547
2004-09-30,2004-08-31,6.940000,,,20.807500,2.998199,,-1.098012,,,,,0.068698,-0.004443,0.231433,0.089839,0.167421,-0.071995,0.017060,-0.379557
2004-10-29,2004-09-30,7.062500,,,23.387500,3.311504,,-1.197403,,,,,-0.024015,-0.058128,0.217659,0.126479,0.027449,-0.225233,-0.152179,-0.534687
2004-11-30,2004-10-31,6.017500,,,22.957500,3.815123,,-1.338973,,,,,0.037329,0.013054,0.279436,0.176392,0.000359,-0.224245,-0.134709,-0.430080
2004-12-31,2004-11-30,6.117500,,,21.210000,3.467103,,-1.243319,,,,,0.164249,0.168930,0.320720,0.259650,0.135205,-0.071643,-0.026932,-0.290975
2005-01-31,2004-12-31,6.432500,,,20.635000,3.207928,,-1.165625,,,,,0.189429,0.111360,0.242539,0.110430,0.129528,-0.118020,-0.023968,-0.218985
2005-02-28,2005-01-31,6.545000,,,21.910000,3.347594,,-1.208242,,,,,0.097055,0.082116,0.210551,0.108911,0.063150,-0.176675,-0.055434,-0.236206
2005-03-31,2005-01-31,6.545000,,,22.272500,3.402979,,-1.224651,,,,,0.162735,0.094281,0.158383,0.014261,-0.018365,-0.267300,-0.239669,-0.424706
2005-04-29,2005-01-31,6.545000,,,22.817500,3.486249,,-1.248826,,,,,0.241675,0.184607,0.174347,0.003759,0.012733,-0.301446,-0.108620,-0.371978
2005-05-31,2005-04-30,6.797500,,,23.815000,3.503494,,-1.253761,,,,,0.242106,0.163339,0.132204,0.028671,-0.044029,-0.330970,-0.077990,-0.311866
2005-06-30,2005-05-31,6.967500,,,24.980000,3.585217,,-1.276819,,,,,0.156471,0.090721,0.029910,-0.068055,-0.041090,-0.324008,-0.162610,-0.313439
2005-07-29,2005-06-30,7.070000,,,24.922500,3.525106,,-1.259911,,,,,0.053110,-0.000930,-0.015992,-0.065536,-0.172735,-0.371452,-0.173317,-0.259238
2005-08-31,2005-07-31,7.200000,1.965000,,24.127500,3.351042,12.278626,-1.209271,0.081442,,,,0.113496,0.026796,-0.012981,-0.102793,-0.085144,-0.326722,-0.173915,-0.310993
2005-09-30,2005-08-31,7.300000,1.922500,0.270014,26.192500,3.588014,13.624187,-1.277599,0.073399,,,,-0.007041,-0.082170,-0.064011,-0.161834,-0.214372,-0.469396,-0.318897,-0.376402
2005-10-31,2005-09-30,7.370000,1.915000,0.265373,29.037500,3.939959,15.163185,-1.371170,0.065949,,,,-0.067328,-0.180848,-0.190210,-0.351712,-0.369839,-0.661166,-0.617445,-0.469236
2005-11-30,2005-10-31,7.372500,1.845000,0.275579,30.320000,4.112581,16.433604,-1.414051,0.060851,,,,-0.109902,-0.134668,-0.279077,-0.400638,-0.414144,-0.606472,-0.609441,-0.315170
2005-12-30,2005-11-30,7.572500,1.835000,0.268079,29.195000,3.855398,15.910082,-1.349474,0.062853,,,,-0.126560,-0.158776,-0.185515,-0.331293,-0.347651,-0.550625,-0.635791,-0.339392
2006-01-31,2005-12-31,7.740000,1.767500,0.249427,26.267500,3.393734,14.861386,-1.221931,0.067288,,,,-0.069102,-0.064606,-0.113011,-0.228451,-0.266507,-0.329416,-0.678262,-0.294627
2006-02-28,2006-01-31,7.902500,1.777500,0.246063,27.012500,3.418222,15.196906,-1.229121,0.065803,,,,-0.126477,-0.129589,-0.147401,-0.285587,-0.265985,-0.345118,-0.755143,-0.254989
2006-03-31,2006-02-28,8.025000,1.780000,0.243128,26.065000,3.247975,14.643258,-1.178032,0.068291,,,,-0.059660,-0.081813,-0.176748,-0.281561,-0.398053,-0.438966,-0.570647,-0.163923
2006-04-28,2006-03-31,8.060000,1.810000,0.245299,27.132500,3.366315,14.990331,-1.213819,0.066710,,,,-0.122883,-0.170864,-0.161615,-0.305205,-0.282967,-0.375737,-0.470021,-0.120146
2006-05-31,2006-04-30,8.215000,1.827500,0.243464,27.150000,3.304930,14.856361,-1.195415,0.067311,,,,-0.169174,-0.265970,-0.176233,-0.359641,-0.210194,-0.340537,-0.428241,-0.168782
2006-06-30,2006-05-31,8.240000,1.827500,0.240342,25.710000,3.120146,14.068399,-1.137880,0.071081,,,,-0.058954,-0.172517,-0.071000,-0.255953,-0.192521,-0.245384,-0.443318,-0.189771
2006-07-31,2006-06-30,8.280000,1.825000,0.237785,24.500000,2.958937,13.424658,-1.084830,0.074490,,,,-0.043909,-0.163845,-0.156743,-0.305916,-0.157325,-0.193703,-0.360501,-0.185401
2006-08-31,2006-07-31,8.490000,1.832500,0.233588,23.790000,2.802120,12.982265,-1.030376,0.077028,,,,-0.020924,-0.155998,-0.072163,-0.223929,-0.160934,-0.208200,-0.265272,-0.123321
2006-09-29,2006-08-31,8.660000,1.920000,0.240602,24.540000,2.833718,12.781250,-1.041590,0.078240,,,,-0.103885,-0.196613,-0.150361,-0.307562,-0.254886,-0.214568,-0.316087,-0.159520
2006-10-31,2006-09-30,8.810000,1.967500,0.243201,23.980000,2.721907,12.188056,-1.001333,0.082048,,,,-0.038732,-0.134341,-0.179628,-0.309454,-0.427235,-0.117524,-0.312805,-0.107378
2006-11-30,2006-10-31,8.980000,2.040000,0.249503,22.910000,2.551225,11.230392,-0.936574,0.089044,,,,-0.007059,-0.093671,-0.135068,-0.205835,-0.330365,0.085467,-0.229743,-0.054554
2006-12-29,2006-11-30,9.120000,2.112500,0.253108,24.220000,2.655702,11.465089,-0.976709,0.087221,,,,-0.012046,-0.083436,-0.162137,-0.219332,-0.450276,-0.008099,-0.203705,-0.058530
2007-01-31,2006-12-31,9.150000,2.145000,0.253996,23.430000,2.560656,10.923077,-0.940263,0.091549,,,,-0.112834,-0.142071,-0.153496,-0.100965,-0.565251,-0.066176,-0.244878,-0.047368
2007-02-28,2007-01-31,9.290000,2.137500,0.248655,23.280000,2.505920,10.891228,-0.918656,0.091817,,,,-0.016894,-0.037886,-0.118584,-0.059531,-0.607742,0.030597,-0.204655,-0.012913
2007-03-30,2007-02-28,9.420000,2.105000,0.241330,21.820000,2.316348,10.365796,-0.839992,0.096471,,,,-0.033273,-0.107814,-0.221304,-0.157405,-0.393899,0.117637,-0.023336,0.089633
2007-04-30,2007-03-31,9.410000,2.085000,0.238695,23.060000,2.450584,11.059952,-0.896327,0.090416,,,,-0.140897,-0.175114,-0.121353,-0.070532,-0.308407,0.185059,-0.036936,0.099386
2007-05-31,2007-04-30,9.570000,2.070000,0.232780,22.740000,2.376176,10.985507,-0.865492,0.091029,,,,-0.128009,-0.112164,-0.033961,0.019104,-0.252008,0.190859,-0.048165,0.183848
2007-06-29,2007-05-31,9.650000,2.020000,0.225824,23.930000,2.479793,11.846535,-0.908175,0.084413,,,,-0.150091,-0.135896,-0.121520,0.010569,-0.372318,0.066182,-0.104290,0.138078
2007-07-31,2007-06-30,9.600000,1.960000,0.219239,20.930000,2.180208,10.678571,-0.779420,0.093645,,,,-0.040662,0.041106,-0.000582,0.112213,-0.203759,0.120515,0.037326,0.221242
2007-08-31,2007-07-31,7.550000,1.940000,0.241895,20.340000,2.694040,10.484536,-0.991042,0.095379,0.808410,,,-0.096379,-0.009625,-0.088771,0.015729,-0.193109,0.100608,-0.004694,0.228538
2007-09-28,2007-07-31,7.550000,1.940000,0.241895,19.410000,2.570861,10.005155,-0.944241,0.099948,1.057725,,,-0.188032,-0.049591,-0.104525,0.092994,-0.165726,0.148042,0.111971,0.304496
2007-10-31,2007-09-30,7.650000,1.860000,0.226002,18.420000,2.407843,9.903226,-0.878731,0.100977,1.392508,,,0.019544,0.104582,-0.247607,0.191930,-0.133177,0.202076,0.155851,0.319443
2007-11-30,2007-10-31,7.630000,1.800000,0.216737,18.400000,2.411533,10.222222,-0.880263,0.097826,1.332902,,,0.094048,0.131268,-0.195297,0.291302,-0.094675,0.151281,0.132540,0.246886
2007-12-31,2007-11-30,7.470000,1.760000,0.212176,18.940000,2.535475,10.761364,-0.930381,0.092925,1.013362,,,0.028570,0.146466,-0.288140,0.211233,-0.043789,0.169344,0.111696,0.164386
2008-01-31,2007-12-31,7.260000,1.670000,0.203534,18.340000,2.526171,10.982036,-0.926705,0.091058,1.009024,,,0.040080,0.071107,-0.411755,0.034789,-0.091383,0.053597,0.145689,0.080151
2008-02-29,2008-01-31,7.380000,1.660000,0.199160,18.330000,2.483740,11.042169,-0.909765,0.090562,1.078889,,,0.007609,0.025354,-0.460124,0.108154,-0.057036,0.064644,0.184652,0.092254
2008-03-31,2008-02-29,7.150000,1.600000,0.193120,15.960000,2.232168,9.975000,-0.802973,0.100251,1.626067,,,0.083507,0.142585,-0.172595,0.275043,0.197969,0.247039,0.344414,0.240907
2008-04-30,2008-03-31,7.010000,1.530000,0.186358,18.640000,2.659058,12.183007,-0.977972,0.082082,0.618916,,,-0.418968,0.043294,-0.187054,0.255591,0.084417,0.169918,0.239189,0.156056
2008-05-30,2008-04-30,7.250000,1.500000,0.178359,20.060000,2.766897,13.373333,-1.017726,0.074776,0.385794,,,-0.289345,0.160034,-0.218047,0.171755,-0.014204,0.164744,0.149226,0.098874
2008-06-30,2008-05-31,7.410000,1.510000,0.177022,19.340000,2.609987,12.807947,-0.959345,0.078077,0.712308,,,-0.316710,0.064768,-0.250797,0.055613,0.017231,0.127509,0.137359,0.051602
2008-07-31,2008-06-30,7.120000,1.460000,0.174641,19.090000,2.681180,13.075342,-0.986257,0.076480,0.547823,-0.474626,,-0.451835,-0.036318,-0.203177,0.008302,0.037908,0.109028,0.106625,-0.013773
2008-08-29,2008-07-31,6.850000,1.410000,0.195833,18.470000,2.696350,13.099291,-0.991899,0.076340,0.507984,-0.478254,,-0.467732,0.082800,-0.104338,0.084879,0.084077,0.212809,0.063656,0.067365
2008-09-30,2008-08-31,6.970000,1.100000,0.151203,17.350000,2.489240,15.772727,-0.911977,0.063401,0.961626,-1.497014,,-0.256101,0.132458,-0.061201,0.055048,0.216495,0.211502,0.099543,0.089242
2008-10-31,2008-09-30,6.310000,0.000000,0.000000,14.270000,2.261490,,-0.816024,0.000000,1.479942,-4.487690,,0.080097,0.168243,0.114429,0.010146,0.403458,0.127513,0.386902,0.009261
2008-11-28,2008-10-31,5.930000,0.110000,0.016224,15.020000,2.532884,136.545455,-0.929358,0.007324,0.804110,-3.369994,,0.060703,0.038509,0.100622,-0.140021,0.327837,-0.044416,0.233566,-0.124026
2008-12-31,2008-11-30,5.860000,0.180000,0.027007,14.090000,2.404437,78.277778,-0.877316,0.012775,1.085883,-2.756388,,0.065913,-0.009155,0.244351,-0.041889,0.399835,-0.046847,0.401649,-0.054752
2009-01-30,2008-12-31,6.230000,-0.100000,-0.014826,12.150000,1.950241,,-0.667953,-0.008230,2.180793,-3.147453,,0.253781,0.059012,0.320373,0.018808,0.557444,0.045362,0.615222,0.053300
2009-02-27,2009-01-31,6.280000,-0.130000,-0.019034,11.570000,1.842357,,-0.611046,-0.011236,2.343814,-2.880584,,0.375341,0.019213,0.403087,-0.043510,0.644776,-0.015900,0.711923,-0.000935
2009-03-31,2009-02-28,6.100000,-0.010000,-0.001509,13.430000,2.201639,,-0.789202,-0.000745,1.349995,-2.324193,,0.194900,-0.077410,0.370563,-0.028004,0.517009,-0.034136,0.641346,0.007808
2009-04-30,2009-03-31,6.320000,-0.110000,-0.016504,15.460000,2.446203,,-0.894537,-0.007115,0.777100,-2.339828,,0.034333,-0.158096,0.271471,-0.085673,0.426242,-0.099535,0.425809,-0.140117
2009-05-29,2009-04-30,6.700000,-0.100000,-0.014337,16.130000,2.407463,,-0.878573,-0.006200,0.849421,-2.162050,,0.029324,-0.151742,0.203843,-0.007011,0.367273,-0.072881,0.388022,-0.050672
2009-06-30,2009-05-31,7.060000,-0.140000,-0.019350,15.050000,2.131728,,-0.756933,-0.009302,1.460407,-2.116215,,0.180659,-0.041276,0.268028,0.071896,0.388156,-0.004011,0.420563,-0.050708
2009-07-31,2009-06-30,7.240000,-0.060000,-0.008357,15.580000,2.151934,,-0.766367,-0.003851,1.375160,-1.866802,,0.071714,-0.025812,0.241085,0.100727,0.309802,-0.022075,0.334230,-0.074938
2009-08-31,2009-07-31,7.620000,-0.010000,-0.001382,16.640000,2.183727,,-0.781033,-0.000601,1.269285,-1.704316,,0.039693,-0.045590,0.188415,0.127930,0.167994,-0.017514,0.255689,-0.127558
2009-09-30,2009-08-31,7.820000,0.270000,0.036511,16.320000,2.086957,60.444444,-0.735707,0.016544,1.449877,-1.211375,,0.175663,0.049406,0.277697,0.156454,0.160744,0.034194,0.335220,-0.054935
2009-10-30,2009-09-30,8.130000,1.370000,0.189751,16.000000,1.968020,11.678832,-0.677028,0.085625,1.677705,0.630752,,0.237138,0.072423,0.289029,0.117367,0.272473,-0.000885,0.440023,0.055130
2009-11-30,2009-10-31,8.340000,1.310000,0.183602,16.610000,1.991607,12.679389,-0.688942,0.078868,1.567351,0.443499,,0.174519,0.144731,0.227215,0.095605,0.132944,0.015994,0.385290,0.044945
2009-12-31,2009-11-30,8.560000,1.220000,0.169209,17.990000,2.101636,14.745902,-0.742716,0.067815,1.252082,0.141844,,0.089590,0.104630,0.155485,-0.004958,0.157298,-0.012863,0.286476,-0.018100
2010-01-29,2009-12-31,8.550000,1.580000,0.213802,16.580000,1.939181,10.493671,-0.662266,0.095296,1.592722,0.880783,,0.181014,0.138003,0.237071,0.026554,0.294850,0.034492,0.452957,0.038054
2010-02-26,2010-01-31,8.770000,1.540000,0.204651,17.150000,1.955530,11.136364,-0.670661,0.089796,1.493458,0.719551,,0.125849,0.144963,0.241688,0.027610,0.308836,0.042576,0.507492,0.116143
2010-03-31,2010-02-28,9.010000,1.500000,0.198544,19.270000,2.138735,12.846667,-0.760214,0.077841,1.016425,0.385560,,0.102034,0.107048,0.146445,-0.006132,0.270783,0.035812,0.412946,0.042444
2010-04-30,2010-03-31,9.260000,1.680000,0.215661,20.090000,2.169546,11.958333,-0.774518,0.083624,0.915294,0.540278,,0.051890,0.044944,0.154771,-0.013862,0.154338,-0.054443,0.368102,0.016019
2010-05-31,2010-04-30,9.520000,1.680000,0.207152,19.590000,2.057773,11.660714,-0.721624,0.085758,1.145871,0.593065,,0.052696,-0.049126,0.163430,-0.065870,0.184179,-0.043661,0.405144,-0.062596
2010-06-30,2010-05-31,9.370000,1.670000,0.203287,19.490000,2.080043,11.670659,-0.732388,0.085685,1.060891,0.584307,,0.059837,-0.114258,0.120128,-0.075906,0.152535,-0.122604,0.407512,-0.059770
2010-07-30,2010-06-30,9.440000,1.640000,0.196643,19.640000,2.080508,11.975610,-0.732612,0.083503,1.029740,0.517020,,0.067700,-0.099984,0.068717,-0.122802,0.093145,-0.175664,0.422405,-0.080552
2010-08-31,2010-07-31,9.780000,1.640000,0.188506,19.900000,2.034765,12.134146,-0.710380,0.082412,1.111142,0.485361,0.222913,0.092967,-0.145910,-0.020421,-0.145445,0.067274,-0.255488,0.372829,-0.131783
2010-09-30,2010-08-31,9.860000,1.660000,0.187783,21.340000,2.164300,12.855422,-0.772097,0.077788,0.761793,0.351319,0.157797,0.044412,-0.113180,-0.116952,-0.122260,0.057523,-0.211389,0.388913,-0.080140
2010-10-29,2010-09-30,10.120000,1.640000,0.179726,21.160000,2.090909,12.902439,-0.737599,0.077505,0.935009,0.337433,0.181169,0.102881,-0.058805,-0.016556,-0.118252,0.150994,-0.062237,0.365021,-0.107304
2010-11-30,2010-10-31,9.310000,1.600000,0.181303,20.650000,2.218045,12.906250,-0.796626,0.077482,0.584575,0.328643,0.121768,0.110734,-0.016744,-0.094271,-0.079611,0.158075,-0.050659,0.443863,-0.039307
2010-12-31,2010-11-30,9.380000,1.650000,0.183946,19.870000,2.118337,12.042424,-0.750631,0.083040,0.859335,0.476158,0.167757,0.054233,0.033681,0.001813,-0.007906,0.130991,-0.013142,0.404507,-0.042002
2011-01-31,2010-12-31,9.130000,1.640000,0.185520,19.660000,2.153341,11.987805,-0.767020,0.083418,0.731306,0.478323,0.150582,0.001017,-0.022817,0.057778,0.007938,0.215885,0.011500,0.282015,-0.122492
2011-02-28,2011-01-31,9.310000,1.700000,0.188053,20.430000,2.194415,12.017647,-0.785915,0.083211,0.581019,0.463385,0.132173,-0.113387,0.000465,0.067148,0.014965,0.265803,0.088533,0.295986,-0.118655
2011-03-31,2011-02-28,9.510000,1.730000,0.186825,20.870000,2.194532,12.063584,-0.785969,0.082894,0.556680,0.446787,0.128913,-0.161364,-0.009080,0.124337,0.041944,0.266500,0.048576,0.253633,-0.159101
2011-04-29,2011-03-31,9.640000,1.750000,0.185185,21.940000,2.275934,12.537143,-0.822390,0.079763,0.252652,0.351930,0.089505,-0.119437,-0.059447,-0.000433,-0.040582,0.213331,0.029880,0.195680,-0.176366
2011-05-31,2011-04-30,9.910000,1.760000,0.181163,21.580000,2.177598,12.261364,-0.778223,0.081557,0.583628,0.395268,0.127771,-0.205005,-0.062867,0.020749,0.022209,0.241714,0.003274,0.263034,-0.161357
2011-06-30,2011-05-31,9.970000,1.810000,0.187177,20.560000,2.062187,11.359116,-0.723767,0.088035,1.031003,0.568109,0.185514,-0.052420,-0.041587,0.032407,-0.046697,0.287384,0.016136,0.320601,-0.176554
2011-07-29,2011-06-30,9.880000,1.800000,0.186335,19.680000,1.991903,10.933333,-0.689090,0.091463,1.313871,0.654178,0.216236,0.056762,0.030756,0.024429,-0.052863,0.353689,0.042250,0.321062,-0.163067
2011-08-31,2011-07-31,9.910000,1.710000,0.173692,18.240000,1.840565,10.666667,-0.610073,0.093750,1.955898,0.707658,0.278774,0.180535,0.014500,0.087695,-0.110044,0.393250,0.013661,0.430784,-0.170541
2011-09-30,2011-08-31,9.650000,1.650000,0.169144,17.760000,1.840415,10.763636,-0.609991,0.092905,1.894604,0.675084,0.270534,0.285701,0.051024,0.174476,-0.089129,0.505865,0.042120,0.474886,-0.152939
2011-10-31,2011-09-30,9.370000,1.640000,0.168291,19.470000,2.077908,11.871951,-0.731362,0.084232,0.771405,0.432971,0.146281,0.119003,0.018865,0.167550,0.056015,0.381576,0.010948,0.419594,-0.095529
2011-11-30,2011-10-31,9.630000,1.610000,0.170011,17.580000,1.825545,10.919255,-0.601879,0.091581,1.873673,0.635399,0.273754,0.225754,0.085076,0.252346,0.028951,0.538135,0.040304,0.552651,-0.090565
2011-12-30,2011-11-30,9.710000,1.650000,0.172865,19.510000,2.009269,11.824242,-0.697771,0.084572,0.978010,0.442406,0.178348,0.084827,-0.005110,0.129178,-0.005236,0.402694,-0.034097,0.440006,-0.131544
2012-01-31,2011-12-31,9.470000,1.610000,0.173118,20.430000,2.157339,12.689441,-0.768876,0.078806,0.306763,0.289016,0.106098,-0.032333,-0.083618,0.158107,0.003562,0.224236,-0.130431,0.334533,-0.142641
2012-02-29,2012-01-31,9.780000,1.560000,0.163436,21.430000,2.191207,13.737179,-0.784452,0.072795,0.143544,0.130970,0.079691,-0.081132,-0.113390,0.198656,0.073567,0.228839,-0.133621,0.339463,-0.153818
2012-03-30,2012-02-29,10.060000,1.560000,0.159428,23.180000,2.304175,14.858974,-0.834723,0.067299,-0.326617,-0.009037,0.025033,-0.111226,-0.140153,0.142163,0.006632,0.129296,-0.201045,0.275123,-0.175496
2012-04-30,2012-03-31,10.230000,1.480000,0.148968,21.510000,2.102639,14.533784,-0.743193,0.068805,0.506625,0.043533,0.104500,0.048547,0.037150,0.213764,0.070462,0.196113,-0.135785,0.343586,-0.135783
2012-05-31,2012-04-30,10.330000,1.400000,0.138340,21.610000,2.091965,15.435714,-0.738104,0.064785,0.535034,-0.057693,0.097287,0.026591,-0.056124,0.220965,-0.018935,0.242285,-0.183566,0.356660,-0.180833
2012-06-29,2012-05-31,10.220000,1.350000,0.133730,20.830000,2.038160,15.429630,-0.712048,0.064810,0.752758,-0.047825,0.116775,0.044350,-0.000126,0.254977,0.062833,0.288194,-0.129857,0.428639,-0.077126
2012-07-31,2012-06-30,10.320000,1.290000,0.127723,19.780000,1.916667,15.333333,-0.650588,0.065217,1.293688,-0.022964,0.169219,0.190440,0.087180,0.329260,0.095112,0.296634,-0.110204,0.554521,0.065551
2012-08-31,2012-07-31,10.490000,1.310000,0.128431,19.530000,1.861773,14.908397,-0.621529,0.067076,1.523083,0.043733,0.195850,0.291496,0.198111,0.305555,0.123705,0.343090,-0.060497,0.552376,0.138894
2012-09-28,2012-08-31,10.630000,1.510000,0.148915,20.740000,1.951082,13.735099,-0.668384,0.072806,1.050196,0.222808,0.168623,0.253389,0.146785,0.331390,0.131249,0.300410,-0.063809,0.512686,0.151974
2012-10-31,2012-09-30,10.840000,1.520000,0.150421,22.580000,2.083026,14.855263,-0.733822,0.067316,0.407980,0.081068,0.103474,0.165218,0.033312,0.214027,-0.045067,0.252044,-0.151544,0.504840,0.058187
2012-11-30,2012-10-31,9.930000,1.560000,0.159509,21.250000,2.139980,13.621795,-0.760796,0.073412,0.132058,0.272858,0.085283,0.206849,0.039982,0.285789,0.011352,0.300305,-0.119516,0.459568,0.010909
2012-12-31,2012-11-30,10.080000,1.480000,0.149570,20.850000,2.068452,14.087838,-0.726801,0.070983,0.435077,0.213449,0.107176,0.210627,0.062959,0.273516,-0.028861,0.310828,-0.126307,0.500187,0.072329
2013-01-31,2012-12-31,9.940000,1.510000,0.155590,22.630000,2.276660,14.986755,-0.822709,0.066726,-0.533554,0.100089,0.017597,0.138820,0.007932,0.066129,-0.133992,0.176426,-0.146203,0.388373,0.093477
2013-02-28,2013-01-31,10.210000,1.610000,0.161081,24.720000,2.421156,15.354037,-0.884245,0.065129,-1.159694,0.065598,-0.037536,0.030674,-0.077763,0.030183,-0.207188,0.140807,-0.227386,0.355211,0.062682
2013-03-29,2013-02-28,10.390000,1.600000,0.156479,25.270000,2.432146,15.793750,-0.888774,0.063316,-1.177731,0.030106,-0.046522,0.078001,-0.015536,-0.012867,-0.207677,0.132960,-0.182129,0.413943,0.112975
2013-04-30,2013-03-31,10.590000,1.590000,0.152738,25.190000,2.378659,15.842767,-0.866537,0.063120,-1.004117,0.033841,-0.028014,0.048809,-0.078379,-0.017651,-0.206247,0.129822,-0.206245,0.351522,0.036104
2013-05-31,2013-04-30,10.850000,1.720000,0.162417,25.490000,2.349309,14.819767,-0.854121,0.067477,-0.952870,0.169834,-0.005052,0.091415,-0.025837,0.021320,-0.164631,0.135695,-0.161898,0.359425,0.059892
2013-06-28,2013-05-31,10.980000,1.840000,0.173585,25.420000,2.315118,13.815217,-0.839461,0.072384,-0.843577,0.322038,0.021480,0.062890,-0.091820,0.033217,-0.192690,0.173662,-0.139959,0.313806,0.027117
2013-07-31,2013-06-30,10.870000,1.930000,0.182161,26.000000,2.391904,13.471503,-0.872090,0.074231,-1.280806,0.379488,-0.001836,-0.072691,-0.141924,-0.032626,-0.205317,0.225261,-0.029561,0.317108,0.019127
2013-08-30,2013-07-31,11.150000,2.000000,0.184843,25.070000,2.248430,12.535000,-0.810232,0.079777,-0.635441,0.545898,0.062256,0.016124,-0.132782,0.037534,-0.184202,0.246821,0.015189,0.345192,0.013981
2013-09-30,2013-08-31,11.070000,1.880000,0.173272,27.320000,2.467931,14.531915,-0.903380,0.068814,-1.795229,0.210039,-0.042968,-0.090868,-0.192141,-0.030980,-0.195059,0.181296,0.020724,0.236025,-0.055331
2013-10-31,2013-09-30,11.320000,1.850000,0.166968,26.450000,2.336572,14.297297,-0.848685,0.069943,-1.102873,0.215514,0.004854,-0.066460,-0.127867,0.038017,-0.106476,0.290813,0.103254,0.267117,0.038742
2013-11-29,2013-10-31,11.680000,1.910000,0.176770,27.930000,2.391267,14.623037,-0.871823,0.068385,-1.430457,0.138493,-0.007597,-0.067303,-0.124995,0.014516,-0.130869,0.173780,-0.000443,0.274007,0.017925
2013-12-31,2013-11-30,11.850000,1.940000,0.176927,27.070000,2.284388,13.953608,-0.826098,0.071666,-0.876478,0.217563,0.037914,-0.029673,-0.100871,0.037312,-0.097447,0.226671,0.101190,0.364763,0.118739
2014-01-31,2013-12-31,10.390000,1.930000,0.189867,23.240000,2.236766,12.041451,-0.805031,0.083046,-0.583261,0.570295,0.072224,0.040064,-0.063392,0.110297,-0.012211,0.322244,0.227469,0.545837,0.247247
2014-02-28,2014-01-31,10.510000,1.970000,0.190154,24.490000,2.330162,12.431472,-0.845938,0.080441,-1.083511,0.455845,0.031301,0.012175,-0.052245,0.110624,-0.020197,0.325028,0.269870,0.538461,0.255571
2014-03-31,2014-02-28,10.720000,1.880000,0.178115,23.980000,2.236940,12.755319,-0.805109,0.078399,-0.541620,0.351421,0.058564,0.059888,-0.002918,0.145827,0.025548,0.426810,0.320652,0.562829,0.276107
2014-04-30,2014-03-31,10.860000,1.960000,0.182751,23.790000,2.190608,12.137755,-0.784179,0.082388,-0.298112,0.487776,0.083667,0.083819,0.028711,0.147472,0.000002,0.369173,0.242351,0.584472,0.287484
2014-05-30,2014-04-30,11.130000,1.990000,0.181074,25.030000,2.248877,12.577889,-0.810431,0.079505,-0.679314,0.336913,0.055074,0.084611,0.007925,0.114375,0.002733,0.338105,0.224522,0.596595,0.318508
2014-06-30,2014-05-31,11.380000,1.950000,0.174419,25.260000,2.219684,12.953846,-0.797365,0.077197,-0.489743,0.185697,0.060403,0.066985,0.003424,0.140446,0.052731,0.280589,0.219808,0.628894,0.368793
2014-07-31,2014-06-30,11.480000,1.920000,0.171812,24.190000,2.107143,12.598958,-0.745333,0.079372,0.217998,0.274918,0.108605,0.070232,0.051182,0.257887,0.175755,0.349734,0.224443,0.740761,0.465502
2014-08-29,2014-07-31,11.520000,1.950000,0.172034,25.020000,2.171875,12.830769,-0.775591,0.077938,-0.197558,0.125377,0.077857,0.089213,0.031223,0.209287,0.199391,0.307658,0.198183,0.731707,0.485235
2014-09-30,2014-08-31,11.770000,1.970000,0.172504,25.460000,2.163127,12.923858,-0.771555,0.077376,-0.134221,-0.014940,0.081644,0.085938,0.028466,0.212276,0.215783,0.267005,0.139728,0.714687,0.416488
2014-10-31,2014-09-30,11.770000,2.030000,0.175834,26.410000,2.243840,13.009852,-0.808189,0.076865,-0.611599,-0.058595,0.048153,0.042995,-0.021389,0.252796,0.209730,0.229100,0.145218,0.687917,0.386506
2014-11-28,2014-10-31,12.010000,2.010000,0.169692,27.240000,2.268110,13.552239,-0.818947,0.073789,-0.733804,-0.414476,0.030504,0.027567,-0.016405,0.159264,0.130426,0.259491,0.148794,0.715551,0.427619
2014-12-31,2014-11-30,12.210000,1.990000,0.165420,27.010000,2.212121,13.572864,-0.793952,0.073676,-0.374663,-0.443561,0.050438,0.073461,0.049307,0.189359,0.198637,0.327451,0.216186,0.806725,0.503106
2015-01-30,2014-12-31,11.790000,2.160000,0.194770,25.950000,2.201018,12.013889,-0.788920,0.083237,-0.280450,0.756019,0.086256,0.187982,0.136731,0.211947,0.239679,0.435540,0.259458,0.819949,0.408166
2015-02-27,2015-01-31,11.890000,2.050000,0.183036,26.650000,2.241379,13.000000,-0.807091,0.076923,-0.512656,-0.003962,0.054984,0.117074,0.172479,0.214404,0.290067,0.427837,0.275769,0.838729,0.524492
2015-03-31,2015-02-28,12.100000,2.120000,0.185802,27.030000,2.233884,12.750000,-0.803742,0.078431,-0.453494,0.186803,0.060753,0.126338,0.187317,0.280983,0.295104,0.417002,0.250558,0.878866,0.582512
2015-04-30,2015-03-31,12.260000,2.130000,0.184256,26.860000,2.190865,12.610329,-0.784296,0.079300,-0.172601,0.308233,0.077849,0.209801,0.231119,0.221700,0.242349,0.437000,0.287482,0.885996,0.605352
2015-05-29,2015-04-30,12.500000,2.190000,0.185358,27.340000,2.187200,12.484018,-0.782622,0.080102,-0.134663,0.427098,0.079994,0.129500,0.135617,0.223730,0.221789,0.482219,0.315775,0.890501,0.581397
2015-06-30,2015-04-30,12.500000,2.190000,0.185358,28.320000,2.265600,12.931507,-0.817840,0.077331,-0.620475,0.087853,0.044386,0.122168,0.146722,0.140143,0.167077,0.488448,0.316062,0.802596,0.492011
2015-07-31,2015-04-30,12.500000,2.190000,0.185358,30.500000,2.440000,13.926941,-0.891998,0.071803,-1.616058,-0.611473,-0.029515,0.024293,0.115106,0.091847,0.048688,0.482874,0.289747,0.740537,0.394850
2015-08-31,2015-07-31,12.790000,2.240000,0.184286,30.050000,2.349492,13.415179,-0.854199,0.074542,-1.047612,-0.235983,0.007078,0.094331,0.121899,0.098371,-0.001208,0.522420,0.285844,0.875797,0.441914
2015-09-30,2015-08-31,12.690000,2.270000,0.185609,30.670000,2.416864,13.511013,-0.882471,0.074014,-1.395595,-0.297267,-0.019612,0.154646,0.107787,0.054729,-0.076055,0.502411,0.200705,0.906046,0.442019
2015-10-30,2015-09-30,12.760000,2.230000,0.181818,33.130000,2.596395,14.856502,-0.954124,0.067311,-2.240570,-1.145333,-0.094526,0.011899,0.011229,-0.023696,-0.064512,0.435121,0.176776,0.786773,0.487247
2015-11-30,2015-10-31,13.160000,2.220000,0.176400,31.120000,2.364742,14.018018,-0.860669,0.071337,-0.978964,-0.605561,-0.006812,0.094230,0.086172,0.100227,0.018368,0.556287,0.297193,0.822276,0.492746
2015-12-31,2015-11-30,13.280000,2.240000,0.175755,31.800000,2.394578,14.196429,-0.873207,0.070440,-1.107265,-0.696900,-0.019879,0.024245,0.017747,0.138092,0.017549,0.617367,0.304469,0.695116,0.445537
2016-01-29,2015-12-31,12.490000,2.170000,0.178748,31.250000,2.502002,14.400922,-0.917091,0.069440,-1.610727,-0.799351,-0.060074,0.067554,-0.066417,0.223593,0.019778,0.608001,0.168486,0.803061,0.418124
2016-02-29,2016-01-31,12.530000,2.190000,0.179361,32.110000,2.562650,14.662100,-0.941042,0.068203,-1.828223,-0.929490,-0.082703,0.004040,-0.123107,0.213433,-0.014298,0.624325,0.234425,0.886799,0.457653
2016-03-31,2016-02-29,12.580000,2.210000,0.179092,34.810000,2.767091,15.751131,-1.017796,0.063488,-2.570674,-1.488125,-0.158482,-0.099917,-0.183842,0.136019,-0.044546,0.597883,0.287408,0.803568,0.408783
2016-04-29,2016-03-31,12.970000,2.100000,0.166468,32.600000,2.513493,15.523810,-0.921673,0.064417,-1.407406,-1.318841,-0.075297,-0.035595,-0.075741,0.215300,0.045133,0.664296,0.363003,0.925861,0.515082
2016-05-31,2016-04-30,13.140000,1.870000,0.145866,33.250000,2.530441,17.780749,-0.928394,0.056241,-1.430542,-2.224941,-0.103128,0.005997,-0.067804,0.258490,0.093986,0.666771,0.359607,0.945874,0.617899
2016-06-30,2016-05-31,13.270000,1.860000,0.144242,31.680000,2.387340,17.032258,-0.870180,0.058712,-0.748608,-1.850759,-0.046209,0.113847,-0.000198,0.348305,0.148985,0.662453,0.324934,1.002409,0.578719
2016-07-29,2016-06-30,13.470000,1.800000,0.138302,32.510000,2.413512,18.061111,-0.881083,0.055368,-0.842677,-2.184945,-0.062797,0.156038,0.086196,0.391027,0.241059,0.648690,0.346162,0.999700,0.616165
2016-08-31,2016-07-31,13.760000,1.750000,0.131827,32.240000,2.343023,18.422857,-0.851442,0.054280,-0.479880,-2.263349,-0.039583,0.209392,0.108808,0.424049,0.287052,0.777426,0.443122,0.933084,0.586022
2016-09-30,2016-08-31,13.830000,1.660000,0.125189,31.500000,2.277657,18.975904,-0.823147,0.052698,-0.106745,-2.390885,-0.018085,0.244830,0.157797,0.447683,0.276760,0.851318,0.518074,0.973309,0.616297
2016-10-31,2016-09-30,13.940000,1.670000,0.125094,31.460000,2.256815,18.838323,-0.813954,0.053083,0.025786,-2.224752,-0.008887,0.250895,0.120875,0.458818,0.241288,0.810469,0.551759,0.869221,0.468664
2016-11-30,2016-10-31,13.930000,1.630000,0.120340,33.450000,2.401292,20.521472,-0.876007,0.048729,-0.745774,-2.643517,-0.075013,0.252492,0.161790,0.456060,0.278825,0.722049,0.474379,0.860585,0.469421
2016-12-30,2016-11-30,14.050000,1.730000,0.126601,35.500000,2.526690,20.520231,-0.926910,0.048732,-1.389043,-2.490998,-0.118039,0.234457,0.149184,0.479274,0.286921,0.557024,0.427988,0.788708,0.380012
2017-01-31,2016-12-31,13.720000,1.760000,0.134300,38.000000,2.769679,21.590909,-1.018732,0.046316,-2.451499,-2.573937,-0.199893,0.234989,0.154863,0.384409,0.148708,0.579468,0.398346,0.863652,0.482704
2017-02-28,2017-01-31,14.100000,1.900000,0.142696,39.050000,2.769504,20.552632,-1.018668,0.048656,-2.295193,-2.177442,-0.189566,0.214657,0.178244,0.410893,0.248723,0.673366,0.471951,0.720672,0.454912
2017-03-31,2017-02-28,14.490000,1.960000,0.144810,39.180000,2.703934,19.989796,-0.994708,0.050026,-1.904539,-1.935874,-0.162080,0.211747,0.137464,0.461864,0.331954,0.667549,0.453329,0.722529,0.620460
2017-04-28,2017-03-31,14.670000,2.050000,0.148336,39.720000,2.707566,19.375610,-0.996050,0.051611,-1.834347,-1.699121,-0.158585,0.207923,0.120414,0.448996,0.317870,0.710561,0.469949,0.829601,0.628526
2017-05-31,2017-04-30,15.110000,2.300000,0.162832,42.300000,2.799471,18.391304,-1.029430,0.054374,-2.109113,-1.382741,-0.176207,0.203568,0.117036,0.408282,0.265622,0.687385,0.523913,0.701993,0.431068
2017-06-30,2017-05-31,15.350000,2.310000,0.161426,44.090000,2.872313,19.086580,-1.055118,0.052393,-2.274672,-1.528020,-0.201829,0.244817,0.137737,0.314149,0.175949,0.654104,0.429734,0.663247,0.406408
2017-07-31,2017-06-30,15.480000,2.360000,0.163040,47.220000,3.050388,20.008475,-1.115269,0.049979,-2.778273,-1.695035,-0.258527,0.149420,-0.006155,0.257663,0.105103,0.608673,0.375106,0.744206,0.421468
2017-08-31,2017-07-31,15.880000,2.570000,0.173414,48.400000,3.047859,18.832685,-1.114439,0.053099,-2.664660,-1.355953,-0.245719,0.196236,0.070479,0.353377,0.156070,0.509035,0.298970,0.755829,0.350304
2017-09-29,2017-08-31,15.900000,2.520000,0.169526,48.420000,3.045283,19.214286,-1.113594,0.052045,-2.529512,-1.400421,-0.247006,0.250118,0.194490,0.403635,0.241314,0.525627,0.339537,0.743820,0.433440
2017-10-31,2017-09-30,15.970000,2.460000,0.164493,48.900000,3.061991,19.878049,-1.119065,0.050307,-2.433132,-1.503557,-0.255672,0.241073,0.197456,0.351652,0.310471,0.410403,0.227376,0.727428,0.440672
2017-11-30,2017-10-31,16.310000,2.620000,0.173280,51.850000,3.179031,19.790076,-1.156577,0.050530,-2.613691,-1.427553,-0.282580,0.204714,0.148586,0.265989,0.195553,0.404525,0.190595,0.630361,0.235161
2017-12-29,2017-11-30,16.600000,2.630000,0.171615,56.320000,3.392771,21.414449,-1.221647,0.046697,-2.973772,-1.690004,-0.346934,0.069332,0.038212,0.077749,0.141068,0.309433,0.093091,0.653581,0.258001
2018-01-31,2017-12-31,15.960000,2.800000,0.188679,54.830000,3.435464,19.582143,-1.234152,0.051067,-2.820464,-1.271741,-0.340098,0.108243,0.111258,0.195059,0.249637,0.479243,0.333996,0.605828,0.271875
2018-02-28,2018-01-31,16.490000,3.260000,0.213142,57.710000,3.499697,17.702454,-1.252676,0.056489,-2.731372,-0.793125,-0.330929,0.148067,0.085822,0.262474,0.223228,0.309780,0.206190,0.520006,0.113429
2018-03-30,2018-02-28,16.590000,3.250000,0.209138,60.930000,3.672694,18.747692,-1.300926,0.053340,-2.838983,-1.036633,-0.379777,0.153517,0.046824,0.205685,0.121375,0.260665,0.288507,0.568450,0.093984
2018-04-30,2018-03-31,16.880000,3.300000,0.209192,60.980000,3.612559,18.478788,-1.284416,0.054116,-2.519183,-0.951695,-0.359923,0.110578,0.113015,0.261565,0.152079,0.380604,0.310656,0.624714,0.111838
2018-05-31,2018-04-30,17.210000,3.400000,0.210396,62.350000,3.622894,18.338235,-1.287273,0.054531,-2.369833,-0.893126,-0.358186,0.061275,0.046967,0.279103,0.258291,0.293711,0.165446,0.585881,0.091987
2018-06-29,2018-05-31,17.750000,3.720000,0.224773,59.150000,3.332394,15.900538,-1.203691,0.062891,-1.735899,-0.188184,-0.255892,0.008418,0.102856,0.339956,0.253785,0.349098,0.230460,0.615804,0.101572
2018-07-31,2018-06-30,18.040000,3.870000,0.230907,59.870000,3.318736,15.470284,-1.199584,0.064640,-1.637342,-0.029820,-0.241877,0.086816,0.138380,0.351010,0.270004,0.486543,0.316366,0.587111,0.087989
2018-08-31,2018-07-31,18.630000,4.220000,0.244567,67.530000,3.624799,16.002370,-1.287799,0.062491,-2.074793,-0.187545,-0.309636,0.105332,0.137637,0.155658,0.142900,0.402451,0.194233,0.490905,-0.001661
2018-09-28,2018-08-31,19.170000,4.660000,0.265754,71.040000,3.705790,15.244635,-1.309897,0.065597,-2.086754,0.079637,-0.300225,0.061693,0.097418,0.121992,0.098223,0.340185,0.192126,0.377478,-0.102912
2018-10-31,2018-09-30,19.490000,5.020000,0.283136,68.110000,3.494613,13.567729,-1.251223,0.073704,-1.666798,0.757896,-0.214351,0.150987,0.039064,0.058752,-0.083095,0.375777,0.130201,0.456315,-0.152580
2018-11-30,2018-10-31,19.360000,4.800000,0.269134,66.290000,3.424070,13.810417,-1.230830,0.072409,-1.489206,0.641246,-0.207371,0.229615,0.195837,0.138536,-0.004958,0.364372,0.039608,0.480339,-0.084388
2018-12-31,2018-11-30,19.880000,4.940000,0.270833,59.650000,3.000503,12.074899,-1.098780,0.082816,-0.717343,1.476789,-0.071565,0.331538,0.150929,0.231684,-0.047977,0.581612,0.113320,0.682403,-0.014448
2019-01-31,2018-12-31,17.710000,4.580000,0.272052,65.300000,3.687182,14.257642,-1.304863,0.070138,-1.799099,0.453404,-0.270265,0.264193,0.131624,0.284184,0.084358,0.410769,0.022237,0.650330,0.113433
2019-02-28,2019-01-31,18.820000,4.760000,0.269612,72.270000,3.840064,15.182773,-1.345489,0.065864,-1.923354,0.115554,-0.307996,0.041714,0.021996,0.047306,-0.017039,0.257533,-0.109799,0.497712,0.015991
2019-03-29,2019-02-28,19.240000,5.100000,0.284678,72.090000,3.746881,14.135294,-1.320924,0.070745,-1.714343,0.549255,-0.255944,0.069824,0.023672,0.054981,0.167132,0.362766,-0.027391,0.584485,0.081781
2019-04-30,2019-03-31,19.890000,5.190000,0.282295,76.190000,3.830568,14.680154,-1.343013,0.068119,-1.753548,0.350016,-0.275108,-0.092235,-0.122159,0.119039,0.158578,0.363149,-0.040241,0.445490,0.077357
2019-05-31,2019-03-31,19.890000,5.190000,0.282295,79.280000,3.985923,15.275530,-1.382769,0.065464,-1.869564,0.138828,-0.307884,-0.079292,-0.216282,0.014608,-0.092846,0.306778,-0.166304,0.519868,0.080856
2019-06-28,2019-03-31,19.890000,5.190000,0.282295,79.930000,4.018602,15.400771,-1.390934,0.064932,-1.826194,0.110810,-0.309195,-0.099854,-0.198906,0.009143,-0.023325,0.275848,-0.152213,0.474886,0.164081
2019-07-31,2019-03-31,19.890000,5.190000,0.282295,81.700000,4.107592,15.741811,-1.412837,0.063525,-1.855367,0.007363,-0.324069,0.019991,-0.047266,0.135534,0.046362,0.236101,-0.182015,0.444526,0.106983
2019-08-30,2019-07-31,22.470000,5.630000,0.273966,75.800000,3.373387,13.463588,-1.215917,0.074274,-0.853459,1.011595,-0.138224,-0.003020,-0.022302,0.246794,0.051333,0.335247,-0.144561,0.603621,0.242778
2019-09-30,2019-08-31,23.050000,5.460000,0.258645,77.100000,3.344902,14.120879,-1.207438,0.070817,-0.783516,0.707951,-0.152945,-0.014844,0.143459,0.218193,0.093903,0.255487,-0.201135,0.512422,0.287224
2019-10-31,2019-09-30,23.310000,5.510000,0.257477,69.300000,2.972973,12.577132,-1.089562,0.079509,-0.168543,1.510856,-0.036512,0.211275,0.280737,0.317025,0.213296,0.397563,-0.069485,0.728466,0.439532
2019-11-29,2019-10-31,23.870000,5.970000,0.276197,73.050000,3.060327,12.236181,-1.118522,0.081725,-0.294315,1.677254,-0.033357,0.093900,0.123437,0.225836,0.044566,0.341803,-0.079430,0.690082,0.411570
2019-12-31,2019-11-30,24.240000,6.080000,0.275612,72.150000,2.976485,11.866776,-1.090743,0.084269,-0.127469,1.851823,-0.006449,0.108997,0.175580,0.349928,0.161297,0.450719,0.033529,0.688241,0.488068
2020-01-31,2019-12-31,22.540000,6.770000,0.336398,80.690000,3.579858,11.918759,-1.275323,0.083901,-1.063043,1.814580,-0.085163,0.115543,0.093628,0.126585,-0.062121,0.366146,0.029075,0.586506,0.318356
2020-02-28,2020-01-31,23.440000,6.340000,0.300047,73.160000,3.121160,11.539432,-1.138205,0.086659,-0.312961,1.999771,-0.009816,0.249813,0.073635,0.210226,-0.092761,0.450405,0.033030,0.733166,0.403758
2020-03-31,2020-02-29,23.850000,5.890000,0.273381,73.540000,3.083438,12.485569,-1.126045,0.080092,-0.222761,1.418125,-0.042496,0.233037,-0.049557,0.307785,-0.194522,0.529505,-0.085351,0.736762,0.215822
2020-04-30,2020-03-31,23.680000,6.100000,0.280009,82.870000,3.499578,13.585246,-1.252642,0.073609,-0.889899,0.869202,-0.155027,0.105750,-0.067441,0.244109,-0.198819,0.326451,-0.081221,0.569029,0.146949
2020-05-29,2020-04-30,25.740000,6.890000,0.295835,77.680000,3.017871,11.274311,-1.104552,0.088697,-0.033979,2.135534,0.020038,0.131936,-0.078871,0.292169,-0.073459,0.505260,0.173702,0.573963,0.223798
2020-06-30,2020-05-31,26.600000,7.380000,0.309564,77.890000,2.928195,10.554201,-1.074386,0.094749,0.167246,2.513102,0.072131,0.235150,-0.010670,0.266705,-0.128887,0.465743,0.187407,0.601013,0.184768
2020-07-31,2020-06-30,27.630000,7.480000,0.301552,90.340000,3.269634,12.077540,-1.184678,0.082798,-0.456269,1.491683,-0.050800,0.011042,-0.155749,0.100568,-0.228377,0.308992,0.060621,0.395177,0.031058
2020-08-31,2020-07-31,29.170000,8.200000,0.317583,93.680000,3.211519,11.424390,-1.166744,0.087532,-0.325066,1.814158,-0.005083,-0.039587,-0.166396,0.088453,-0.195895,0.356827,0.191445,0.417505,0.164934
2020-09-30,2020-08-31,29.760000,8.730000,0.330619,92.600000,3.111559,10.607102,-1.135124,0.094276,-0.110242,2.229388,0.047604,0.074748,-0.144966,0.037294,-0.295037,0.294229,0.193321,0.478544,0.192846
2020-10-30,2020-09-30,30.040000,8.640000,0.323899,91.900000,3.059254,10.636574,-1.118171,0.094015,0.010935,2.092652,0.051628,0.138359,-0.131378,0.080538,-0.282781,0.411441,0.226236,0.579989,0.339192
2020-11-30,2020-10-31,30.200000,8.520000,0.315147,88.430000,2.928146,10.379108,-1.074369,0.096347,0.311569,2.145607,0.078617,0.160234,0.005412,0.115967,-0.123996,0.464246,0.367004,0.685807,0.460484
2020-12-31,2020-11-30,31.640000,9.260000,0.331424,98.880000,3.125158,10.678186,-1.139485,0.093649,-0.074904,1.871715,0.040021,0.025774,-0.114604,0.100791,-0.127768,0.338312,0.326772,0.546617,0.303645
2021-01-29,2020-12-31,28.270000,9.680000,0.381027,87.190000,3.084188,9.007231,-1.126288,0.111022,0.033823,2.798137,0.131188,0.084997,-0.080548,0.239561,0.091196,0.459921,0.380477,0.751049,0.484286
2021-02-26,2021-01-31,28.960000,10.110000,0.385878,85.950000,2.967887,8.501484,-1.087850,0.117627,0.307261,2.922336,0.170009,0.128860,-0.008628,0.240179,0.125790,0.522940,0.496519,0.829486,0.553639
2021-03-31,2021-02-28,29.110000,10.600000,0.400302,95.250000,3.272071,8.985849,-1.185423,0.111286,-0.326994,2.380578,0.091440,-0.037455,-0.150072,0.221720,0.109171,0.428977,0.410344,0.804753,0.529226
2021-04-30,2021-03-31,29.640000,11.030000,0.413728,100.740000,3.398785,9.133273,-1.223418,0.109490,-0.556653,2.148931,0.071319,-0.057821,-0.151403,0.082342,0.117598,0.324919,0.345768,0.753986,0.560403
2021-05-31,2021-04-30,30.340000,9.940000,0.354494,99.080000,3.265656,9.967807,-1.183461,0.100323,-0.260175,1.591400,0.016354,-0.044267,-0.129408,0.213090,0.247161,0.281794,0.297257,0.785630,0.562780
2021-06-30,2021-05-31,30.900000,9.900000,0.344348,96.850000,3.134304,9.782828,-1.142407,0.102220,0.057814,1.619848,0.040237,0.061285,-0.020139,0.199038,0.316294,0.334308,0.313655,0.791826,0.561994
2021-07-30,2021-06-30,31.070000,9.320000,0.317547,95.160000,3.062762,10.210300,-1.119317,0.097940,0.260002,1.349269,0.020431,0.150035,0.163824,0.208425,0.288997,0.294610,0.259435,0.846554,0.627038
2021-08-31,2021-07-31,31.700000,8.370000,0.275012,97.490000,3.075394,11.647551,-1.123433,0.085855,0.275110,0.709966,-0.050545,0.112139,0.155289,0.268374,0.387339,0.329052,0.360828,0.978790,0.753856
2021-09-30,2021-08-31,31.470000,7.520000,0.245631,91.560000,2.909438,12.175532,-1.067960,0.082132,0.778884,0.498452,-0.041427,0.259174,0.259243,0.256935,0.488359,0.441251,0.487884,1.037175,0.785843
2021-10-29,2021-09-30,30.880000,6.900000,0.226527,94.880000,3.072539,13.750725,-1.122504,0.072723,0.403246,-0.000435,-0.125601,0.140163,0.269000,0.330903,0.509017,0.499451,0.621973,0.971270,0.738808
2021-11-30,2021-10-31,31.130000,7.140000,0.232839,94.590000,3.038548,13.247899,-1.111380,0.075484,0.568061,0.120767,-0.103781,0.257357,0.376568,0.348279,0.491000,0.569840,0.584480,1.072330,0.787044
2021-12-31,2021-11-30,31.400000,6.210000,0.197018,102.650000,3.269108,16.529791,-1.184517,0.060497,-0.079392,-0.681400,-0.232888,0.124020,0.329458,0.237521,0.454540,0.445826,0.431413,0.866425,0.623828
2022-01-31,2021-12-31,30.350000,5.680000,0.193791,108.720000,3.582208,19.140845,-1.275979,0.052244,-0.946659,-1.131029,-0.327820,0.058389,0.125174,0.220360,0.289282,0.511487,0.393091,0.849575,0.508152
2022-02-28,2022-01-31,29.660000,4.770000,0.162743,107.240000,3.615644,22.482180,-1.285270,0.044480,-1.008858,-1.532761,-0.384224,0.156235,0.232050,0.282761,0.370728,0.589307,0.427848,0.998070,0.672650
2022-03-31,2022-02-28,29.300000,4.270000,0.146208,116.670000,3.981911,27.323185,-1.381762,0.036599,-1.916350,-1.902425,-0.503140,-0.002239,0.229116,0.207257,0.301173,0.583033,0.420054,0.902593,0.675499
2022-04-29,2022-03-31,28.310000,3.680000,0.127006,107.360000,3.792300,29.173913,-1.332973,0.034277,-1.392439,-1.961787,-0.479766,0.190740,0.240016,0.242577,0.228170,0.671644,0.442805,0.934303,0.619864
2022-05-31,2022-04-30,27.020000,2.800000,0.097629,120.340000,4.453738,42.978571,-1.493744,0.023267,-2.824015,-2.387379,-0.676206,0.090922,0.114431,0.068703,0.050096,0.572539,0.315619,0.892645,0.515265
2022-06-30,2022-05-31,27.180000,2.370000,0.081612,115.990000,4.267476,48.940928,-1.451023,0.020433,-2.277157,-2.392351,-0.646391,0.113501,0.125081,0.135270,-0.002639,0.592788,0.245700,0.853130,0.370630
2022-07-29,2022-06-30,25.920000,1.400000,0.049131,115.060000,4.439043,82.185714,-1.490439,0.012168,-2.470298,-2.605286,-0.714716,0.161970,0.164108,0.086185,-0.029563,0.638129,0.338040,0.806669,0.342627
2022-08-31,2022-07-31,27.840000,2.140000,0.071884,125.160000,4.495690,58.485981,-1.503119,0.017098,-2.414520,-2.266767,-0.685253,0.126526,0.138679,0.060678,-0.026511,0.710417,0.366517,0.710300,0.219887
2022-09-30,2022-08-31,26.940000,2.360000,0.080808,116.210000,4.313660,49.241525,-1.461787,0.020308,-1.954703,-2.042110,-0.623011,0.190941,0.089264,0.184316,-0.000475,0.780239,0.297484,0.769897,0.128978
2022-10-31,2022-09-30,24.410000,1.420000,0.051366,129.700000,5.313396,91.338028,-1.670231,0.010948,-3.301503,-2.300281,-0.848033,0.051837,-0.011846,0.168548,0.112956,0.640367,0.229792,0.492464,-0.091620
2022-11-30,2022-10-31,24.680000,1.420000,0.050887,131.570000,5.331037,92.654930,-1.673546,0.010793,-3.006528,-2.194157,-0.834095,-0.022219,-0.064335,0.221561,0.093480,0.724051,0.296044,0.583077,0.027846
2022-12-30,2022-11-30,26.390000,1.850000,0.064025,129.710000,4.915119,70.113514,-1.592316,0.014263,-2.280246,-1.983832,-0.726722,0.021769,-0.127720,0.208305,-0.023127,0.628904,0.169288,0.590033,-0.025866
2023-01-31,2022-12-31,26.320000,1.190000,0.041998,135.070000,5.131839,113.504202,-1.635464,0.008810,-2.397958,-2.083254,-0.772679,-0.075786,-0.193671,0.291128,0.103809,0.629215,0.218871,0.522929,-0.031058
2023-02-28,2023-01-31,28.050000,1.910000,0.066193,141.810000,5.055615,74.246073,-1.620500,0.013469,-2.169293,-1.838945,-0.725439,-0.065848,-0.165189,0.306546,0.057120,0.715309,0.301921,0.501082,-0.069718
2023-03-31,2023-02-28,27.320000,2.060000,0.072766,143.060000,5.236457,69.446602,-1.655645,0.014400,-2.245130,-1.740492,-0.744136,-0.025180,-0.072532,0.375776,0.118882,0.695336,0.374327,0.420421,-0.044632
2023-04-28,2023-03-31,27.970000,1.420000,0.050462,136.400000,4.876654,96.056338,-1.584459,0.010411,-1.750293,-1.800274,-0.675173,0.116711,0.124802,0.429067,0.214635,0.691726,0.391694,0.478163,-0.093451
2023-05-31,2023-04-30,28.600000,2.090000,0.075153,128.490000,4.492657,61.478469,-1.502444,0.016266,-1.244783,-1.556009,-0.569620,0.243779,0.157815,0.503836,0.265523,0.823942,0.465169,0.484274,-0.133976
2023-06-30,2023-05-31,28.170000,2.120000,0.076603,132.370000,4.698971,62.438679,-1.547343,0.016016,-1.441267,-1.508539,-0.605195,0.186535,0.104593,0.457518,0.248339,0.717860,0.373268,0.618559,0.087872
2023-07-31,2023-06-30,27.710000,2.930000,0.109267,125.030000,4.512089,42.672355,-1.506760,0.023434,-1.176276,-1.237096,-0.542561,0.366913,0.297480,0.551944,0.367603,0.720484,0.372190,0.615536,0.101401
2023-08-31,2023-07-31,28.820000,2.790000,0.098482,132.580000,4.600278,47.519713,-1.526117,0.021044,-1.243718,-1.271721,-0.561286,0.372394,0.222309,0.649738,0.393028,0.649622,0.246398,0.590483,0.005860
2023-09-29,2023-08-31,28.930000,2.840000,0.101665,139.300000,4.815071,49.049296,-1.571751,0.020388,-1.440562,-1.251590,-0.599475,0.400957,0.191414,0.595924,0.297959,0.585582,0.129453,,
2023-10-31,2023-09-30,28.890000,4.640000,0.174109,153.060000,5.298027,32.987069,-1.667334,0.030315,-1.855025,-0.924409,-0.661813,0.312356,0.089833,0.471819,0.116836,0.323916,-0.204576,,
2023-11-30,2023-10-31,29.180000,4.690000,0.174155,163.720000,5.610692,34.908316,-1.724674,0.028646,-2.034352,-0.946114,-0.715754,0.225024,0.067200,0.502490,0.202564,0.361517,-0.065634,,
2023-12-29,2023-11-30,31.690000,5.090000,0.175275,159.280000,5.026191,31.292731,-1.614662,0.031956,-1.432972,-0.820681,-0.602474,0.270983,0.143745,0.420599,0.192415,0.381729,-0.002739,,
2024-01-31,2023-12-31,33.800000,6.610000,0.219894,179.420000,5.308284,27.143722,-1.669269,0.036841,-1.633719,-0.657132,-0.636025,0.185031,0.070123,0.338088,0.115062,0.231802,-0.134867,,
2024-02-29,2024-01-31,35.100000,7.040000,0.222961,191.300000,5.450142,27.173295,-1.695642,0.036801,-1.689641,-0.641903,-0.657587,0.232956,0.129171,0.408763,0.244801,0.194536,-0.126837,,
2024-03-29,2024-02-29,35.540000,8.030000,0.255488,206.820000,5.819358,25.755915,-1.761190,0.038826,-1.901245,-0.565444,-0.703783,0.194967,0.106545,0.319560,0.255445,0.044645,-0.163514,,
2024-04-30,2024-03-31,37.240000,9.820000,0.301181,208.030000,5.586198,21.184318,-1.720299,0.047205,-1.646576,-0.308073,-0.633262,0.159463,0.027003,0.262659,0.177059,0.049097,-0.314118,,
2024-05-31,2024-04-30,36.920000,10.210000,0.311661,211.180000,5.719935,20.683643,-1.743957,0.048347,-1.682673,-0.265926,-0.641892,0.242434,0.094856,0.320106,0.199646,-0.019562,-0.399499,,
2024-06-28,2024-05-31,37.940000,10.430000,0.315535,207.710000,5.474697,19.914669,-1.700137,0.050214,-1.443947,-0.203669,-0.586778,0.149617,0.048669,0.260342,0.124930,0.161041,-0.160466,,
2024-07-31,2024-06-30,39.850000,11.740000,0.347543,215.680000,5.412296,18.371380,-1.688673,0.054432,-1.354209,-0.074846,-0.543818,0.153057,0.044938,0.168539,0.004587,0.063591,-0.266202,,
2024-08-30,2024-07-31,42.510000,12.100000,0.339268,252.200000,5.932722,20.842975,-1.780483,0.047978,-1.664237,-0.252714,-0.629072,0.131418,0.074083,-0.000117,-0.146630,-0.059256,-0.387167,,
2024-09-30,2024-08-31,44.710000,13.450000,0.365291,251.100000,5.616193,18.669145,-1.725654,0.053564,-1.385953,-0.079296,-0.541665,0.124592,0.148899,-0.010342,-0.168506,,,,
2024-10-31,2024-09-30,46.360000,13.820000,0.367309,243.780000,5.258412,17.639653,-1.659829,0.056690,-1.083018,0.024547,-0.462913,0.103196,0.150057,-0.147903,-0.321411,,,,
2024-11-29,2024-10-31,45.350000,13.830000,0.371126,268.880000,5.928997,19.441793,-1.779855,0.051436,-1.511714,-0.117150,-0.565696,0.050529,0.094483,-0.140974,-0.268198,,,,
2024-12-31,2024-11-30,47.430000,14.390000,0.363751,241.020000,5.081594,16.749131,-1.625625,0.059705,-0.861574,0.142852,-0.409058,0.110725,0.076260,-0.038870,-0.195154,,,,
2025-01-31,2024-12-31,43.670000,14.470000,0.373564,246.440000,5.643233,17.031099,-1.730457,0.058716,-1.242390,0.126576,-0.492545,0.015483,-0.040351,-0.106286,-0.249929,,,,
2025-02-28,2025-01-31,45.750000,15.190000,0.375758,282.000000,6.163934,18.564845,-1.818715,0.053865,-1.536129,-0.003609,-0.564997,-0.122871,-0.211986,-0.214227,-0.371639,,,,
2025-03-31,2025-02-28,48.480000,15.530000,0.369674,278.860000,5.752063,17.956214,-1.749559,0.055691,-1.219985,0.064806,-0.491515,-0.134934,-0.317406,-0.274915,-0.418959,,,,
2025-04-30,2025-03-31,49.390000,14.890000,0.343761,265.010000,5.365661,17.797851,-1.680020,0.056187,-0.913331,0.089182,-0.443818,-0.189492,-0.404750,-0.213562,-0.491177,,,,
2025-05-30,2025-04-30,51.710000,15.850000,0.357667,284.930000,5.510153,17.976656,-1.706592,0.055628,-0.986660,0.089862,-0.445638,-0.218646,-0.372988,-0.339669,-0.599145,,,,
2025-06-30,2025-05-31,52.770000,17.270000,0.380774,263.990000,5.002653,15.286045,-1.609968,0.065419,-0.575261,0.414791,-0.313762,-0.149596,-0.271414,-0.099301,-0.285396,,,,
2025-07-31,2025-06-30,55.620000,17.820000,0.373311,250.100000,4.496584,14.034792,-1.503318,0.071251,-0.121277,0.607446,-0.211906,-0.121769,-0.209577,-0.104948,-0.270789,,,,
2025-08-29,2025-07-31,56.920000,18.290000,0.367897,247.060000,4.340478,13.507928,-1.467984,0.074031,0.045378,0.707191,-0.179870,-0.082691,-0.150926,-0.059139,-0.240537,,,,
2025-09-30,2025-08-31,59.970000,18.770000,0.358617,243.480000,4.060030,12.971763,-1.401190,0.077091,0.348413,0.822085,-0.122787,-0.139981,-0.101554,,,,,,
2025-10-31,2025-09-30,60.450000,18.290000,0.342477,206.000000,3.407775,11.262985,-1.226060,0.088786,1.110680,1.205665,0.031046,0.037536,-0.019709,,,,,,
2025-11-28,2025-10-31,62.000000,19.030000,0.354541,228.790000,3.690161,12.022596,-1.305670,0.083177,0.803240,1.040933,-0.032482,-0.074285,-0.163865,,,,,,
2025-12-31,2025-11-30,64.040000,18.940000,0.339822,227.130000,3.546690,11.992080,-1.266015,0.083388,0.998158,1.060751,-0.011671,0.050295,-0.013982,,,,,,
2026-01-30,2025-12-31,51.740000,19.290000,0.404360,208.000000,4.020101,10.782789,-1.391307,0.092740,0.471908,1.401700,-0.052257,0.028155,-0.040573,,,,,,
2026-02-27,2026-01-31,53.240000,19.360000,0.391151,213.660000,4.013148,11.036157,-1.389576,0.090611,0.516791,1.384034,-0.066220,0.026476,-0.083732,,,,,,
2026-03-31,2026-02-28,55.640000,19.390000,0.372455,198.840000,3.573688,10.254771,-1.273598,0.097516,1.073461,1.653891,0.024929,,,,,,,,
2026-04-30,2026-03-31,54.820000,19.720000,0.378467,200.890000,3.664538,10.187120,-1.298702,0.098163,0.967972,1.704607,0.007510,,,,,,,,
2026-05-29,2026-04-30,56.290000,19.900000,0.368519,190.400000,3.382484,9.567839,-1.218610,0.104517,1.355285,1.917602,0.073423,,,,,,,,
2026-06-30,2026-05-31,58.110000,20.560000,0.370851,224.340000,3.860609,10.911479,-1.350825,0.091647,0.759357,1.486987,-0.054843,,,,,,,,
2026-07-31,2026-06-30,59.050000,19.980000,0.348478,211.420000,3.580356,10.581582,-1.275462,0.094504,1.160481,1.595975,-0.008446,,,,,,,,
2026-08-31,2026-07-31,59.640000,19.770000,0.339224,218.640000,3.665996,11.059181,-1.299100,0.090423,1.081914,1.442358,-0.043591,,,,,,,,
2026-09-30,2026-08-31,60.920000,19.330000,0.319795,213.480000,3.504268,11.043973,-1.253982,0.090547,1.365582,1.432435,-0.023559,,,,,,,,
