month_end,filing_date,data_available_date,price_date,close,book_value_per_share,book_value_source,eps_basic,eps_basic_source,eps_basic_ttm,pb_ratio,pe_ratio
2004-08-31,2004-09-13,2004-09-13,2004-08-27,80.780000,27.760000,reported,0.460000,reported,,2.909942,
2004-09-30,2004-10-13,2004-10-13,2004-09-24,83.230000,28.250000,reported,0.560000,reported,,2.946195,
2004-10-31,2004-11-12,2004-11-12,2004-10-29,93.550000,24.070000,reported,0.670000,reported,,3.886581,
2004-11-30,2004-12-10,2004-12-10,2004-11-26,91.830000,24.470000,reported,0.470000,reported,,3.752758,
2004-12-31,2005-01-20,2005-01-20,2004-12-31,84.840000,25.730000,reported,0.900000,reported,,3.297318,
2005-01-31,2005-02-17,2005-02-17,2005-01-28,82.540000,26.180000,reported,0.750000,reported,,3.152788,
2005-02-28,2005-03-17,2005-05-19,2005-02-25,87.640000,26.470000,earnings_aware_interpolation,0.640000,reported,,3.310918,
2005-03-31,2005-04-14,2005-05-19,2005-03-24,89.090000,26.790000,earnings_aware_interpolation,0.680000,reported,,3.325495,
2005-04-30,2005-05-19,2005-05-19,2005-04-29,91.270000,27.190000,reported,0.750000,reported,,3.356749,
2005-05-31,2005-06-16,2005-06-16,2005-05-27,95.260000,27.870000,reported,0.640000,reported,,3.418012,
2005-06-30,2005-07-14,2005-07-14,2005-06-24,99.920000,28.280000,reported,0.610000,reported,,3.533239,
2005-07-31,2005-08-18,2005-08-18,2005-07-29,99.690000,28.800000,reported,0.730000,reported,7.860000,3.461458,12.683206
2005-08-31,2005-09-16,2005-09-16,2005-08-26,96.510000,29.200000,reported,0.290000,reported,7.690000,3.305137,12.550065
2005-09-30,2005-10-12,2005-10-12,2005-09-30,104.770000,29.480000,reported,0.530000,reported,7.660000,3.553935,13.677546
2005-10-31,2005-11-17,2005-11-17,2005-10-28,116.150000,29.490000,reported,0.390000,reported,7.380000,3.938623,15.738482
2005-11-30,2005-12-15,2005-12-15,2005-11-25,121.280000,30.290000,reported,0.430000,reported,7.340000,4.003962,16.523161
2005-12-31,2006-01-18,2006-01-18,2005-12-30,116.780000,30.960000,reported,0.630000,reported,7.070000,3.771964,16.517680
2006-01-31,2006-02-15,2006-02-15,2006-01-27,105.070000,31.610000,reported,0.790000,reported,7.110000,3.323948,14.777778
2006-02-28,2006-03-15,2006-03-15,2006-02-24,108.050000,32.100000,reported,0.650000,reported,7.120000,3.366044,15.175562
2006-03-31,2006-04-12,2006-04-12,2006-03-31,104.260000,32.240000,reported,0.800000,reported,7.240000,3.233871,14.400552
2006-04-30,2006-05-17,2006-05-17,2006-04-28,108.530000,32.860000,reported,0.820000,reported,7.310000,3.302800,14.846785
2006-05-31,2006-06-14,2006-06-14,2006-05-26,27.150000,8.240000,reported,0.160000,reported,1.827500,3.294903,14.856361
2006-06-30,2006-07-13,2006-07-13,2006-06-30,25.710000,8.280000,reported,0.150000,reported,1.825000,3.105072,14.087671
2006-07-31,2006-08-16,2006-08-16,2006-07-28,24.500000,8.490000,reported,0.190000,reported,1.832500,2.885748,13.369714
2006-08-31,2006-09-14,2006-09-14,2006-08-25,23.790000,8.660000,reported,0.160000,reported,1.920000,2.747113,12.390625
2006-09-30,2006-10-11,2006-10-11,2006-09-29,24.540000,8.810000,reported,0.180000,reported,1.967500,2.785471,12.472681
2006-10-31,2006-11-15,2006-11-15,2006-10-27,23.980000,8.980000,reported,0.170000,reported,2.040000,2.670379,11.754902
2006-11-30,2006-12-13,2006-12-13,2006-11-24,22.910000,9.120000,reported,0.180000,reported,2.112500,2.512061,10.844970
2006-12-31,2007-01-17,2007-01-17,2006-12-29,24.220000,9.150000,reported,0.190000,reported,2.145000,2.646995,11.291375
2007-01-31,2007-02-14,2007-02-14,2007-01-26,23.430000,9.290000,reported,0.190000,reported,2.137500,2.522067,10.961404
2007-02-28,2007-03-14,2007-03-14,2007-02-23,23.280000,9.420000,reported,0.130000,reported,2.105000,2.471338,11.059382
2007-03-31,2007-04-11,2007-04-11,2007-03-30,21.820000,9.410000,reported,0.180000,reported,2.085000,2.318810,10.465228
2007-04-30,2007-05-16,2007-05-16,2007-04-27,23.060000,9.570000,reported,0.190000,reported,2.070000,2.409613,11.140097
2007-05-31,2007-06-13,2007-06-13,2007-05-25,22.740000,9.650000,reported,0.110000,reported,2.020000,2.356477,11.257426
2007-06-30,2007-07-12,2007-07-12,2007-06-29,23.930000,9.600000,reported,0.090000,reported,1.960000,2.492708,12.209184
2007-07-31,2007-08-15,2007-08-15,2007-07-27,20.930000,7.550000,reported,0.170000,reported,1.940000,2.772185,10.788660
2007-08-31,2007-09-14,2007-10-10,2007-08-31,20.340000,7.580000,earnings_aware_interpolation,0.110000,reported,1.890000,2.683377,10.761905
2007-09-30,2007-10-10,2007-10-10,2007-09-28,19.410000,7.650000,reported,0.150000,reported,1.860000,2.537255,10.435484
2007-10-31,2007-11-16,2007-11-16,2007-10-26,18.420000,7.630000,reported,0.110000,reported,1.800000,2.414155,10.233333
2007-11-30,2007-12-12,2007-12-12,2007-11-30,18.400000,7.470000,reported,0.140000,reported,1.760000,2.463186,10.454545
2007-12-31,2008-01-16,2008-01-16,2007-12-28,18.940000,7.260000,reported,0.100000,reported,1.670000,2.608815,11.341317
2008-01-31,2008-02-13,2008-02-13,2008-01-25,18.340000,7.380000,reported,0.180000,reported,1.660000,2.485095,11.048193
2008-02-29,2008-03-12,2008-03-12,2008-02-29,18.330000,7.150000,reported,0.070000,reported,1.600000,2.563636,11.456250
2008-03-31,2008-04-09,2008-04-09,2008-03-28,15.960000,7.010000,reported,0.110000,reported,1.530000,2.276748,10.431373
2008-04-30,2008-05-14,2008-05-14,2008-04-25,18.640000,7.250000,reported,0.160000,reported,1.500000,2.571034,12.426667
2008-05-31,2008-06-11,2008-06-11,2008-05-30,20.060000,7.410000,reported,0.120000,reported,1.510000,2.707152,13.284768
2008-06-30,2008-07-10,2008-07-10,2008-06-27,19.340000,7.120000,reported,0.040000,reported,1.460000,2.716292,13.246575
2008-07-31,2008-08-13,2008-08-13,2008-07-25,19.090000,6.850000,reported,0.120000,reported,1.410000,2.786861,13.539007
2008-08-31,2008-09-11,2008-09-11,2008-08-29,18.470000,6.970000,reported,-0.200000,reported,1.100000,2.649928,16.790909
2008-09-30,2008-10-10,2008-10-10,2008-09-26,17.350000,6.310000,reported,-0.950000,reported,0.000000,2.749604,
2008-10-31,2008-11-12,2008-11-12,2008-10-31,14.270000,5.930000,reported,0.220000,reported,0.110000,2.406408,129.727273
2008-11-30,2008-12-10,2008-12-10,2008-11-28,15.020000,5.860000,reported,0.210000,reported,0.180000,2.563140,83.444444
2008-12-31,2009-01-21,2009-01-21,2008-12-26,14.090000,6.230000,reported,-0.180000,reported,-0.100000,2.261637,
2009-01-31,2009-02-11,2009-02-11,2009-01-30,12.150000,6.280000,reported,0.150000,reported,-0.130000,1.934713,
2009-02-28,2009-03-11,2009-03-11,2009-02-27,11.570000,6.100000,reported,0.190000,reported,-0.010000,1.896721,
2009-03-31,2009-04-15,2009-04-15,2009-03-27,13.430000,6.320000,reported,0.010000,reported,-0.110000,2.125000,
2009-04-30,2009-05-13,2009-05-13,2009-04-24,15.460000,6.700000,reported,0.170000,reported,-0.100000,2.307463,
2009-05-31,2009-06-10,2009-06-10,2009-05-29,16.130000,7.060000,reported,0.080000,reported,-0.140000,2.284703,
2009-06-30,2009-07-10,2009-07-10,2009-06-26,15.050000,7.240000,reported,0.120000,reported,-0.060000,2.078729,
2009-07-31,2009-08-11,2009-08-11,2009-07-31,15.580000,7.620000,reported,0.170000,reported,-0.010000,2.044619,
2009-08-31,2009-09-10,2009-09-10,2009-08-28,16.640000,7.820000,reported,0.080000,reported,0.270000,2.127877,61.629630
2009-09-30,2009-10-14,2009-10-14,2009-09-25,16.320000,8.130000,reported,0.150000,reported,1.370000,2.007380,11.912409
2009-10-31,2009-11-10,2009-11-10,2009-10-30,16.000000,8.340000,reported,0.160000,reported,1.310000,1.918465,12.213740
2009-11-30,2009-12-09,2009-12-09,2009-11-27,16.610000,8.560000,reported,0.120000,reported,1.220000,1.940421,13.614754
2009-12-31,2010-01-20,2010-01-20,2009-12-31,17.990000,8.550000,reported,0.180000,reported,1.580000,2.104094,11.386076
2010-01-31,2010-02-17,2010-02-17,2010-01-29,16.580000,8.770000,reported,0.110000,reported,1.540000,1.890536,10.766234
2010-02-28,2010-03-17,2010-03-17,2010-02-26,17.150000,9.010000,reported,0.150000,reported,1.500000,1.903441,11.433333
2010-03-31,2010-04-14,2010-04-14,2010-03-26,19.270000,9.260000,reported,0.190000,reported,1.680000,2.080994,11.470238
2010-04-30,2010-05-19,2010-05-19,2010-04-30,20.090000,9.520000,reported,0.170000,reported,1.680000,2.110294,11.958333
2010-05-31,2010-06-16,2010-06-16,2010-05-28,19.590000,9.370000,reported,0.070000,reported,1.670000,2.090715,11.730539
2010-06-30,2010-07-14,2010-07-14,2010-06-25,19.490000,9.440000,reported,0.090000,reported,1.640000,2.064619,11.884146
2010-07-31,2010-08-18,2010-08-18,2010-07-30,19.640000,9.780000,reported,0.170000,reported,1.640000,2.008180,11.975610
2010-08-31,2010-09-16,2010-09-16,2010-08-27,19.900000,9.860000,reported,0.100000,reported,1.660000,2.018256,11.987952
2010-09-30,2010-10-14,2010-10-14,2010-09-24,21.340000,10.120000,reported,0.130000,reported,1.640000,2.108696,13.012195
2010-10-31,2010-11-17,2010-11-17,2010-10-29,21.160000,9.310000,reported,0.120000,reported,1.600000,2.272825,13.225000
2010-11-30,2010-12-15,2010-12-15,2010-11-26,20.650000,9.380000,reported,0.170000,reported,1.650000,2.201493,12.515152
2010-12-31,2011-01-20,2011-01-20,2010-12-31,19.870000,9.130000,reported,0.170000,reported,1.640000,2.176342,12.115854
2011-01-31,2011-02-16,2011-02-16,2011-01-28,19.660000,9.310000,reported,0.170000,reported,1.700000,2.111708,11.564706
2011-02-28,2011-03-16,2011-03-16,2011-02-25,20.430000,9.510000,reported,0.180000,reported,1.730000,2.148265,11.809249
2011-03-31,2011-04-14,2011-04-14,2011-03-25,20.870000,9.640000,reported,0.210000,reported,1.750000,2.164938,11.925714
2011-04-30,2011-05-18,2011-05-18,2011-04-29,21.940000,9.910000,reported,0.180000,reported,1.760000,2.213925,12.465909
2011-05-31,2011-06-16,2011-06-16,2011-05-27,21.580000,9.970000,reported,0.120000,reported,1.810000,2.164493,11.922652
2011-06-30,2011-07-14,2011-07-14,2011-06-24,20.560000,9.880000,reported,0.080000,reported,1.800000,2.080972,11.422222
2011-07-31,2011-08-17,2011-08-17,2011-07-29,19.680000,9.910000,reported,0.080000,reported,1.710000,1.985873,11.508772
2011-08-31,2011-09-15,2011-09-15,2011-08-26,18.240000,9.650000,reported,0.040000,reported,1.650000,1.890155,11.054545
2011-09-30,2011-10-12,2011-10-12,2011-09-30,17.760000,9.370000,reported,0.120000,reported,1.640000,1.895411,10.829268
2011-10-31,2011-11-16,2011-11-16,2011-10-28,19.470000,9.630000,reported,0.090000,reported,1.610000,2.021807,12.093168
2011-11-30,2011-12-14,2011-12-14,2011-11-25,17.580000,9.710000,reported,0.210000,reported,1.650000,1.810505,10.654545
2011-12-31,2012-01-19,2012-01-19,2011-12-30,19.510000,9.470000,reported,0.130000,reported,1.610000,2.060190,12.118012
2012-01-31,2012-02-15,2012-02-15,2012-01-27,20.430000,9.780000,reported,0.120000,reported,1.560000,2.088957,13.096154
2012-02-29,2012-03-14,2012-03-14,2012-02-24,21.430000,10.060000,reported,0.180000,reported,1.560000,2.130219,13.737179
2012-03-31,2012-04-11,2012-04-11,2012-03-30,23.180000,10.230000,reported,0.130000,reported,1.480000,2.265885,15.662162
2012-04-30,2012-05-16,2012-05-16,2012-04-27,21.510000,10.330000,reported,0.100000,reported,1.400000,2.082285,15.364286
2012-05-31,2012-06-13,2012-06-13,2012-05-25,21.610000,10.220000,reported,0.070000,reported,1.350000,2.114481,16.007407
2012-06-30,2012-07-12,2012-07-12,2012-06-29,20.830000,10.320000,reported,0.020000,reported,1.290000,2.018411,16.147287
2012-07-31,2012-08-15,2012-08-15,2012-07-27,19.780000,10.490000,reported,0.100000,reported,1.310000,1.885605,15.099237
2012-08-31,2012-09-13,2012-09-13,2012-08-31,19.530000,10.630000,reported,0.240000,reported,1.510000,1.837253,12.933775
2012-09-30,2012-10-10,2012-10-10,2012-09-28,20.740000,10.840000,reported,0.130000,reported,1.520000,1.913284,13.644737
2012-10-31,2012-11-14,2012-11-14,2012-10-26,22.580000,9.930000,reported,0.130000,reported,1.560000,2.273917,14.474359
2012-11-30,2012-12-12,2012-12-12,2012-11-30,21.250000,10.080000,reported,0.130000,reported,1.480000,2.108135,14.358108
2012-12-31,2013-01-18,2013-01-18,2012-12-28,20.850000,9.940000,reported,0.160000,reported,1.510000,2.097586,13.807947
2013-01-31,2013-02-13,2013-02-13,2013-01-25,22.630000,10.210000,reported,0.220000,reported,1.610000,2.216454,14.055901
2013-02-28,2013-03-13,2013-03-13,2013-02-22,24.720000,10.390000,reported,0.170000,reported,1.600000,2.379211,15.450000
2013-03-31,2013-04-10,2013-04-10,2013-03-28,25.270000,10.590000,reported,0.120000,reported,1.590000,2.386213,15.893082
2013-04-30,2013-05-15,2013-05-15,2013-04-26,25.190000,10.850000,reported,0.230000,reported,1.720000,2.321659,14.645349
2013-05-31,2013-06-12,2013-06-12,2013-05-31,25.490000,10.980000,reported,0.190000,reported,1.840000,2.321494,13.853261
2013-06-30,2013-07-11,2013-07-11,2013-06-28,25.420000,10.870000,reported,0.110000,reported,1.930000,2.338546,13.170984
2013-07-31,2013-08-14,2013-08-14,2013-07-26,26.000000,11.150000,reported,0.170000,reported,2.000000,2.331839,13.000000
2013-08-31,2013-09-12,2013-09-12,2013-08-30,25.070000,11.070000,reported,0.120000,reported,1.880000,2.264679,13.335106
2013-09-30,2013-10-09,2013-10-09,2013-09-27,27.320000,11.320000,reported,0.100000,reported,1.850000,2.413428,14.767568
2013-10-31,2013-11-13,2013-11-13,2013-10-25,26.450000,11.680000,reported,0.190000,reported,1.910000,2.264555,13.848168
2013-11-30,2013-12-11,2013-12-11,2013-11-29,27.930000,11.850000,reported,0.160000,reported,1.940000,2.356962,14.396907
2013-12-31,2014-01-22,2014-01-22,2013-12-27,27.070000,10.390000,reported,0.150000,reported,1.930000,2.605390,14.025907
2014-01-31,2014-02-12,2014-02-12,2014-01-31,23.240000,10.510000,reported,0.260000,reported,1.970000,2.211227,11.796954
2014-02-28,2014-03-12,2014-03-12,2014-02-28,24.490000,10.720000,reported,0.080000,reported,1.880000,2.284515,13.026596
2014-03-31,2014-04-09,2014-04-09,2014-03-28,23.980000,10.860000,reported,0.200000,reported,1.960000,2.208103,12.234694
2014-04-30,2014-05-14,2014-05-14,2014-04-25,23.790000,11.130000,reported,0.260000,reported,1.990000,2.137466,11.954774
2014-05-31,2014-06-11,2014-06-11,2014-05-30,25.030000,11.380000,reported,0.150000,reported,1.950000,2.199473,12.835897
2014-06-30,2014-07-10,2014-07-10,2014-06-27,25.260000,11.480000,reported,0.080000,reported,1.920000,2.200348,13.156250
2014-07-31,2014-08-13,2014-08-13,2014-07-25,24.190000,11.520000,reported,0.200000,reported,1.950000,2.099826,12.405128
2014-08-31,2014-09-11,2014-09-11,2014-08-29,25.020000,11.770000,reported,0.140000,reported,1.970000,2.125743,12.700508
2014-09-30,2014-10-10,2014-10-10,2014-09-26,25.460000,11.770000,reported,0.160000,reported,2.030000,2.163127,12.541872
2014-10-31,2014-11-12,2014-11-12,2014-10-31,26.410000,12.010000,reported,0.170000,reported,2.010000,2.199001,13.139303
2014-11-30,2014-12-10,2014-12-10,2014-11-28,27.240000,12.210000,reported,0.140000,reported,1.990000,2.230958,13.688442
2014-12-31,2015-01-28,2015-01-28,2014-12-26,27.010000,11.790000,reported,0.320000,reported,2.160000,2.290925,12.504630
2015-01-31,2015-02-18,2015-02-18,2015-01-30,25.950000,11.890000,reported,0.150000,reported,2.050000,2.182506,12.658537
2015-02-28,2015-03-18,2015-03-18,2015-02-27,26.650000,12.100000,reported,0.150000,reported,2.120000,2.202479,12.570755
2015-03-31,2015-04-15,2015-04-15,2015-03-27,27.030000,12.260000,reported,0.210000,reported,2.130000,2.204731,12.690141
2015-04-30,2015-05-21,2015-05-21,2015-04-24,26.860000,12.500000,reported,0.320000,reported,2.190000,2.148800,12.264840
2015-05-31,,2015-08-14,2015-05-29,27.340000,12.520000,earnings_aware_interpolation,0.140000,quarterly_xbrl_less_reported_months,2.180000,2.183706,12.541284
2015-06-30,2015-07-17,2015-08-14,2015-06-26,28.320000,12.560000,reported,0.160000,reported,2.260000,2.254777,12.530973
2015-07-31,2015-08-19,2015-08-19,2015-07-31,30.500000,12.790000,reported,0.180000,reported,2.240000,2.384676,13.616071
2015-08-31,2015-09-17,2015-09-17,2015-08-28,30.050000,12.690000,reported,0.170000,reported,2.270000,2.368006,13.237885
2015-09-30,2015-10-16,2015-10-16,2015-09-25,30.670000,12.760000,reported,0.120000,reported,2.230000,2.403605,13.753363
2015-10-31,2015-11-18,2015-11-18,2015-10-30,33.130000,13.160000,reported,0.160000,reported,2.220000,2.517477,14.923423
2015-11-30,2015-12-16,2015-12-16,2015-11-27,31.120000,13.280000,reported,0.160000,reported,2.240000,2.343373,13.892857
2015-12-31,2016-01-27,2016-01-27,2015-12-31,31.800000,12.490000,reported,0.250000,reported,2.170000,2.546037,14.654378
2016-01-31,2016-02-17,2016-02-17,2016-01-29,31.250000,12.530000,reported,0.170000,reported,2.190000,2.494014,14.269406
2016-02-29,2016-03-16,2016-03-16,2016-02-26,32.110000,12.580000,reported,0.170000,reported,2.210000,2.552464,14.529412
2016-03-31,2016-04-14,2016-04-14,2016-03-24,34.810000,12.970000,reported,0.100000,reported,2.100000,2.683886,16.576190
2016-04-30,2016-05-18,2016-05-18,2016-04-29,32.600000,13.140000,reported,0.090000,reported,1.870000,2.480974,17.433155
2016-05-31,2016-06-15,2016-06-15,2016-05-27,33.250000,13.270000,reported,0.130000,reported,1.860000,2.505652,17.876344
2016-06-30,2016-07-14,2016-07-14,2016-06-24,31.680000,13.470000,reported,0.100000,reported,1.800000,2.351893,17.600000
2016-07-31,2016-08-17,2016-08-17,2016-07-29,32.510000,13.760000,reported,0.130000,reported,1.750000,2.362645,18.577143
2016-08-31,2016-09-15,2016-09-15,2016-08-26,32.240000,13.830000,reported,0.080000,reported,1.660000,2.331164,19.421687
2016-09-30,2016-10-13,2016-10-13,2016-09-30,31.500000,13.940000,reported,0.130000,reported,1.670000,2.259684,18.862275
2016-10-31,2016-11-16,2016-11-16,2016-10-28,31.460000,13.930000,reported,0.120000,reported,1.630000,2.258435,19.300613
2016-11-30,2016-12-14,2016-12-14,2016-11-25,33.450000,14.050000,reported,0.260000,reported,1.730000,2.380783,19.335260
2016-12-31,2017-01-25,2017-01-25,2016-12-30,35.500000,13.720000,reported,0.280000,reported,1.760000,2.587464,20.170455
2017-01-31,2017-02-15,2017-02-15,2017-01-27,38.000000,14.100000,reported,0.310000,reported,1.900000,2.695035,20.000000
2017-02-28,2017-03-17,2017-03-17,2017-02-24,39.050000,14.490000,reported,0.230000,reported,1.960000,2.694962,19.923469
2017-03-31,2017-04-18,2017-04-18,2017-03-31,39.180000,14.670000,reported,0.190000,reported,2.050000,2.670757,19.112195
2017-04-30,2017-05-17,2017-05-17,2017-04-28,39.720000,15.110000,reported,0.340000,reported,2.300000,2.628723,17.269565
2017-05-31,2017-06-14,2017-06-14,2017-05-26,42.300000,15.350000,reported,0.140000,reported,2.310000,2.755700,18.311688
2017-06-30,2017-07-18,2017-07-18,2017-06-30,44.090000,15.480000,reported,0.150000,reported,2.360000,2.848191,18.682203
2017-07-31,2017-08-16,2017-08-16,2017-07-28,47.220000,15.880000,reported,0.340000,reported,2.570000,2.973552,18.373541
2017-08-31,2017-09-19,2017-09-19,2017-08-25,48.400000,15.900000,reported,0.030000,reported,2.520000,3.044025,19.206349
2017-09-30,2017-10-17,2017-10-17,2017-09-29,48.420000,15.970000,reported,0.070000,reported,2.460000,3.031935,19.682927
2017-10-31,2017-11-15,2017-11-15,2017-10-27,48.900000,16.310000,reported,0.280000,reported,2.620000,2.998161,18.664122
2017-11-30,2017-12-13,2017-12-13,2017-11-24,51.850000,16.600000,reported,0.270000,reported,2.630000,3.123494,19.714829
2017-12-31,2018-01-24,2018-01-24,2017-12-29,56.320000,15.960000,reported,0.450000,reported,2.800000,3.528822,20.114286
2018-01-31,2018-02-14,2018-02-14,2018-01-26,54.830000,16.490000,reported,0.770000,reported,3.260000,3.325045,16.819018
2018-02-28,2018-03-14,2018-03-14,2018-02-23,57.710000,16.590000,reported,0.220000,reported,3.250000,3.478602,17.756923
2018-03-31,2018-04-17,2018-04-17,2018-03-29,60.930000,16.880000,reported,0.240000,reported,3.300000,3.609597,18.463636
2018-04-30,2018-05-16,2018-05-16,2018-04-27,60.980000,17.210000,reported,0.440000,reported,3.400000,3.543289,17.935294
2018-05-31,2018-06-13,2018-06-13,2018-05-25,62.350000,17.750000,reported,0.460000,reported,3.720000,3.512676,16.760753
2018-06-30,2018-07-17,2018-07-17,2018-06-29,59.150000,18.040000,reported,0.300000,reported,3.870000,3.278825,15.284238
2018-07-31,2018-08-15,2018-08-15,2018-07-27,59.870000,18.630000,reported,0.690000,reported,4.220000,3.213634,14.187204
2018-08-31,2018-09-13,2018-09-13,2018-08-31,67.530000,19.170000,reported,0.470000,reported,4.660000,3.522692,14.491416
2018-09-30,2018-10-16,2018-10-16,2018-09-28,71.040000,19.490000,reported,0.430000,reported,5.020000,3.644946,14.151394
2018-10-31,2018-11-14,2018-11-14,2018-10-26,68.110000,19.360000,reported,0.060000,reported,4.800000,3.518079,14.189583
2018-11-30,2018-12-12,2018-12-12,2018-11-30,66.290000,19.880000,reported,0.410000,reported,4.940000,3.334507,13.419028
2018-12-31,2019-01-23,2019-01-23,2018-12-28,59.650000,17.710000,reported,0.090000,reported,4.580000,3.368154,13.024017
2019-01-31,2019-02-13,2019-02-13,2019-01-25,65.300000,18.820000,reported,0.950000,reported,4.760000,3.469713,13.718487
2019-02-28,2019-03-13,2019-03-13,2019-02-22,72.270000,19.240000,reported,0.560000,reported,5.100000,3.756237,14.170588
2019-03-31,2019-04-16,2019-04-16,2019-03-29,72.090000,19.890000,reported,0.330000,reported,5.190000,3.624434,13.890173
2019-04-30,,2019-08-14,2019-04-26,76.190000,20.840000,earnings_aware_interpolation,0.840000,quarterly_xbrl_less_reported_months,5.590000,3.655950,13.629696
2019-05-31,2019-06-12,2019-08-14,2019-05-31,79.280000,21.080000,reported,0.130000,reported,5.260000,3.760911,15.072243
2019-06-30,2019-07-17,2019-08-14,2019-06-28,79.930000,21.980000,reported,0.700000,reported,5.660000,3.636488,14.121908
2019-07-31,2019-08-14,2019-08-14,2019-07-26,81.700000,22.470000,reported,0.660000,reported,5.630000,3.635959,14.511545
2019-08-31,2019-09-13,2019-09-13,2019-08-30,75.800000,23.050000,reported,0.300000,reported,5.460000,3.288503,13.882784
2019-09-30,2019-10-16,2019-10-16,2019-09-27,77.100000,23.310000,reported,0.480000,reported,5.510000,3.307593,13.992740
2019-10-31,2019-11-13,2019-11-13,2019-10-25,69.300000,23.870000,reported,0.520000,reported,5.970000,2.903226,11.608040
2019-11-30,2019-12-11,2019-12-11,2019-11-29,73.050000,24.240000,reported,0.520000,reported,6.080000,3.013614,12.014803
2019-12-31,2020-01-29,2020-01-29,2019-12-27,72.150000,22.540000,reported,0.780000,reported,6.770000,3.200976,10.657312
2020-01-31,2020-02-19,2020-02-19,2020-01-31,80.690000,23.440000,reported,0.520000,reported,6.340000,3.442406,12.727129
2020-02-29,2020-03-17,2020-03-17,2020-02-28,73.160000,23.850000,reported,0.110000,reported,5.890000,3.067505,12.421053
2020-03-31,2020-04-15,2020-04-15,2020-03-27,73.540000,23.680000,reported,0.540000,reported,6.100000,3.105574,12.055738
2020-04-30,2020-05-20,2020-05-20,2020-04-24,82.870000,25.740000,reported,1.630000,reported,6.890000,3.219503,12.027576
2020-05-31,2020-06-17,2020-06-17,2020-05-29,77.680000,26.600000,reported,0.620000,reported,7.380000,2.920301,10.525745
2020-06-30,2020-07-15,2020-07-15,2020-06-26,77.890000,27.630000,reported,0.800000,reported,7.480000,2.819037,10.413102
2020-07-31,2020-08-19,2020-08-19,2020-07-31,90.340000,29.170000,reported,1.380000,reported,8.200000,3.097017,11.017073
2020-08-31,2020-09-17,2020-09-17,2020-08-28,93.680000,29.760000,reported,0.830000,reported,8.730000,3.147849,10.730813
2020-09-30,2020-10-14,2020-10-14,2020-09-25,92.600000,30.040000,reported,0.390000,reported,8.640000,3.082557,10.717593
2020-10-31,2020-11-24,2020-11-24,2020-10-30,91.900000,30.200000,reported,0.400000,reported,8.520000,3.043046,10.786385
2020-11-30,2020-12-18,2020-12-18,2020-11-27,88.430000,31.640000,reported,1.260000,reported,9.260000,2.794880,9.549676
2020-12-31,2021-01-27,2021-01-27,2020-12-31,98.880000,28.270000,reported,1.200000,reported,9.680000,3.497701,10.214876
2021-01-31,2021-02-17,2021-02-17,2021-01-29,87.190000,28.960000,reported,0.950000,reported,10.110000,3.010704,8.624135
2021-02-28,2021-03-17,2021-03-17,2021-02-26,85.950000,29.110000,reported,0.600000,reported,10.600000,2.952594,8.108491
2021-03-31,2021-04-15,2021-04-15,2021-03-26,95.250000,29.640000,reported,0.970000,reported,11.030000,3.213563,8.635539
2021-04-30,2021-05-19,2021-05-19,2021-04-30,100.740000,30.340000,reported,0.540000,reported,9.940000,3.320369,10.134809
2021-05-31,2021-06-16,2021-06-16,2021-05-28,99.080000,30.900000,reported,0.580000,reported,9.900000,3.206472,10.008081
2021-06-30,2021-07-15,2021-07-15,2021-06-25,96.850000,31.070000,reported,0.220000,reported,9.320000,3.117155,10.391631
2021-07-31,2021-08-18,2021-08-18,2021-07-30,95.160000,31.700000,reported,0.430000,reported,8.370000,3.001893,11.369176
2021-08-31,2021-09-17,2021-09-17,2021-08-27,97.490000,31.470000,reported,-0.020000,reported,7.520000,3.097871,12.964096
2021-09-30,2021-10-14,2021-10-14,2021-09-24,91.560000,30.880000,reported,-0.230000,reported,6.900000,2.965026,13.269565
2021-10-31,2021-11-17,2021-11-17,2021-10-29,94.880000,31.130000,reported,0.640000,reported,7.140000,3.047864,13.288515
2021-11-30,2021-12-15,2021-12-15,2021-11-26,94.590000,31.400000,reported,0.330000,reported,6.210000,3.012420,15.231884
2021-12-31,2022-01-26,2022-01-26,2021-12-31,102.650000,30.350000,reported,0.670000,reported,5.680000,3.382208,18.072183
2022-01-31,2022-02-16,2022-02-16,2022-01-28,108.720000,29.660000,reported,0.040000,reported,4.770000,3.665543,22.792453
2022-02-28,2022-03-16,2022-03-16,2022-02-25,107.240000,29.300000,reported,0.100000,reported,4.270000,3.660068,25.114754
2022-03-31,2022-04-14,2022-04-14,2022-03-25,116.670000,28.310000,reported,0.380000,reported,3.680000,4.121159,31.703804
2022-04-30,2022-05-18,2022-05-18,2022-04-29,107.360000,27.020000,reported,-0.340000,reported,2.800000,3.973353,38.342857
2022-05-31,2022-06-21,2022-06-21,2022-05-27,120.340000,27.180000,reported,0.150000,reported,2.370000,4.427520,50.776371
2022-06-30,2022-07-15,2022-07-15,2022-06-24,115.990000,25.920000,reported,-0.750000,reported,1.400000,4.474923,82.850000
2022-07-31,2022-08-17,2022-08-17,2022-07-29,115.060000,27.840000,reported,1.170000,reported,2.140000,4.132902,53.766355
2022-08-31,2022-09-15,2022-09-15,2022-08-26,125.160000,26.940000,reported,0.200000,reported,2.360000,4.645880,53.033898
2022-09-30,2022-10-13,2022-10-13,2022-09-30,116.210000,24.410000,reported,-1.170000,reported,1.420000,4.760754,81.838028
2022-10-31,2022-11-16,2022-11-16,2022-10-28,129.700000,24.680000,reported,0.640000,reported,1.420000,5.255267,91.338028
2022-11-30,2022-12-14,2022-12-14,2022-11-25,131.570000,26.390000,reported,0.760000,reported,1.850000,4.985601,71.118919
2022-12-31,2023-01-25,2023-01-25,2022-12-30,129.710000,26.320000,reported,0.010000,reported,1.190000,4.928191,109.000000
2023-01-31,2023-02-15,2023-02-15,2023-01-27,135.070000,28.050000,reported,0.760000,reported,1.910000,4.815330,70.717277
2023-02-28,2023-03-15,2023-03-15,2023-02-24,141.810000,27.320000,reported,0.250000,reported,2.060000,5.190703,68.839806
2023-03-31,2023-04-13,2023-04-13,2023-03-31,143.060000,27.970000,reported,-0.260000,reported,1.420000,5.114766,100.746479
2023-04-30,2023-05-17,2023-05-17,2023-04-28,136.400000,28.600000,reported,0.330000,reported,2.090000,4.769231,65.263158
2023-05-31,2023-06-14,2023-06-14,2023-05-26,128.490000,28.170000,reported,0.180000,reported,2.120000,4.561235,60.608491
2023-06-30,2023-07-13,2023-07-13,2023-06-30,132.370000,27.710000,reported,0.060000,reported,2.930000,4.776976,45.177474
2023-07-31,2023-08-16,2023-08-16,2023-07-28,125.030000,28.820000,reported,1.030000,reported,2.790000,4.338307,44.813620
2023-08-31,2023-09-15,2023-09-15,2023-08-25,132.580000,28.930000,reported,0.250000,reported,2.840000,4.582786,46.683099
2023-09-30,2023-10-13,2023-10-13,2023-09-29,139.300000,28.890000,reported,0.630000,reported,4.640000,4.821738,30.021552
2023-10-31,2023-11-17,2023-11-17,2023-10-27,153.060000,29.180000,reported,0.690000,reported,4.690000,5.245374,32.635394
2023-11-30,2023-12-15,2023-12-15,2023-11-24,163.720000,31.690000,reported,1.160000,reported,5.090000,5.166299,32.165029
2023-12-31,2024-01-24,2024-01-24,2023-12-29,159.280000,33.800000,reported,1.530000,reported,6.610000,4.712426,24.096823
2024-01-31,2024-02-14,2024-02-14,2024-01-26,179.420000,35.100000,reported,1.190000,reported,7.040000,5.111681,25.485795
2024-02-29,2024-03-15,2024-03-15,2024-02-23,191.300000,35.540000,reported,1.240000,reported,8.030000,5.382667,23.823163
2024-03-31,2024-04-12,2024-04-12,2024-03-28,206.820000,37.240000,reported,1.530000,reported,9.820000,5.553706,21.061100
2024-04-30,2024-05-15,2024-05-15,2024-04-26,208.030000,36.920000,reported,0.720000,reported,10.210000,5.634615,20.375122
2024-05-31,2024-06-14,2024-06-14,2024-05-31,211.180000,37.940000,reported,0.400000,reported,10.430000,5.566157,20.247363
2024-06-30,2024-07-16,2024-07-16,2024-06-28,207.710000,39.850000,reported,1.370000,reported,11.740000,5.212296,17.692504
2024-07-31,2024-08-14,2024-08-14,2024-07-26,215.680000,42.510000,reported,1.390000,reported,12.100000,5.073630,17.824793
2024-08-31,2024-09-13,2024-09-13,2024-08-30,252.200000,44.710000,reported,1.600000,reported,13.450000,5.640796,18.750929
2024-09-30,2024-10-15,2024-10-15,2024-09-27,251.100000,46.360000,reported,1.000000,reported,13.820000,5.416307,18.169320
2024-10-31,2024-11-15,2024-11-15,2024-10-25,243.780000,45.350000,reported,0.700000,reported,13.830000,5.375524,17.626898
2024-11-30,2024-12-13,2024-12-13,2024-11-29,268.880000,47.430000,reported,1.720000,reported,14.390000,5.668986,18.685198
2024-12-31,2025-01-29,2025-01-29,2024-12-27,241.020000,43.670000,reported,1.610000,reported,14.470000,5.519121,16.656531
2025-01-31,2025-02-19,2025-02-19,2025-01-31,246.440000,45.750000,reported,1.910000,reported,15.190000,5.386667,16.223831
2025-02-28,2025-03-19,2025-03-19,2025-02-28,282.000000,48.480000,reported,1.580000,reported,15.530000,5.816832,18.158403
2025-03-31,2025-04-16,2025-04-16,2025-03-28,278.860000,49.390000,reported,0.890000,reported,14.890000,5.646082,18.728005
2025-04-30,2025-05-21,2025-05-21,2025-04-25,265.010000,51.710000,reported,1.680000,reported,15.850000,5.124927,16.719874
2025-05-31,2025-06-18,2025-06-18,2025-05-30,284.930000,52.770000,reported,1.820000,reported,17.270000,5.399469,16.498552
2025-06-30,2025-07-16,2025-07-16,2025-06-27,263.990000,55.620000,reported,1.920000,reported,17.820000,4.746314,14.814254
2025-07-31,2025-08-20,2025-08-20,2025-07-25,250.100000,56.920000,reported,1.860000,reported,18.290000,4.393886,13.674139
2025-08-31,2025-09-17,2025-09-17,2025-08-29,247.060000,59.970000,reported,2.080000,reported,18.770000,4.119727,13.162493
2025-09-30,2025-10-15,2025-10-15,2025-09-26,243.480000,60.450000,reported,0.520000,reported,18.290000,4.027792,13.312192
2025-10-31,2025-11-19,2025-11-19,2025-10-31,206.000000,62.000000,reported,1.440000,reported,19.030000,3.322581,10.825013
2025-11-30,2025-12-17,2025-12-17,2025-11-28,228.790000,64.040000,reported,1.630000,reported,18.940000,3.572611,12.079725
2025-12-31,2026-01-28,2026-01-28,2025-12-26,227.130000,51.740000,reported,1.960000,reported,19.290000,4.389834,11.774495
2026-01-31,2026-02-18,2026-02-18,2026-01-30,208.000000,53.240000,reported,1.980000,reported,19.360000,3.906837,10.743802
2026-02-28,2026-03-18,2026-03-18,2026-02-27,213.660000,55.640000,reported,1.610000,reported,19.390000,3.840043,11.019082
2026-03-31,2026-04-15,2026-04-15,2026-03-27,198.840000,54.820000,reported,1.220000,reported,19.720000,3.627143,10.083164
2026-04-30,2026-05-20,2026-05-20,2026-04-24,200.890000,56.290000,reported,1.860000,reported,19.900000,3.568840,10.094975
2026-05-31,2026-06-17,2026-06-17,2026-05-29,190.400000,58.110000,reported,2.480000,reported,20.560000,3.276544,9.260700
2026-06-30,2026-07-15,2026-07-15,2026-06-26,224.340000,59.050000,reported,1.340000,reported,19.980000,3.799153,11.228228
2026-07-31,2026-08-19,2026-08-19,2026-07-31,211.420000,59.640000,reported,1.650000,reported,19.770000,3.544936,10.693981
2026-08-31,2026-09-18,2026-09-18,2026-08-28,218.640000,60.920000,reported,1.640000,reported,19.330000,3.588969,11.310916
