signal,target,month,n_obs,ic
bp,abs_12m,1,21,-0.141558
bp,abs_12m,2,21,-0.051948
bp,abs_12m,3,21,-0.119481
bp,abs_12m,4,21,-0.177922
bp,abs_12m,5,21,-0.087013
bp,abs_12m,6,21,0.005195
bp,abs_12m,7,21,-0.016883
bp,abs_12m,8,21,0.032468
bp,abs_12m,9,21,0.031169
bp,abs_12m,10,21,0.033766
bp,abs_12m,11,21,0.036364
bp,abs_12m,12,21,-0.016883
ep,abs_12m,1,20,-0.466165
ep,abs_12m,2,20,-0.502256
ep,abs_12m,3,20,-0.422556
ep,abs_12m,4,20,-0.586466
ep,abs_12m,5,20,-0.309774
ep,abs_12m,6,20,-0.503759
ep,abs_12m,7,20,-0.463158
ep,abs_12m,8,21,-0.416883
ep,abs_12m,9,20,-0.514286
ep,abs_12m,10,20,-0.291729
ep,abs_12m,11,20,-0.196992
ep,abs_12m,12,20,-0.412030
bp_z60,abs_12m,1,18,-0.318885
bp_z60,abs_12m,2,18,-0.209494
bp_z60,abs_12m,3,18,-0.172343
bp_z60,abs_12m,4,18,-0.382869
bp_z60,abs_12m,5,18,-0.242518
bp_z60,abs_12m,6,18,-0.203302
bp_z60,abs_12m,7,18,-0.143447
bp_z60,abs_12m,8,19,-0.240351
bp_z60,abs_12m,9,18,-0.118679
bp_z60,abs_12m,10,18,-0.110423
bp_z60,abs_12m,11,18,-0.114551
bp_z60,abs_12m,12,18,-0.159959
ep_z60,abs_12m,1,17,-0.411765
ep_z60,abs_12m,2,17,-0.578431
ep_z60,abs_12m,3,17,-0.404412
ep_z60,abs_12m,4,17,-0.605392
ep_z60,abs_12m,5,17,-0.215686
ep_z60,abs_12m,6,17,-0.509804
ep_z60,abs_12m,7,18,-0.376677
ep_z60,abs_12m,8,18,-0.199174
ep_z60,abs_12m,9,17,-0.286765
ep_z60,abs_12m,10,17,-0.237745
ep_z60,abs_12m,11,17,-0.164216
ep_z60,abs_12m,12,17,-0.338235
pb_roe_adj,abs_12m,1,15,-0.371429
pb_roe_adj,abs_12m,2,15,-0.325000
pb_roe_adj,abs_12m,3,15,-0.196429
pb_roe_adj,abs_12m,4,15,-0.478571
pb_roe_adj,abs_12m,5,15,-0.182143
pb_roe_adj,abs_12m,6,15,-0.096429
pb_roe_adj,abs_12m,7,15,-0.107143
pb_roe_adj,abs_12m,8,16,-0.097059
pb_roe_adj,abs_12m,9,15,-0.139286
pb_roe_adj,abs_12m,10,15,-0.214286
pb_roe_adj,abs_12m,11,15,-0.210714
pb_roe_adj,abs_12m,12,15,-0.217857
ep_6m,abs_12m,1,20,-0.387970
ep_6m,abs_12m,2,21,-0.392208
ep_6m,abs_12m,3,21,-0.277922
ep_6m,abs_12m,4,21,-0.294805
ep_6m,abs_12m,5,21,0.024675
ep_6m,abs_12m,6,21,-0.222078
ep_6m,abs_12m,7,21,-0.305195
ep_6m,abs_12m,8,21,-0.406494
ep_6m,abs_12m,9,20,-0.443609
ep_6m,abs_12m,10,20,-0.338346
ep_6m,abs_12m,11,20,-0.306767
ep_6m,abs_12m,12,20,-0.284211
ep_3m,abs_12m,1,21,-0.089610
ep_3m,abs_12m,2,21,-0.123377
ep_3m,abs_12m,3,21,-0.196104
ep_3m,abs_12m,4,21,-0.398701
ep_3m,abs_12m,5,21,-0.163636
ep_3m,abs_12m,6,21,-0.367532
ep_3m,abs_12m,7,21,-0.346753
ep_3m,abs_12m,8,21,-0.385714
ep_3m,abs_12m,9,20,-0.252632
ep_3m,abs_12m,10,20,-0.338346
ep_3m,abs_12m,11,21,-0.166234
ep_3m,abs_12m,12,21,-0.205195
ep_norm,abs_12m,1,17,0.000000
ep_norm,abs_12m,2,17,0.181373
ep_norm,abs_12m,3,17,0.100490
ep_norm,abs_12m,4,17,-0.112745
ep_norm,abs_12m,5,17,-0.095588
ep_norm,abs_12m,6,17,-0.053922
ep_norm,abs_12m,7,17,-0.142157
ep_norm,abs_12m,8,18,-0.147575
ep_norm,abs_12m,9,17,-0.120098
ep_norm,abs_12m,10,17,0.029412
ep_norm,abs_12m,11,17,0.036765
ep_norm,abs_12m,12,17,-0.026961
roe_gap,abs_12m,1,17,-0.448529
roe_gap,abs_12m,2,17,-0.629902
roe_gap,abs_12m,3,17,-0.399510
roe_gap,abs_12m,4,17,-0.551471
roe_gap,abs_12m,5,17,-0.252451
roe_gap,abs_12m,6,17,-0.406863
roe_gap,abs_12m,7,17,-0.433824
roe_gap,abs_12m,8,18,-0.362229
roe_gap,abs_12m,9,17,-0.504902
roe_gap,abs_12m,10,17,-0.536765
roe_gap,abs_12m,11,17,-0.392157
roe_gap,abs_12m,12,17,-0.519608
ep_rel_mkt,abs_12m,1,17,-0.340686
ep_rel_mkt,abs_12m,2,17,-0.401961
ep_rel_mkt,abs_12m,3,17,-0.254902
ep_rel_mkt,abs_12m,4,17,-0.382353
ep_rel_mkt,abs_12m,5,17,-0.269608
ep_rel_mkt,abs_12m,6,17,-0.178922
ep_rel_mkt,abs_12m,7,17,-0.303922
ep_rel_mkt,abs_12m,8,17,-0.274510
ep_rel_mkt,abs_12m,9,17,-0.323529
ep_rel_mkt,abs_12m,10,16,-0.129412
ep_rel_mkt,abs_12m,11,17,-0.193627
ep_rel_mkt,abs_12m,12,17,-0.311275
bp,rel_12m,1,21,-0.180519
bp,rel_12m,2,21,-0.066234
bp,rel_12m,3,21,-0.093506
bp,rel_12m,4,21,-0.166234
bp,rel_12m,5,21,-0.166234
bp,rel_12m,6,21,-0.037662
bp,rel_12m,7,21,0.042857
bp,rel_12m,8,21,0.063636
bp,rel_12m,9,21,0.085714
bp,rel_12m,10,21,0.122078
bp,rel_12m,11,21,0.048052
bp,rel_12m,12,21,0.059740
ep,rel_12m,1,20,-0.246617
ep,rel_12m,2,20,-0.099248
ep,rel_12m,3,20,-0.108271
ep,rel_12m,4,20,-0.132331
ep,rel_12m,5,20,-0.206015
ep,rel_12m,6,20,-0.314286
ep,rel_12m,7,20,-0.186466
ep,rel_12m,8,21,-0.325974
ep,rel_12m,9,20,-0.360902
ep,rel_12m,10,20,-0.063158
ep,rel_12m,11,20,0.058647
ep,rel_12m,12,20,-0.133835
bp_z60,rel_12m,1,18,-0.360165
bp_z60,rel_12m,2,18,-0.137255
bp_z60,rel_12m,3,18,-0.242518
bp_z60,rel_12m,4,18,-0.325077
bp_z60,rel_12m,5,18,-0.339525
bp_z60,rel_12m,6,18,-0.261094
bp_z60,rel_12m,7,18,-0.098039
bp_z60,rel_12m,8,19,-0.107018
bp_z60,rel_12m,9,18,0.009288
bp_z60,rel_12m,10,18,0.038184
bp_z60,rel_12m,11,18,0.019608
bp_z60,rel_12m,12,18,-0.089783
ep_z60,rel_12m,1,17,-0.316176
ep_z60,rel_12m,2,17,-0.281863
ep_z60,rel_12m,3,17,-0.230392
ep_z60,rel_12m,4,17,-0.338235
ep_z60,rel_12m,5,17,-0.318627
ep_z60,rel_12m,6,17,-0.436275
ep_z60,rel_12m,7,18,-0.417957
ep_z60,rel_12m,8,18,-0.403509
ep_z60,rel_12m,9,17,-0.375000
ep_z60,rel_12m,10,17,-0.343137
ep_z60,rel_12m,11,17,-0.274510
ep_z60,rel_12m,12,17,-0.399510
pb_roe_adj,rel_12m,1,15,-0.264286
pb_roe_adj,rel_12m,2,15,-0.057143
pb_roe_adj,rel_12m,3,15,-0.239286
pb_roe_adj,rel_12m,4,15,-0.332143
pb_roe_adj,rel_12m,5,15,-0.192857
pb_roe_adj,rel_12m,6,15,-0.142857
pb_roe_adj,rel_12m,7,15,-0.039286
pb_roe_adj,rel_12m,8,16,-0.147059
pb_roe_adj,rel_12m,9,15,-0.157143
pb_roe_adj,rel_12m,10,15,-0.246429
pb_roe_adj,rel_12m,11,15,-0.317857
pb_roe_adj,rel_12m,12,15,-0.135714
ep_6m,rel_12m,1,20,-0.246617
ep_6m,rel_12m,2,21,-0.035065
ep_6m,rel_12m,3,21,0.012987
ep_6m,rel_12m,4,21,-0.183117
ep_6m,rel_12m,5,21,-0.035065
ep_6m,rel_12m,6,21,-0.210390
ep_6m,rel_12m,7,21,-0.257143
ep_6m,rel_12m,8,21,-0.512987
ep_6m,rel_12m,9,20,-0.401504
ep_6m,rel_12m,10,20,-0.210526
ep_6m,rel_12m,11,20,-0.147368
ep_6m,rel_12m,12,20,-0.204511
ep_3m,rel_12m,1,21,-0.036364
ep_3m,rel_12m,2,21,0.136364
ep_3m,rel_12m,3,21,0.125974
ep_3m,rel_12m,4,21,-0.289610
ep_3m,rel_12m,5,21,-0.375325
ep_3m,rel_12m,6,21,-0.379221
ep_3m,rel_12m,7,21,-0.416883
ep_3m,rel_12m,8,21,-0.470130
ep_3m,rel_12m,9,20,-0.345865
ep_3m,rel_12m,10,20,-0.315789
ep_3m,rel_12m,11,21,-0.092208
ep_3m,rel_12m,12,21,-0.003896
ep_norm,rel_12m,1,17,0.002451
ep_norm,rel_12m,2,17,0.186275
ep_norm,rel_12m,3,17,-0.105392
ep_norm,rel_12m,4,17,-0.061275
ep_norm,rel_12m,5,17,-0.029412
ep_norm,rel_12m,6,17,-0.007353
ep_norm,rel_12m,7,17,-0.026961
ep_norm,rel_12m,8,18,0.038184
ep_norm,rel_12m,9,17,0.090686
ep_norm,rel_12m,10,17,0.176471
ep_norm,rel_12m,11,17,0.066176
ep_norm,rel_12m,12,17,0.105392
roe_gap,rel_12m,1,17,-0.343137
roe_gap,rel_12m,2,17,-0.392157
roe_gap,rel_12m,3,17,-0.196078
roe_gap,rel_12m,4,17,-0.281863
roe_gap,rel_12m,5,17,-0.318627
roe_gap,rel_12m,6,17,-0.294118
roe_gap,rel_12m,7,17,-0.424020
roe_gap,rel_12m,8,18,-0.562436
roe_gap,rel_12m,9,17,-0.617647
roe_gap,rel_12m,10,17,-0.544118
roe_gap,rel_12m,11,17,-0.519608
roe_gap,rel_12m,12,17,-0.561275
ep_rel_mkt,rel_12m,1,17,-0.262255
ep_rel_mkt,rel_12m,2,17,-0.245098
ep_rel_mkt,rel_12m,3,17,-0.154412
ep_rel_mkt,rel_12m,4,17,-0.110294
ep_rel_mkt,rel_12m,5,17,-0.186275
ep_rel_mkt,rel_12m,6,17,-0.034314
ep_rel_mkt,rel_12m,7,17,-0.193627
ep_rel_mkt,rel_12m,8,17,-0.227941
ep_rel_mkt,rel_12m,9,17,-0.149510
ep_rel_mkt,rel_12m,10,16,-0.020588
ep_rel_mkt,rel_12m,11,17,-0.053922
ep_rel_mkt,rel_12m,12,17,-0.176471
