signal,target,kind,horizon,n_obs,n_independent,ic,ic_lo90,ic_hi90,slope_per_sd,nw_t,r2,first_date,last_date,period
bp,abs_1m,abs,1,124,124.000000,0.220343,0.062383,0.366189,0.010197,1.743850,0.023602,2004-09-30,2014-12-31,2004-2014
bp,rel_1m,rel,1,124,124.000000,0.172872,0.010504,0.316278,0.006801,1.279197,0.018512,2004-09-30,2014-12-31,2004-2014
bp,abs_3m,abs,3,124,41.333333,0.382137,0.174701,0.573084,0.028361,1.958717,0.076360,2004-09-30,2014-12-31,2004-2014
bp,rel_3m,rel,3,124,41.333333,0.260230,0.039402,0.458296,0.015950,1.334383,0.037488,2004-09-30,2014-12-31,2004-2014
bp,abs_6m,abs,6,124,20.666667,0.492790,0.211146,0.748490,0.047379,1.706510,0.108853,2004-09-30,2014-12-31,2004-2014
bp,rel_6m,rel,6,124,20.666667,0.265838,-0.037842,0.580613,0.020692,1.002525,0.042786,2004-09-30,2014-12-31,2004-2014
bp,abs_12m,abs,12,124,10.333333,0.550854,0.393068,0.816472,0.075756,1.897668,0.177901,2004-09-30,2014-12-31,2004-2014
bp,rel_12m,rel,12,124,10.333333,0.255603,-0.063019,0.659343,0.049342,1.378481,0.110454,2004-09-30,2014-12-31,2004-2014
bp,abs_24m,abs,24,124,5.166667,0.704900,0.371009,0.816949,0.169734,5.360832,0.431236,2004-09-30,2014-12-31,2004-2014
bp,rel_24m,rel,24,124,5.166667,0.314543,-0.334841,0.667312,0.112487,2.943291,0.351347,2004-09-30,2014-12-31,2004-2014
bp,abs_36m,abs,36,124,3.444444,0.803304,0.565894,0.882140,0.289214,8.998682,0.704441,2004-09-30,2014-12-31,2004-2014
bp,rel_36m,rel,36,124,3.444444,0.326842,-0.337083,0.584962,0.110169,2.486128,0.283751,2004-09-30,2014-12-31,2004-2014
ep,abs_1m,abs,1,113,113.000000,0.113506,-0.068590,0.286627,0.000391,0.046562,0.000033,2005-08-31,2014-12-31,2004-2014
ep,rel_1m,rel,1,113,113.000000,0.143140,-0.024251,0.307068,0.000103,0.018222,0.000004,2005-08-31,2014-12-31,2004-2014
ep,abs_3m,abs,3,113,37.666667,0.047400,-0.174856,0.280346,-0.006181,-0.383060,0.003509,2005-08-31,2014-12-31,2004-2014
ep,rel_3m,rel,3,113,37.666667,0.168458,-0.026607,0.367532,0.006253,0.609996,0.006076,2005-08-31,2014-12-31,2004-2014
ep,abs_6m,abs,6,113,18.833333,-0.077251,-0.332428,0.213138,-0.034280,-2.751347,0.056327,2005-08-31,2014-12-31,2004-2014
ep,rel_6m,rel,6,113,18.833333,0.171668,-0.085519,0.415169,0.006307,0.523969,0.004184,2005-08-31,2014-12-31,2004-2014
ep,abs_12m,abs,12,113,9.416667,-0.319366,-0.620767,0.026659,-0.078548,-4.129314,0.188197,2005-08-31,2014-12-31,2004-2014
ep,rel_12m,rel,12,113,9.416667,0.210310,-0.094307,0.480633,0.005957,0.289964,0.001591,2005-08-31,2014-12-31,2004-2014
ep,abs_24m,abs,24,113,4.708333,-0.209520,-0.640486,0.198386,-0.097939,-2.366876,0.133681,2005-08-31,2014-12-31,2004-2014
ep,rel_24m,rel,24,113,4.708333,0.461200,0.271652,0.713557,0.031423,1.179831,0.028169,2005-08-31,2014-12-31,2004-2014
ep,abs_36m,abs,36,113,3.138889,-0.085709,-0.433744,0.161640,-0.051335,-1.448174,0.022021,2005-08-31,2014-12-31,2004-2014
ep,rel_36m,rel,36,113,3.138889,0.230014,-0.301299,0.617696,0.035596,1.698523,0.036094,2005-08-31,2014-12-31,2004-2014
bp_z60,abs_1m,abs,1,89,89.000000,0.158750,-0.035270,0.327096,0.008589,1.363217,0.014995,2007-08-31,2014-12-31,2004-2014
bp_z60,rel_1m,rel,1,89,89.000000,0.211134,0.035959,0.372233,0.010017,2.588364,0.045511,2007-08-31,2014-12-31,2004-2014
bp_z60,abs_3m,abs,3,89,29.666667,0.269101,0.060817,0.493058,0.025282,1.911113,0.055282,2007-08-31,2014-12-31,2004-2014
bp_z60,rel_3m,rel,3,89,29.666667,0.346459,0.158143,0.539809,0.027790,3.563871,0.139725,2007-08-31,2014-12-31,2004-2014
bp_z60,abs_6m,abs,6,89,14.833333,0.465901,0.257923,0.720800,0.046290,2.564302,0.092888,2007-08-31,2014-12-31,2004-2014
bp_z60,rel_6m,rel,6,89,14.833333,0.483299,0.245990,0.692517,0.044168,3.964110,0.255740,2007-08-31,2014-12-31,2004-2014
bp_z60,abs_12m,abs,12,89,7.416667,0.257559,0.079756,0.687407,0.025178,0.798672,0.021097,2007-08-31,2014-12-31,2004-2014
bp_z60,rel_12m,rel,12,89,7.416667,0.299234,-0.068122,0.697224,0.041761,1.473896,0.125869,2007-08-31,2014-12-31,2004-2014
bp_z60,abs_24m,abs,24,89,3.708333,0.162223,0.169671,0.612105,0.020401,0.734718,0.016990,2007-08-31,2014-12-31,2004-2014
bp_z60,rel_24m,rel,24,89,3.708333,-0.001345,-0.028005,0.560987,-0.004691,-0.170574,0.001234,2007-08-31,2014-12-31,2004-2014
ep_z60,abs_1m,abs,1,78,78.000000,0.215215,0.003821,0.410461,0.008329,0.759136,0.014210,2008-07-31,2014-12-31,2004-2014
ep_z60,rel_1m,rel,1,78,78.000000,0.176773,-0.036167,0.361268,-0.003230,-0.419145,0.005568,2008-07-31,2014-12-31,2004-2014
ep_z60,abs_3m,abs,3,78,26.000000,0.182741,-0.112245,0.430786,0.013196,0.528955,0.014747,2008-07-31,2014-12-31,2004-2014
ep_z60,rel_3m,rel,3,78,26.000000,0.143262,-0.075768,0.388619,0.000175,0.016805,0.000006,2008-07-31,2014-12-31,2004-2014
ep_z60,abs_6m,abs,6,78,13.000000,0.044727,-0.260247,0.286351,-0.012134,-0.674749,0.007596,2008-07-31,2014-12-31,2004-2014
ep_z60,rel_6m,rel,6,78,13.000000,0.010357,-0.235775,0.345959,-0.005747,-0.354186,0.004568,2008-07-31,2014-12-31,2004-2014
ep_z60,abs_12m,abs,12,78,6.500000,-0.246956,-0.460374,0.127150,-0.035855,-2.369980,0.083516,2008-07-31,2014-12-31,2004-2014
ep_z60,rel_12m,rel,12,78,6.500000,-0.206894,-0.326385,0.146650,-0.010295,-0.840114,0.009454,2008-07-31,2014-12-31,2004-2014
ep_z60,abs_24m,abs,24,78,3.250000,-0.075001,-0.339793,0.471017,-0.047568,-3.195482,0.158414,2008-07-31,2014-12-31,2004-2014
ep_z60,rel_24m,rel,24,78,3.250000,0.123762,0.090425,0.733419,-0.002803,-0.235192,0.000454,2008-07-31,2014-12-31,2004-2014
pb_roe_adj,abs_1m,abs,1,53,53.000000,0.141590,-0.103224,0.378528,0.009581,1.320585,0.035720,2010-08-31,2014-12-31,2004-2014
pb_roe_adj,rel_1m,rel,1,53,53.000000,0.171827,-0.058840,0.391883,0.005708,1.240582,0.021562,2010-08-31,2014-12-31,2004-2014
pb_roe_adj,abs_3m,abs,3,53,17.666667,0.238026,-0.055749,0.530561,0.020489,1.369023,0.060025,2010-08-31,2014-12-31,2004-2014
pb_roe_adj,rel_3m,rel,3,53,17.666667,0.277375,0.042719,0.579727,0.015877,1.498084,0.065266,2010-08-31,2014-12-31,2004-2014
pb_roe_adj,abs_6m,abs,6,53,8.833333,0.376633,0.018550,0.643309,0.045278,2.590014,0.175715,2010-08-31,2014-12-31,2004-2014
pb_roe_adj,rel_6m,rel,6,53,8.833333,0.464361,0.321863,0.752134,0.036560,2.500597,0.229946,2010-08-31,2014-12-31,2004-2014
pb_roe_adj,abs_12m,abs,12,53,4.416667,0.234398,-0.018426,0.902710,0.026603,0.893858,0.057139,2010-08-31,2014-12-31,2004-2014
pb_roe_adj,rel_12m,rel,12,53,4.416667,0.294872,-0.155095,0.847297,0.030182,0.830688,0.067605,2010-08-31,2014-12-31,2004-2014
ep_6m,abs_1m,abs,1,119,119.000000,0.061003,-0.101015,0.228961,0.001445,0.135597,0.000475,2005-02-28,2014-12-31,2004-2014
ep_6m,rel_1m,rel,1,119,119.000000,0.063025,-0.091065,0.220238,-0.005644,-0.936801,0.013259,2005-02-28,2014-12-31,2004-2014
ep_6m,abs_3m,abs,3,119,39.666667,-0.016992,-0.250298,0.215920,-0.005986,-0.259477,0.003345,2005-02-28,2014-12-31,2004-2014
ep_6m,rel_3m,rel,3,119,39.666667,0.033884,-0.163390,0.228901,-0.009345,-1.152476,0.013236,2005-02-28,2014-12-31,2004-2014
ep_6m,abs_6m,abs,6,119,19.833333,-0.054066,-0.343006,0.221648,-0.031182,-2.490043,0.046189,2005-02-28,2014-12-31,2004-2014
ep_6m,rel_6m,rel,6,119,19.833333,0.054195,-0.224073,0.305234,-0.009411,-1.066439,0.008876,2005-02-28,2014-12-31,2004-2014
ep_6m,abs_12m,abs,12,119,9.916667,-0.146197,-0.461108,0.222284,-0.048573,-3.584555,0.074379,2005-02-28,2014-12-31,2004-2014
ep_6m,rel_12m,rel,12,119,9.916667,0.092893,-0.162311,0.363411,0.006652,0.706916,0.002065,2005-02-28,2014-12-31,2004-2014
ep_6m,abs_24m,abs,24,119,4.958333,-0.224747,-0.539546,0.023927,-0.087790,-3.704684,0.111011,2005-02-28,2014-12-31,2004-2014
ep_6m,rel_24m,rel,24,119,4.958333,0.202592,0.065547,0.450915,0.004353,0.309242,0.000513,2005-02-28,2014-12-31,2004-2014
ep_6m,abs_36m,abs,36,119,3.305556,-0.161750,-0.472743,0.070703,-0.056016,-2.505377,0.026063,2005-02-28,2014-12-31,2004-2014
ep_6m,rel_36m,rel,36,119,3.305556,0.034169,-0.261507,0.308557,0.006442,0.514799,0.001072,2005-02-28,2014-12-31,2004-2014
ep_3m,abs_1m,abs,1,122,122.000000,0.084432,-0.077920,0.242298,0.010881,1.456950,0.027116,2004-11-30,2014-12-31,2004-2014
ep_3m,rel_1m,rel,1,122,122.000000,0.079945,-0.062932,0.220246,-0.001355,-0.167791,0.000757,2004-11-30,2014-12-31,2004-2014
ep_3m,abs_3m,abs,3,122,40.666667,0.160663,-0.061126,0.365341,0.031252,6.231706,0.092573,2004-11-30,2014-12-31,2004-2014
ep_3m,rel_3m,rel,3,122,40.666667,0.167550,-0.020349,0.351363,0.005512,1.205289,0.004569,2004-11-30,2014-12-31,2004-2014
ep_3m,abs_6m,abs,6,122,20.333333,0.011483,-0.263248,0.277370,-0.003257,-0.416308,0.000507,2004-11-30,2014-12-31,2004-2014
ep_3m,rel_6m,rel,6,122,20.333333,0.056645,-0.208597,0.304083,-0.013125,-1.778998,0.016965,2004-11-30,2014-12-31,2004-2014
ep_3m,abs_12m,abs,12,122,10.166667,0.034879,-0.224131,0.333367,-0.011180,-0.977713,0.003870,2004-11-30,2014-12-31,2004-2014
ep_3m,rel_12m,rel,12,122,10.166667,0.108066,-0.100607,0.405192,0.009115,1.069074,0.003759,2004-11-30,2014-12-31,2004-2014
ep_3m,abs_24m,abs,24,122,5.083333,-0.104616,-0.333425,0.112197,-0.045892,-2.640303,0.031053,2004-11-30,2014-12-31,2004-2014
ep_3m,rel_24m,rel,24,122,5.083333,0.092624,-0.058660,0.361469,-0.001762,-0.162379,0.000085,2004-11-30,2014-12-31,2004-2014
ep_3m,abs_36m,abs,36,122,3.388889,-0.081194,-0.374494,0.142032,-0.015941,-1.005598,0.002129,2004-11-30,2014-12-31,2004-2014
ep_3m,rel_36m,rel,36,122,3.388889,-0.012626,-0.140318,0.165542,0.006409,0.762341,0.001021,2004-11-30,2014-12-31,2004-2014
ep_norm,abs_1m,abs,1,77,77.000000,0.086440,-0.123685,0.298568,0.002368,0.232384,0.001138,2008-08-29,2014-12-31,2004-2014
ep_norm,rel_1m,rel,1,77,77.000000,0.205216,0.000650,0.386265,0.011097,2.429959,0.066254,2008-08-29,2014-12-31,2004-2014
ep_norm,abs_3m,abs,3,77,25.666667,0.168358,-0.081885,0.452957,0.018831,0.894416,0.033253,2008-08-29,2014-12-31,2004-2014
ep_norm,rel_3m,rel,3,77,25.666667,0.332983,0.077341,0.528365,0.028348,3.239412,0.160359,2008-08-29,2014-12-31,2004-2014
ep_norm,abs_6m,abs,6,77,12.833333,0.413876,0.218687,0.727579,0.039667,1.908141,0.096828,2008-08-29,2014-12-31,2004-2014
ep_norm,rel_6m,rel,6,77,12.833333,0.457280,0.135502,0.691339,0.040539,3.048212,0.224691,2008-08-29,2014-12-31,2004-2014
ep_norm,abs_12m,abs,12,77,6.416667,0.308455,-0.005456,0.743908,0.046177,2.799165,0.151307,2008-08-29,2014-12-31,2004-2014
ep_norm,rel_12m,rel,12,77,6.416667,0.296808,-0.178099,0.772400,0.041781,1.747979,0.153755,2008-08-29,2014-12-31,2004-2014
ep_norm,abs_24m,abs,24,77,3.208333,0.276934,0.014396,0.714690,0.051543,3.201920,0.192795,2008-08-29,2014-12-31,2004-2014
ep_norm,rel_24m,rel,24,77,3.208333,0.199932,0.010097,0.666144,0.023917,1.095054,0.032882,2008-08-29,2014-12-31,2004-2014
roe_gap,abs_1m,abs,1,77,77.000000,0.082207,-0.128652,0.272801,0.003193,0.294584,0.002069,2008-08-29,2014-12-31,2004-2014
roe_gap,rel_1m,rel,1,77,77.000000,0.054735,-0.150228,0.251510,-0.002102,-0.303089,0.002378,2008-08-29,2014-12-31,2004-2014
roe_gap,abs_3m,abs,3,77,25.666667,-0.023371,-0.306653,0.208049,-0.000009,-0.000402,0.000000,2008-08-29,2014-12-31,2004-2014
roe_gap,rel_3m,rel,3,77,25.666667,-0.025448,-0.266347,0.279819,-0.000294,-0.025474,0.000017,2008-08-29,2014-12-31,2004-2014
roe_gap,abs_6m,abs,6,77,12.833333,-0.269941,-0.545195,-0.117477,-0.025398,-2.008751,0.039696,2008-08-29,2014-12-31,2004-2014
roe_gap,rel_6m,rel,6,77,12.833333,-0.284268,-0.546410,0.076305,-0.005413,-0.318999,0.004006,2008-08-29,2014-12-31,2004-2014
roe_gap,abs_12m,abs,12,77,6.416667,-0.484200,-0.712691,-0.138500,-0.049576,-4.157607,0.174399,2008-08-29,2014-12-31,2004-2014
roe_gap,rel_12m,rel,12,77,6.416667,-0.454651,-0.623412,-0.161856,-0.018054,-1.035487,0.028708,2008-08-29,2014-12-31,2004-2014
roe_gap,abs_24m,abs,24,77,3.208333,-0.299727,-0.435902,0.000288,-0.054691,-5.937041,0.217062,2008-08-29,2014-12-31,2004-2014
roe_gap,rel_24m,rel,24,77,3.208333,0.074951,0.001955,0.421066,0.002124,0.148123,0.000259,2008-08-29,2014-12-31,2004-2014
ep_rel_mkt,abs_1m,abs,1,75,75.000000,0.063186,-0.148821,0.277081,0.009397,1.285123,0.017786,2008-01-31,2014-12-31,2004-2014
ep_rel_mkt,rel_1m,rel,1,75,75.000000,0.241679,0.027378,0.430269,0.010358,2.354150,0.058036,2008-01-31,2014-12-31,2004-2014
ep_rel_mkt,abs_3m,abs,3,75,25.000000,0.012006,-0.249788,0.293027,0.016823,1.013287,0.026805,2008-01-31,2014-12-31,2004-2014
ep_rel_mkt,rel_3m,rel,3,75,25.000000,0.310526,0.066085,0.559223,0.022341,2.811497,0.101895,2008-01-31,2014-12-31,2004-2014
ep_rel_mkt,abs_6m,abs,6,75,12.500000,-0.162418,-0.472422,0.222461,-0.032036,-0.951506,0.043586,2008-01-31,2014-12-31,2004-2014
ep_rel_mkt,rel_6m,rel,6,75,12.500000,0.372859,0.004837,0.614864,0.023083,1.767195,0.074512,2008-01-31,2014-12-31,2004-2014
ep_rel_mkt,abs_12m,abs,12,75,6.250000,-0.224922,-0.504235,0.434628,-0.044308,-1.085960,0.076514,2008-01-31,2014-12-31,2004-2014
ep_rel_mkt,rel_12m,rel,12,75,6.250000,0.431067,-0.184139,0.703473,0.047510,3.298658,0.165004,2008-01-31,2014-12-31,2004-2014
ep_rel_mkt,abs_24m,abs,24,75,3.125000,-0.162475,-0.299044,0.351131,-0.034399,-2.353457,0.084672,2008-01-31,2014-12-31,2004-2014
ep_rel_mkt,rel_24m,rel,24,75,3.125000,0.727539,0.541275,0.806743,0.061187,1.921170,0.194337,2008-01-31,2014-12-31,2004-2014
bp,abs_1m,abs,1,139,139.000000,0.144350,0.005248,0.267862,0.005856,1.308508,0.009454,2015-01-30,2026-07-31,2015+
bp,rel_1m,rel,1,139,139.000000,0.117262,-0.016679,0.247898,0.005426,1.047244,0.006957,2015-01-30,2026-07-31,2015+
bp,abs_3m,abs,3,137,45.666667,0.149234,-0.045582,0.351308,0.011367,0.996582,0.016319,2015-01-30,2026-05-29,2015+
bp,rel_3m,rel,3,137,45.666667,0.143951,-0.036471,0.334661,0.016169,1.242136,0.022378,2015-01-30,2026-05-29,2015+
bp,abs_6m,abs,6,134,22.333333,0.217252,-0.077465,0.498825,0.023617,0.995325,0.037969,2015-01-30,2026-02-27,2015+
bp,rel_6m,rel,6,134,22.333333,0.249582,-0.030594,0.454311,0.036782,1.511808,0.065038,2015-01-30,2026-02-27,2015+
bp,abs_12m,abs,12,128,10.666667,0.220135,-0.219504,0.614576,0.044558,0.868486,0.063471,2015-01-30,2025-08-29,2015+
bp,rel_12m,rel,12,128,10.666667,0.271785,-0.144835,0.490845,0.067879,1.448314,0.104948,2015-01-30,2025-08-29,2015+
bp,abs_24m,abs,24,116,4.833333,0.295583,-0.358472,0.820805,0.057426,1.141061,0.098740,2015-01-30,2024-08-30,2015+
bp,rel_24m,rel,24,116,4.833333,0.424788,0.091517,0.662087,0.108486,2.707583,0.240966,2015-01-30,2024-08-30,2015+
ep,abs_1m,abs,1,139,139.000000,-0.054033,-0.196162,0.094097,-0.000767,-0.171656,0.000162,2015-01-30,2026-07-31,2015+
ep,rel_1m,rel,1,139,139.000000,-0.091398,-0.232045,0.055159,-0.004669,-0.844264,0.005151,2015-01-30,2026-07-31,2015+
ep,abs_3m,abs,3,137,45.666667,-0.153803,-0.338055,0.027272,-0.009266,-0.884149,0.010844,2015-01-30,2026-05-29,2015+
ep,rel_3m,rel,3,137,45.666667,-0.188512,-0.371845,-0.003362,-0.015458,-1.251580,0.020455,2015-01-30,2026-05-29,2015+
ep,abs_6m,abs,6,134,22.333333,-0.236594,-0.456477,0.024692,-0.023815,-1.270540,0.038608,2015-01-30,2026-02-27,2015+
ep,rel_6m,rel,6,134,22.333333,-0.241093,-0.481069,0.036430,-0.028766,-1.401697,0.039780,2015-01-30,2026-02-27,2015+
ep,abs_12m,abs,12,128,10.666667,-0.330938,-0.593732,-0.030271,-0.048790,-1.690717,0.076098,2015-01-30,2025-08-29,2015+
ep,rel_12m,rel,12,128,10.666667,-0.223820,-0.533452,0.059702,-0.033064,-1.103572,0.024900,2015-01-30,2025-08-29,2015+
ep,abs_24m,abs,24,116,4.833333,-0.383931,-0.725662,-0.100840,-0.065475,-3.172749,0.128361,2015-01-30,2024-08-30,2015+
ep,rel_24m,rel,24,116,4.833333,-0.088786,-0.534773,0.178121,-0.003221,-0.103684,0.000212,2015-01-30,2024-08-30,2015+
bp_z60,abs_1m,abs,1,139,139.000000,0.019447,-0.117009,0.153922,0.002407,0.579744,0.001597,2015-01-30,2026-07-31,2015+
bp_z60,rel_1m,rel,1,139,139.000000,-0.066893,-0.206831,0.078304,-0.002615,-0.488152,0.001615,2015-01-30,2026-07-31,2015+
bp_z60,abs_3m,abs,3,137,45.666667,-0.033393,-0.210795,0.144344,-0.001856,-0.201451,0.000435,2015-01-30,2026-05-29,2015+
bp_z60,rel_3m,rel,3,137,45.666667,-0.088072,-0.262372,0.094259,-0.007337,-0.674095,0.004608,2015-01-30,2026-05-29,2015+
bp_z60,abs_6m,abs,6,134,22.333333,-0.032282,-0.229413,0.231609,-0.006054,-0.364060,0.002495,2015-01-30,2026-02-27,2015+
bp_z60,rel_6m,rel,6,134,22.333333,-0.045918,-0.295849,0.260942,-0.008288,-0.366685,0.003302,2015-01-30,2026-02-27,2015+
bp_z60,abs_12m,abs,12,128,10.666667,-0.042174,-0.186050,0.294647,-0.008111,-0.410521,0.002103,2015-01-30,2025-08-29,2015+
bp_z60,rel_12m,rel,12,128,10.666667,-0.013957,-0.310579,0.369606,-0.005535,-0.129110,0.000698,2015-01-30,2025-08-29,2015+
bp_z60,abs_24m,abs,24,116,4.833333,-0.087272,-0.427081,0.280557,-0.011547,-0.422673,0.003992,2015-01-30,2024-08-30,2015+
bp_z60,rel_24m,rel,24,116,4.833333,0.140015,-0.146966,0.414551,0.031482,1.204134,0.020292,2015-01-30,2024-08-30,2015+
ep_z60,abs_1m,abs,1,139,139.000000,-0.054565,-0.199930,0.094763,-0.000902,-0.207446,0.000224,2015-01-30,2026-07-31,2015+
ep_z60,rel_1m,rel,1,139,139.000000,-0.115930,-0.247768,0.026200,-0.005556,-1.098766,0.007294,2015-01-30,2026-07-31,2015+
ep_z60,abs_3m,abs,3,137,45.666667,-0.131406,-0.306853,0.045537,-0.009430,-1.025308,0.011230,2015-01-30,2026-05-29,2015+
ep_z60,rel_3m,rel,3,137,45.666667,-0.207147,-0.383404,-0.022431,-0.019762,-1.773438,0.033429,2015-01-30,2026-05-29,2015+
ep_z60,abs_6m,abs,6,134,22.333333,-0.238624,-0.425820,-0.001201,-0.025692,-1.615477,0.044934,2015-01-30,2026-02-27,2015+
ep_z60,rel_6m,rel,6,134,22.333333,-0.307213,-0.520342,-0.048966,-0.042180,-2.438156,0.085530,2015-01-30,2026-02-27,2015+
ep_z60,abs_12m,abs,12,128,10.666667,-0.380505,-0.598512,-0.038869,-0.059244,-2.106677,0.112205,2015-01-30,2025-08-29,2015+
ep_z60,rel_12m,rel,12,128,10.666667,-0.345020,-0.577622,-0.022170,-0.070257,-2.552313,0.112429,2015-01-30,2025-08-29,2015+
ep_z60,abs_24m,abs,24,116,4.833333,-0.626225,-0.748804,-0.151305,-0.095051,-3.423125,0.270519,2015-01-30,2024-08-30,2015+
ep_z60,rel_24m,rel,24,116,4.833333,-0.398424,-0.723201,-0.009763,-0.066546,-1.568506,0.090667,2015-01-30,2024-08-30,2015+
pb_roe_adj,abs_1m,abs,1,139,139.000000,0.041753,-0.098699,0.180308,0.001775,0.409384,0.000868,2015-01-30,2026-07-31,2015+
pb_roe_adj,rel_1m,rel,1,139,139.000000,-0.006113,-0.140421,0.139004,-0.001322,-0.253193,0.000413,2015-01-30,2026-07-31,2015+
pb_roe_adj,abs_3m,abs,3,137,45.666667,-0.010832,-0.192156,0.172869,-0.001702,-0.169869,0.000366,2015-01-30,2026-05-29,2015+
pb_roe_adj,rel_3m,rel,3,137,45.666667,-0.059878,-0.244706,0.123385,-0.004386,-0.375245,0.001646,2015-01-30,2026-05-29,2015+
pb_roe_adj,abs_6m,abs,6,134,22.333333,-0.016526,-0.249069,0.250426,-0.003071,-0.161249,0.000642,2015-01-30,2026-02-27,2015+
pb_roe_adj,rel_6m,rel,6,134,22.333333,-0.039295,-0.313959,0.218819,-0.002610,-0.123036,0.000327,2015-01-30,2026-02-27,2015+
pb_roe_adj,abs_12m,abs,12,128,10.666667,-0.039353,-0.370229,0.310346,-0.001527,-0.040882,0.000075,2015-01-30,2025-08-29,2015+
pb_roe_adj,rel_12m,rel,12,128,10.666667,0.029699,-0.330978,0.287971,0.011741,0.321062,0.003140,2015-01-30,2025-08-29,2015+
pb_roe_adj,abs_24m,abs,24,116,4.833333,-0.045669,-0.564306,0.434877,0.001046,0.020316,0.000033,2015-01-30,2024-08-30,2015+
pb_roe_adj,rel_24m,rel,24,116,4.833333,0.212317,-0.111909,0.400215,0.061008,1.368267,0.076204,2015-01-30,2024-08-30,2015+
ep_6m,abs_1m,abs,1,139,139.000000,-0.055883,-0.195904,0.087860,-0.001507,-0.364357,0.000626,2015-01-30,2026-07-31,2015+
ep_6m,rel_1m,rel,1,139,139.000000,-0.104611,-0.250114,0.045262,-0.007052,-1.320071,0.011748,2015-01-30,2026-07-31,2015+
ep_6m,abs_3m,abs,3,137,45.666667,-0.132134,-0.312894,0.045585,-0.010184,-1.107549,0.013099,2015-01-30,2026-05-29,2015+
ep_6m,rel_3m,rel,3,137,45.666667,-0.218068,-0.412066,-0.019936,-0.024209,-2.036637,0.050167,2015-01-30,2026-05-29,2015+
ep_6m,abs_6m,abs,6,134,22.333333,-0.217511,-0.410277,0.012715,-0.023580,-1.387351,0.037848,2015-01-30,2026-02-27,2015+
ep_6m,rel_6m,rel,6,134,22.333333,-0.303283,-0.543045,-0.032575,-0.042815,-1.974731,0.088123,2015-01-30,2026-02-27,2015+
ep_6m,abs_12m,abs,12,128,10.666667,-0.259545,-0.505259,0.046695,-0.042068,-1.634055,0.056574,2015-01-30,2025-08-29,2015+
ep_6m,rel_12m,rel,12,128,10.666667,-0.243208,-0.494267,0.003418,-0.053713,-2.196844,0.065714,2015-01-30,2025-08-29,2015+
ep_6m,abs_24m,abs,24,116,4.833333,-0.483489,-0.702211,-0.130473,-0.081491,-4.828932,0.198838,2015-01-30,2024-08-30,2015+
ep_6m,rel_24m,rel,24,116,4.833333,-0.223796,-0.415223,0.074194,-0.033556,-1.729212,0.023053,2015-01-30,2024-08-30,2015+
ep_3m,abs_1m,abs,1,139,139.000000,-0.043939,-0.181019,0.093220,-0.000458,-0.103109,0.000058,2015-01-30,2026-07-31,2015+
ep_3m,rel_1m,rel,1,139,139.000000,-0.058381,-0.197439,0.087258,-0.003845,-0.724156,0.003492,2015-01-30,2026-07-31,2015+
ep_3m,abs_3m,abs,3,137,45.666667,-0.201243,-0.372492,-0.038961,-0.013508,-1.518987,0.023045,2015-01-30,2026-05-29,2015+
ep_3m,rel_3m,rel,3,137,45.666667,-0.259623,-0.434741,-0.078542,-0.026622,-2.516698,0.060667,2015-01-30,2026-05-29,2015+
ep_3m,abs_6m,abs,6,134,22.333333,-0.279921,-0.463882,-0.086992,-0.028432,-1.984704,0.055028,2015-01-30,2026-02-27,2015+
ep_3m,rel_6m,rel,6,134,22.333333,-0.375109,-0.593787,-0.141911,-0.051702,-2.799669,0.128502,2015-01-30,2026-02-27,2015+
ep_3m,abs_12m,abs,12,128,10.666667,-0.286286,-0.513485,-0.031597,-0.039708,-1.802261,0.050404,2015-01-30,2025-08-29,2015+
ep_3m,rel_12m,rel,12,128,10.666667,-0.256461,-0.493840,-0.039344,-0.056910,-2.434881,0.073769,2015-01-30,2025-08-29,2015+
ep_3m,abs_24m,abs,24,116,4.833333,-0.504117,-0.670975,-0.280847,-0.079599,-3.800199,0.189712,2015-01-30,2024-08-30,2015+
ep_3m,rel_24m,rel,24,116,4.833333,-0.293853,-0.475896,-0.061763,-0.050454,-2.454340,0.052118,2015-01-30,2024-08-30,2015+
ep_norm,abs_1m,abs,1,139,139.000000,0.084030,-0.047441,0.215007,0.004448,0.965247,0.005453,2015-01-30,2026-07-31,2015+
ep_norm,rel_1m,rel,1,139,139.000000,0.073064,-0.057692,0.211467,0.004057,0.746331,0.003889,2015-01-30,2026-07-31,2015+
ep_norm,abs_3m,abs,3,137,45.666667,0.058600,-0.134965,0.261917,0.005941,0.557527,0.004458,2015-01-30,2026-05-29,2015+
ep_norm,rel_3m,rel,3,137,45.666667,0.100384,-0.088741,0.301850,0.012827,0.967149,0.014083,2015-01-30,2026-05-29,2015+
ep_norm,abs_6m,abs,6,134,22.333333,0.100503,-0.148567,0.366965,0.013071,0.658437,0.011630,2015-01-30,2026-02-27,2015+
ep_norm,rel_6m,rel,6,134,22.333333,0.210658,-0.085967,0.469477,0.032301,1.260752,0.050156,2015-01-30,2026-02-27,2015+
ep_norm,abs_12m,abs,12,128,10.666667,0.111661,-0.266506,0.428365,0.029988,0.716224,0.028749,2015-01-30,2025-08-29,2015+
ep_norm,rel_12m,rel,12,128,10.666667,0.285885,-0.164740,0.540193,0.068121,1.451059,0.105697,2015-01-30,2025-08-29,2015+
ep_norm,abs_24m,abs,24,116,4.833333,0.254826,-0.306489,0.587367,0.055602,1.290281,0.092567,2015-01-30,2024-08-30,2015+
ep_norm,rel_24m,rel,24,116,4.833333,0.535225,0.288848,0.651581,0.128737,4.740702,0.339320,2015-01-30,2024-08-30,2015+
roe_gap,abs_1m,abs,1,139,139.000000,-0.150302,-0.294529,-0.000418,-0.004478,-0.970075,0.005528,2015-01-30,2026-07-31,2015+
roe_gap,rel_1m,rel,1,139,139.000000,-0.173475,-0.311853,-0.031643,-0.008757,-1.528867,0.018119,2015-01-30,2026-07-31,2015+
roe_gap,abs_3m,abs,3,137,45.666667,-0.247447,-0.442978,-0.066124,-0.016139,-1.354459,0.032895,2015-01-30,2026-05-29,2015+
roe_gap,rel_3m,rel,3,137,45.666667,-0.305384,-0.492580,-0.115765,-0.026853,-1.766160,0.061725,2015-01-30,2026-05-29,2015+
roe_gap,abs_6m,abs,6,134,22.333333,-0.392192,-0.588042,-0.118455,-0.037877,-1.586392,0.097658,2015-01-30,2026-02-27,2015+
roe_gap,rel_6m,rel,6,134,22.333333,-0.474338,-0.668217,-0.201734,-0.054329,-1.891489,0.141894,2015-01-30,2026-02-27,2015+
roe_gap,abs_12m,abs,12,128,10.666667,-0.572468,-0.782799,-0.201300,-0.089445,-2.069987,0.255760,2015-01-30,2025-08-29,2015+
roe_gap,rel_12m,rel,12,128,10.666667,-0.526409,-0.689781,-0.157139,-0.095409,-2.088199,0.207337,2015-01-30,2025-08-29,2015+
roe_gap,abs_24m,abs,24,116,4.833333,-0.710145,-0.783094,-0.378216,-0.122097,-5.647520,0.446365,2015-01-30,2024-08-30,2015+
roe_gap,rel_24m,rel,24,116,4.833333,-0.460039,-0.727908,-0.055052,-0.088541,-2.460231,0.160507,2015-01-30,2024-08-30,2015+
ep_rel_mkt,abs_1m,abs,1,136,136.000000,-0.105119,-0.251832,0.045732,-0.002389,-0.538419,0.001624,2015-01-30,2026-04-30,2015+
ep_rel_mkt,rel_1m,rel,1,136,136.000000,-0.125519,-0.272647,0.022628,-0.006475,-1.146409,0.010364,2015-01-30,2026-04-30,2015+
ep_rel_mkt,abs_3m,abs,3,136,45.333333,-0.191742,-0.363347,-0.011033,-0.008683,-0.781061,0.009517,2015-01-30,2026-04-30,2015+
ep_rel_mkt,rel_3m,rel,3,136,45.333333,-0.220638,-0.382316,-0.021100,-0.015590,-1.092434,0.020780,2015-01-30,2026-04-30,2015+
ep_rel_mkt,abs_6m,abs,6,134,22.333333,-0.286141,-0.490495,-0.031070,-0.020388,-0.959893,0.028296,2015-01-30,2026-02-27,2015+
ep_rel_mkt,rel_6m,rel,6,134,22.333333,-0.298739,-0.524681,-0.016580,-0.028036,-1.117336,0.037786,2015-01-30,2026-02-27,2015+
ep_rel_mkt,abs_12m,abs,12,128,10.666667,-0.406857,-0.646293,-0.082449,-0.053201,-1.709020,0.090480,2015-01-30,2025-08-29,2015+
ep_rel_mkt,rel_12m,rel,12,128,10.666667,-0.321129,-0.608987,0.009060,-0.042987,-1.296426,0.042090,2015-01-30,2025-08-29,2015+
ep_rel_mkt,abs_24m,abs,24,116,4.833333,-0.402453,-0.710372,-0.102457,-0.078433,-7.319413,0.184197,2015-01-30,2024-08-30,2015+
ep_rel_mkt,rel_24m,rel,24,116,4.833333,-0.103187,-0.476134,0.179644,-0.012832,-0.576239,0.003371,2015-01-30,2024-08-30,2015+
