date,pe,sp500_pe,ep,gs10,pe_vs_sp500,ep_minus_gs10
2008-01-31,10.982036,21.460000,0.091058,0.041000,0.511744,0.050058
2008-02-29,11.042169,21.740000,0.090562,0.037400,0.507919,0.053162
2008-03-31,9.975000,21.810000,0.100251,0.037400,0.457359,0.062851
2008-04-30,12.183007,23.880000,0.082082,0.035100,0.510176,0.046982
2008-05-30,13.373333,25.810000,0.074776,0.036800,0.518145,0.037976
2008-06-30,12.807947,26.110000,0.078077,0.038800,0.490538,0.039277
2008-07-31,13.075342,25.370000,0.076480,0.041000,0.515386,0.035480
2008-08-29,13.099291,26.830000,0.076340,0.040100,0.488233,0.036240
2008-09-30,15.772727,26.480000,0.063401,0.038900,0.595647,0.024501
2008-10-31,,27.220000,0.000000,0.036900,,-0.036900
2008-11-28,136.545455,34.990000,0.007324,0.038100,3.902414,-0.030776
2008-12-31,78.277778,58.980000,0.012775,0.035300,1.327192,-0.022525
2009-01-30,,70.910000,-0.008230,0.024200,,-0.032430
2009-02-27,,84.460000,-0.011236,0.025200,,-0.036436
2009-03-31,,110.370000,-0.000745,0.028700,,-0.029445
2009-04-30,,119.850000,-0.007115,0.028200,,-0.035315
2009-05-29,,123.730000,-0.006200,0.029300,,-0.035500
2009-06-30,,123.320000,-0.009302,0.032900,,-0.042202
2009-07-31,,101.870000,-0.003851,0.037200,,-0.041051
2009-08-31,,92.950000,-0.000601,0.035600,,-0.036201
2009-09-30,60.444444,83.300000,0.016544,0.035900,0.725624,-0.019356
2009-10-30,11.678832,42.120000,0.085625,0.034000,0.277275,0.051625
2009-11-30,12.679389,28.510000,0.078868,0.033900,0.444735,0.044968
2009-12-31,14.745902,21.780000,0.067815,0.034000,0.677039,0.033815
2010-01-29,10.493671,20.700000,0.095296,0.035900,0.506941,0.059396
2010-02-26,11.136364,18.910000,0.089796,0.037300,0.588914,0.052496
2010-03-31,12.846667,18.910000,0.077841,0.036900,0.679358,0.040941
2010-04-30,11.958333,19.010000,0.083624,0.037300,0.629055,0.046324
2010-05-31,11.660714,17.300000,0.085758,0.038500,0.674030,0.047258
2010-06-30,11.670659,16.150000,0.085685,0.034200,0.722641,0.051485
2010-07-30,11.975610,15.720000,0.083503,0.032000,0.761807,0.051503
2010-08-31,12.134146,15.470000,0.082412,0.030100,0.784366,0.052312
2010-09-30,12.855422,15.610000,0.077788,0.027000,0.823538,0.050788
2010-10-29,12.902439,15.900000,0.077505,0.026500,0.811474,0.051005
2010-11-30,12.906250,15.880000,0.077482,0.025400,0.812736,0.052082
2010-12-31,12.042424,16.050000,0.083040,0.027600,0.750307,0.055440
2011-01-31,11.987805,16.300000,0.083418,0.032900,0.735448,0.050518
2011-02-28,12.017647,16.520000,0.083211,0.033900,0.727460,0.049311
2011-03-31,12.063584,16.040000,0.082894,0.035800,0.752094,0.047094
2011-04-29,12.537143,16.210000,0.079763,0.034100,0.773420,0.045663
2011-05-31,12.261364,16.120000,0.081557,0.034600,0.760630,0.046957
2011-06-30,11.359116,15.350000,0.088035,0.031700,0.740008,0.056335
2011-07-29,10.933333,15.610000,0.091463,0.030000,0.700406,0.061463
2011-08-31,10.666667,13.790000,0.093750,0.030000,0.773507,0.063750
2011-09-30,10.763636,13.500000,0.092905,0.023000,0.797306,0.069905
2011-10-31,11.871951,13.880000,0.084232,0.019800,0.855328,0.064432
2011-11-30,10.919255,14.100000,0.091581,0.021500,0.774415,0.070081
2011-12-30,11.824242,14.300000,0.084572,0.020100,0.826870,0.064472
2012-01-31,12.689441,14.870000,0.078806,0.019800,0.853359,0.059006
2012-02-29,13.737179,15.370000,0.072795,0.019700,0.893766,0.053095
2012-03-30,14.858974,15.690000,0.067299,0.019700,0.947035,0.047599
2012-04-30,14.533784,15.700000,0.068805,0.021700,0.925719,0.047105
2012-05-31,15.435714,15.220000,0.064785,0.020500,1.014173,0.044285
2012-06-29,15.429630,15.050000,0.064810,0.018000,1.025225,0.046810
2012-07-31,15.333333,15.550000,0.065217,0.016200,0.986066,0.049017
2012-08-31,14.908397,16.140000,0.067076,0.015300,0.923692,0.051776
2012-09-28,13.735099,16.690000,0.072806,0.016800,0.822954,0.056006
2012-10-31,14.855263,16.620000,0.067316,0.017200,0.893818,0.050116
2012-11-30,13.621795,16.120000,0.073412,0.017500,0.845024,0.055912
2012-12-31,14.087838,16.440000,0.070983,0.016500,0.856924,0.054483
2013-01-31,14.986755,17.030000,0.066726,0.017200,0.880021,0.049526
2013-02-28,15.354037,17.320000,0.065129,0.019100,0.886492,0.046029
2013-03-29,15.793750,17.680000,0.063316,0.019800,0.893312,0.043516
2013-04-30,15.842767,17.690000,0.063120,0.019600,0.895578,0.043520
2013-05-31,14.819767,18.250000,0.067477,0.017600,0.812042,0.049877
2013-06-28,13.815217,17.800000,0.072384,0.019300,0.776136,0.053084
2013-07-31,13.471503,18.120000,0.074231,0.023000,0.743460,0.051231
2013-08-30,12.535000,17.910000,0.079777,0.025800,0.699888,0.053977
2013-09-30,14.531915,17.880000,0.068814,0.027400,0.812747,0.041414
2013-10-31,14.297297,17.860000,0.069943,0.028100,0.800521,0.041843
2013-11-29,14.623037,18.150000,0.068385,0.026200,0.805677,0.042185
2013-12-31,13.953608,18.040000,0.071666,0.027200,0.773482,0.044466
2014-01-31,12.041451,18.150000,0.083046,0.029000,0.663441,0.054046
2014-02-28,12.431472,18.060000,0.080441,0.028600,0.688343,0.051841
2014-03-31,12.755319,18.480000,0.078399,0.027100,0.690223,0.051299
2014-04-30,12.137755,18.350000,0.082388,0.027200,0.661458,0.055188
2014-05-30,12.577889,18.460000,0.079505,0.027100,0.681359,0.052405
2014-06-30,12.953846,18.880000,0.077197,0.025600,0.686115,0.051597
2014-07-31,12.598958,18.960000,0.079372,0.026000,0.664502,0.053372
2014-08-29,12.830769,18.680000,0.077938,0.025400,0.686872,0.052538
2014-09-30,12.923858,18.810000,0.077376,0.024200,0.687074,0.053176
2014-10-31,13.009852,18.500000,0.076865,0.025300,0.703235,0.051565
2014-11-28,13.552239,19.750000,0.073789,0.023000,0.686189,0.050789
2014-12-31,13.572864,20.080000,0.073676,0.023300,0.675939,0.050376
2015-01-30,12.013889,20.020000,0.083237,0.022100,0.600094,0.061137
2015-02-27,13.000000,20.770000,0.076923,0.018800,0.625903,0.058123
2015-03-31,12.750000,20.960000,0.078431,0.019800,0.608302,0.058631
2015-04-30,12.610329,21.420000,0.079300,0.020400,0.588717,0.058900
2015-05-29,12.484018,21.920000,0.080102,0.019400,0.569526,0.060702
2015-06-30,12.931507,22.120000,0.077331,0.022000,0.584607,0.055331
2015-07-31,13.926941,22.400000,0.071803,0.023600,0.621738,0.048203
2015-08-31,13.415179,22.150000,0.074542,0.023200,0.605651,0.051342
2015-09-30,13.511013,21.450000,0.074014,0.021700,0.629884,0.052314
2015-10-30,14.856502,22.680000,0.067311,0.021700,0.655049,0.045611
2015-11-30,14.018018,23.670000,0.071337,0.020700,0.592227,0.050637
2015-12-31,14.196429,23.740000,0.070440,0.022600,0.597996,0.047840
2016-01-29,14.400922,22.180000,0.069440,0.022400,0.649275,0.047040
2016-02-29,14.662100,22.020000,0.068203,0.020900,0.665854,0.047303
2016-03-31,15.751131,23.390000,0.063488,0.017800,0.673413,0.045688
2016-04-29,15.523810,23.970000,0.064417,0.018900,0.647635,0.045517
2016-05-31,17.780749,23.810000,0.056241,0.018100,0.746777,0.038141
2016-06-30,17.032258,23.970000,0.058712,0.018100,0.710566,0.040612
2016-07-29,18.061111,24.520000,0.055368,0.016400,0.736587,0.038968
2016-08-31,18.422857,24.570000,0.054280,0.015000,0.749811,0.039280
2016-09-30,18.975904,24.220000,0.052698,0.015600,0.783481,0.037098
2016-10-31,18.838323,23.570000,0.053083,0.016300,0.799250,0.036783
2016-11-30,20.521472,23.350000,0.048729,0.017600,0.878864,0.031129
2016-12-30,20.520231,23.760000,0.048732,0.021400,0.863646,0.027332
2017-01-31,21.590909,23.590000,0.046316,0.024900,0.915257,0.021416
2017-02-28,20.552632,23.680000,0.048656,0.024300,0.867932,0.024356
2017-03-31,19.989796,23.600000,0.050026,0.024200,0.847025,0.025826
2017-04-28,19.375610,23.240000,0.051611,0.024800,0.833718,0.026811
2017-05-31,18.391304,23.310000,0.054374,0.023000,0.788988,0.031374
2017-06-30,19.086580,23.400000,0.052393,0.023000,0.815666,0.029393
2017-07-31,20.008475,23.360000,0.049979,0.021900,0.856527,0.028079
2017-08-31,18.832685,23.160000,0.053099,0.023200,0.813156,0.029899
2017-09-29,19.214286,23.280000,0.052045,0.022100,0.825356,0.029945
2017-10-31,19.878049,23.670000,0.050307,0.022000,0.839799,0.028307
2017-11-30,19.790076,23.810000,0.050530,0.023600,0.831167,0.026930
2017-12-29,21.414449,24.250000,0.046697,0.023500,0.883070,0.023197
2018-01-31,19.582143,24.970000,0.051067,0.024000,0.784227,0.027067
2018-02-28,17.702454,23.820000,0.056489,0.025800,0.743176,0.030689
2018-03-30,18.747692,23.410000,0.053340,0.028600,0.800841,0.024740
2018-04-30,18.478788,22.530000,0.054116,0.028400,0.820186,0.025716
2018-05-31,18.338235,22.490000,0.054531,0.028700,0.815395,0.025831
2018-06-29,15.900538,22.490000,0.062891,0.029800,0.707005,0.033091
2018-07-31,15.470284,22.330000,0.064640,0.029100,0.692803,0.035540
2018-08-31,16.002370,22.370000,0.062491,0.028900,0.715350,0.033591
2018-09-28,15.244635,22.250000,0.065597,0.028900,0.685152,0.036697
2018-10-31,13.567729,21.250000,0.073704,0.030000,0.638481,0.043704
2018-11-30,13.810417,20.670000,0.072409,0.031500,0.668138,0.040909
2018-12-31,12.074899,19.390000,0.082816,0.031200,0.622738,0.051616
2019-01-31,14.257642,19.600000,0.070138,0.028300,0.727431,0.041838
2019-02-28,15.182773,20.600000,0.065864,0.027100,0.737028,0.038764
2019-03-29,14.135294,20.860000,0.070745,0.026800,0.677627,0.043945
2019-04-30,14.680154,21.560000,0.068119,0.025700,0.680898,0.042419
2019-05-31,15.275530,21.150000,0.065464,0.025300,0.722247,0.040164
2019-06-28,15.400771,21.370000,0.064932,0.024000,0.720672,0.040932
2019-07-31,15.741811,22.280000,0.063525,0.020700,0.706544,0.042825
2019-08-30,13.463588,21.670000,0.074274,0.020600,0.621301,0.053674
2019-09-30,14.120879,22.440000,0.070817,0.016300,0.629273,0.054517
2019-10-31,12.577132,22.040000,0.079509,0.017000,0.570650,0.062509
2019-11-29,12.236181,22.620000,0.081725,0.017100,0.540945,0.064625
2019-12-31,11.866776,22.780000,0.084269,0.018100,0.520930,0.066169
2020-01-31,11.918759,24.880000,0.083901,0.018600,0.479050,0.065301
2020-02-28,11.539432,26.420000,0.086659,0.017600,0.436769,0.069059
2020-03-31,12.485569,22.800000,0.080092,0.015000,0.547613,0.065092
2020-04-30,13.585246,24.970000,0.073609,0.008700,0.544063,0.064909
2020-05-29,11.274311,27.820000,0.088697,0.006600,0.405259,0.082097
2020-06-30,10.554201,31.290000,0.094749,0.006700,0.337303,0.088049
2020-07-31,12.077540,32.440000,0.082798,0.007300,0.372304,0.075498
2020-08-31,11.424390,34.410000,0.087532,0.006200,0.332008,0.081332
2020-09-30,10.607102,34.270000,0.094276,0.006500,0.309516,0.087776
2020-10-30,10.636574,35.300000,0.094015,0.006800,0.301319,0.087215
2020-11-30,10.379108,37.160000,0.096347,0.007900,0.279309,0.088447
2020-12-31,10.678186,39.260000,0.093649,0.008700,0.271986,0.084949
2021-01-29,9.007231,35.960000,0.111022,0.009300,0.250479,0.101722
2021-02-26,8.501484,33.240000,0.117627,0.010800,0.255761,0.106827
2021-03-31,8.985849,30.500000,0.111286,0.012600,0.294618,0.098686
2021-04-30,9.133273,29.920000,0.109490,0.016100,0.305256,0.093390
2021-05-31,9.967807,28.050000,0.100323,0.016400,0.355359,0.083923
2021-06-30,9.782828,26.700000,0.102220,0.016200,0.366398,0.086020
2021-07-30,10.210300,26.560000,0.097940,0.015200,0.384424,0.082740
2021-08-31,11.647551,26.230000,0.085855,0.013200,0.444055,0.072655
2021-09-30,12.175532,25.350000,0.082132,0.012800,0.480297,0.069332
2021-10-29,13.750725,24.390000,0.072723,0.013700,0.563785,0.059023
2021-11-30,13.247899,24.520000,0.075484,0.015800,0.540290,0.059684
2021-12-31,16.529791,23.630000,0.060497,0.015600,0.699526,0.044897
2022-01-31,19.140845,23.110000,0.052244,0.014700,0.828249,0.037544
2022-02-28,22.482180,22.420000,0.044480,0.017600,1.002773,0.026880
2022-03-31,27.323185,22.190000,0.036599,0.019300,1.231329,0.017299
2022-04-29,29.173913,22.400000,0.034277,0.021300,1.302407,0.012977
2022-05-31,42.978571,20.810000,0.023267,0.027500,2.065285,-0.004233
2022-06-30,48.940928,20.280000,0.020433,0.029000,2.413261,-0.008567
2022-07-29,82.185714,20.530000,0.012168,0.031400,4.003201,-0.019232
2022-08-31,58.485981,22.030000,0.017098,0.029000,2.654833,-0.011902
2022-09-30,49.241525,20.580000,0.020308,0.029000,2.392688,-0.008692
2022-10-31,91.338028,20.440000,0.010948,0.035200,4.468592,-0.024252
2022-11-30,92.654930,22.070000,0.010793,0.039800,4.198230,-0.029007
2022-12-30,70.113514,22.650000,0.014263,0.038900,3.095519,-0.024637
2023-01-31,113.504202,22.820000,0.008810,0.036200,4.973891,-0.027390
2023-02-28,74.246073,23.400000,0.013469,0.035300,3.172909,-0.021831
2023-03-31,69.446602,22.660000,0.014400,0.037500,3.064722,-0.023100
2023-04-28,96.056338,23.270000,0.010411,0.036600,4.127905,-0.026189
2023-05-31,61.478469,23.150000,0.016266,0.034600,2.655657,-0.018334
2023-06-30,62.438679,24.010000,0.016016,0.035700,2.600528,-0.019684
2023-07-31,42.672355,24.760000,0.023434,0.037500,1.723439,-0.014066
2023-08-31,47.519713,24.160000,0.021044,0.039000,1.966876,-0.017956
2023-09-29,49.049296,23.930000,0.020388,0.041700,2.049699,-0.021312
2023-10-31,32.987069,22.780000,0.030315,0.043800,1.448072,-0.013485
2023-11-30,34.908316,23.510000,0.028646,0.048000,1.484828,-0.019354
2023-12-29,31.292731,24.350000,0.031956,0.045000,1.285122,-0.013044
2024-01-31,27.143722,25.010000,0.036841,0.040200,1.085315,-0.003359
2024-02-29,27.173295,26.140000,0.036801,0.040600,1.039529,-0.003799
2024-03-29,25.755915,27.020000,0.038826,0.042100,0.953217,-0.003274
2024-04-30,21.184318,26.410000,0.047205,0.042100,0.802132,0.005105
2024-05-31,20.683643,26.930000,0.048347,0.045400,0.768052,0.002947
2024-06-28,19.914669,27.640000,0.050214,0.044800,0.720502,0.005414
2024-07-31,18.371380,28.080000,0.054432,0.043100,0.654251,0.011332
2024-08-30,20.842975,27.670000,0.047978,0.042500,0.753270,0.005478
2024-09-30,18.669145,28.090000,0.053564,0.038700,0.664619,0.014864
2024-10-31,17.639653,28.450000,0.056690,0.037200,0.620023,0.019490
2024-11-29,19.441793,28.660000,0.051436,0.041000,0.678360,0.010436
2024-12-31,16.749131,28.600000,0.059705,0.043600,0.585634,0.016105
2025-01-31,17.031099,28.160000,0.058716,0.043900,0.604798,0.014816
2025-02-28,18.564845,28.150000,0.053865,0.046300,0.659497,0.007565
2025-03-31,17.956214,26.230000,0.055691,0.044500,0.684568,0.011191
2025-04-30,17.797851,24.560000,0.056187,0.042800,0.724668,0.013387
2025-05-30,17.976656,26.340000,0.055628,0.042800,0.682485,0.012828
2025-06-30,15.286045,27.100000,0.065419,0.044200,0.564061,0.021219
2025-07-31,14.034792,27.810000,0.071251,0.043800,0.504667,0.027451
2025-08-29,13.507928,27.840000,0.074031,0.043900,0.485199,0.030131
2025-09-30,12.971763,28.130000,0.077091,0.042600,0.461136,0.034491
2025-10-31,11.262985,28.780000,0.088786,0.041200,0.391348,0.047586
2025-11-28,12.022596,28.800000,0.083177,0.040600,0.417451,0.042577
2025-12-31,11.992080,29.280000,0.083388,0.040900,0.409566,0.042488
2026-01-30,10.782789,29.600000,0.092740,0.041400,0.364283,0.051340
2026-02-27,11.036157,29.450000,0.090611,0.042100,0.374742,0.048511
2026-03-31,10.254771,29.150000,0.097516,0.041300,0.351793,0.056216
2026-04-30,10.187120,28.210000,0.098163,0.042500,0.361117,0.055663
