window_start,window_end,signal,target,n_obs,ic
2005-01-01,2011-12-31,bp,abs_12m,84,0.547575
2005-01-01,2011-12-31,bp,rel_12m,84,0.300840
2005-01-01,2011-12-31,bp,abs_24m,84,0.713435
2005-01-01,2011-12-31,bp,rel_24m,84,0.407472
2005-01-01,2011-12-31,ep,abs_12m,77,-0.262527
2005-01-01,2011-12-31,ep,rel_12m,77,0.260503
2005-01-01,2011-12-31,ep,abs_24m,77,-0.198565
2005-01-01,2011-12-31,ep,rel_24m,77,0.492770
2005-01-01,2011-12-31,bp_z60,abs_12m,53,0.511611
2005-01-01,2011-12-31,bp_z60,rel_12m,53,0.085389
2005-01-01,2011-12-31,bp_z60,abs_24m,53,0.394694
2005-01-01,2011-12-31,bp_z60,rel_24m,53,-0.017336
2005-01-01,2011-12-31,ep_z60,abs_12m,42,-0.162142
2005-01-01,2011-12-31,ep_z60,rel_12m,42,-0.108500
2005-01-01,2011-12-31,ep_z60,abs_24m,42,-0.195365
2005-01-01,2011-12-31,ep_z60,rel_24m,42,0.105259
2005-01-01,2011-12-31,ep_6m,abs_12m,83,0.030645
2005-01-01,2011-12-31,ep_6m,rel_12m,83,0.176210
2005-01-01,2011-12-31,ep_6m,abs_24m,83,-0.087969
2005-01-01,2011-12-31,ep_6m,rel_24m,83,0.234394
2005-01-01,2011-12-31,ep_3m,abs_12m,84,0.205246
2005-01-01,2011-12-31,ep_3m,rel_12m,84,0.258308
2005-01-01,2011-12-31,ep_3m,abs_24m,84,0.008171
2005-01-01,2011-12-31,ep_3m,rel_24m,84,0.088752
2005-01-01,2011-12-31,ep_norm,abs_12m,41,0.387631
2005-01-01,2011-12-31,ep_norm,rel_12m,41,0.003659
2005-01-01,2011-12-31,ep_norm,abs_24m,41,0.327352
2005-01-01,2011-12-31,ep_norm,rel_24m,41,0.182230
2005-01-01,2011-12-31,roe_gap,abs_12m,41,-0.323171
2005-01-01,2011-12-31,roe_gap,rel_12m,41,-0.109930
2005-01-01,2011-12-31,roe_gap,abs_24m,41,-0.423693
2005-01-01,2011-12-31,roe_gap,rel_24m,41,0.055401
2005-01-01,2011-12-31,ep_rel_mkt,abs_12m,39,-0.192510
2005-01-01,2011-12-31,ep_rel_mkt,rel_12m,39,0.678745
2005-01-01,2011-12-31,ep_rel_mkt,abs_24m,39,-0.432389
2005-01-01,2011-12-31,ep_rel_mkt,rel_24m,39,0.603846
2006-01-01,2012-12-31,bp,abs_12m,84,0.748628
2006-01-01,2012-12-31,bp,rel_12m,84,0.268138
2006-01-01,2012-12-31,bp,abs_24m,84,0.714873
2006-01-01,2012-12-31,bp,rel_24m,84,-0.008505
2006-01-01,2012-12-31,ep,abs_12m,84,-0.454774
2006-01-01,2012-12-31,ep,rel_12m,84,0.095677
2006-01-01,2012-12-31,ep,abs_24m,84,-0.351746
2006-01-01,2012-12-31,ep,rel_24m,84,0.492032
2006-01-01,2012-12-31,bp_z60,abs_12m,65,0.277185
2006-01-01,2012-12-31,bp_z60,rel_12m,65,0.121198
2006-01-01,2012-12-31,bp_z60,abs_24m,65,0.321198
2006-01-01,2012-12-31,bp_z60,rel_24m,65,0.264117
2006-01-01,2012-12-31,ep_z60,abs_12m,54,-0.289499
2006-01-01,2012-12-31,ep_z60,rel_12m,54,-0.198247
2006-01-01,2012-12-31,ep_z60,abs_24m,54,-0.205870
2006-01-01,2012-12-31,ep_z60,rel_24m,54,0.133600
2006-01-01,2012-12-31,pb_roe_adj,abs_12m,29,-0.163547
2006-01-01,2012-12-31,pb_roe_adj,rel_12m,29,-0.258621
2006-01-01,2012-12-31,pb_roe_adj,abs_24m,29,0.422167
2006-01-01,2012-12-31,pb_roe_adj,rel_24m,29,0.446798
2006-01-01,2012-12-31,ep_6m,abs_12m,84,-0.250967
2006-01-01,2012-12-31,ep_6m,rel_12m,84,0.004738
2006-01-01,2012-12-31,ep_6m,abs_24m,84,-0.305660
2006-01-01,2012-12-31,ep_6m,rel_24m,84,0.273423
2006-01-01,2012-12-31,ep_3m,abs_12m,84,-0.056698
2006-01-01,2012-12-31,ep_3m,rel_12m,84,0.043009
2006-01-01,2012-12-31,ep_3m,abs_24m,84,-0.178142
2006-01-01,2012-12-31,ep_3m,rel_24m,84,0.113173
2006-01-01,2012-12-31,ep_norm,abs_12m,53,0.020239
2006-01-01,2012-12-31,ep_norm,rel_12m,53,-0.132801
2006-01-01,2012-12-31,ep_norm,abs_24m,53,0.253185
2006-01-01,2012-12-31,ep_norm,rel_24m,53,0.507660
2006-01-01,2012-12-31,roe_gap,abs_12m,53,-0.371553
2006-01-01,2012-12-31,roe_gap,rel_12m,53,-0.202951
2006-01-01,2012-12-31,roe_gap,abs_24m,53,-0.378487
2006-01-01,2012-12-31,roe_gap,rel_24m,53,0.066038
2006-01-01,2012-12-31,ep_rel_mkt,abs_12m,51,-0.446516
2006-01-01,2012-12-31,ep_rel_mkt,rel_12m,51,0.326878
2006-01-01,2012-12-31,ep_rel_mkt,abs_24m,51,-0.459910
2006-01-01,2012-12-31,ep_rel_mkt,rel_24m,51,0.734208
2007-01-01,2013-12-31,bp,abs_12m,84,0.717667
2007-01-01,2013-12-31,bp,rel_12m,84,0.044710
2007-01-01,2013-12-31,bp,abs_24m,84,0.595100
2007-01-01,2013-12-31,bp,rel_24m,84,-0.336398
2007-01-01,2013-12-31,ep,abs_12m,84,-0.499808
2007-01-01,2013-12-31,ep,rel_12m,84,0.165536
2007-01-01,2013-12-31,ep,abs_24m,84,-0.429867
2007-01-01,2013-12-31,ep,rel_24m,84,0.474355
2007-01-01,2013-12-31,bp_z60,abs_12m,77,0.347442
2007-01-01,2013-12-31,bp_z60,rel_12m,77,0.452232
2007-01-01,2013-12-31,bp_z60,abs_24m,77,0.307535
2007-01-01,2013-12-31,bp_z60,rel_24m,77,0.300489
2007-01-01,2013-12-31,ep_z60,abs_12m,66,-0.208308
2007-01-01,2013-12-31,ep_z60,rel_12m,66,-0.134328
2007-01-01,2013-12-31,ep_z60,abs_24m,66,-0.117712
2007-01-01,2013-12-31,ep_z60,rel_24m,66,0.161215
2007-01-01,2013-12-31,pb_roe_adj,abs_12m,41,0.284495
2007-01-01,2013-12-31,pb_roe_adj,rel_12m,41,0.493380
2007-01-01,2013-12-31,pb_roe_adj,abs_24m,41,0.509582
2007-01-01,2013-12-31,pb_roe_adj,rel_24m,41,0.294251
2007-01-01,2013-12-31,ep_6m,abs_12m,84,-0.305072
2007-01-01,2013-12-31,ep_6m,rel_12m,84,0.044123
2007-01-01,2013-12-31,ep_6m,abs_24m,84,-0.387263
2007-01-01,2013-12-31,ep_6m,rel_24m,84,0.215754
2007-01-01,2013-12-31,ep_3m,abs_12m,84,-0.044548
2007-01-01,2013-12-31,ep_3m,rel_12m,84,0.116696
2007-01-01,2013-12-31,ep_3m,abs_24m,84,-0.201145
2007-01-01,2013-12-31,ep_3m,rel_24m,84,0.045419
2007-01-01,2013-12-31,ep_norm,abs_12m,65,0.317788
2007-01-01,2013-12-31,ep_norm,rel_12m,65,0.357561
2007-01-01,2013-12-31,ep_norm,abs_24m,65,0.352535
2007-01-01,2013-12-31,ep_norm,rel_24m,65,0.408916
2007-01-01,2013-12-31,roe_gap,abs_12m,65,-0.457955
2007-01-01,2013-12-31,roe_gap,rel_12m,65,-0.444712
2007-01-01,2013-12-31,roe_gap,abs_24m,65,-0.371110
2007-01-01,2013-12-31,roe_gap,rel_24m,65,0.056381
2007-01-01,2013-12-31,ep_rel_mkt,abs_12m,63,-0.360023
2007-01-01,2013-12-31,ep_rel_mkt,rel_12m,63,0.342166
2007-01-01,2013-12-31,ep_rel_mkt,abs_24m,63,-0.324597
2007-01-01,2013-12-31,ep_rel_mkt,rel_24m,63,0.714574
2008-01-01,2014-12-31,bp,abs_12m,84,0.601134
2008-01-01,2014-12-31,bp,rel_12m,84,0.129270
2008-01-01,2014-12-31,bp,abs_24m,84,0.394654
2008-01-01,2014-12-31,bp,rel_24m,84,-0.204921
2008-01-01,2014-12-31,ep,abs_12m,84,-0.299322
2008-01-01,2014-12-31,ep,rel_12m,84,0.080693
2008-01-01,2014-12-31,ep,abs_24m,84,-0.103371
2008-01-01,2014-12-31,ep,rel_24m,84,0.343687
2008-01-01,2014-12-31,bp_z60,abs_12m,84,0.350268
2008-01-01,2014-12-31,bp_z60,rel_12m,84,0.266822
2008-01-01,2014-12-31,bp_z60,abs_24m,84,0.249732
2008-01-01,2014-12-31,bp_z60,rel_24m,84,-0.036246
2008-01-01,2014-12-31,ep_z60,abs_12m,78,-0.246956
2008-01-01,2014-12-31,ep_z60,rel_12m,78,-0.206894
2008-01-01,2014-12-31,ep_z60,abs_24m,78,-0.075001
2008-01-01,2014-12-31,ep_z60,rel_24m,78,0.123762
2008-01-01,2014-12-31,pb_roe_adj,abs_12m,53,0.234398
2008-01-01,2014-12-31,pb_roe_adj,rel_12m,53,0.294872
2008-01-01,2014-12-31,pb_roe_adj,abs_24m,53,0.377358
2008-01-01,2014-12-31,pb_roe_adj,rel_24m,53,-0.009434
2008-01-01,2014-12-31,ep_6m,abs_12m,84,-0.196963
2008-01-01,2014-12-31,ep_6m,rel_12m,84,0.015956
2008-01-01,2014-12-31,ep_6m,abs_24m,84,-0.240397
2008-01-01,2014-12-31,ep_6m,rel_24m,84,0.133401
2008-01-01,2014-12-31,ep_3m,abs_12m,84,0.017435
2008-01-01,2014-12-31,ep_3m,rel_12m,84,0.087557
2008-01-01,2014-12-31,ep_3m,abs_24m,84,-0.125919
2008-01-01,2014-12-31,ep_3m,rel_24m,84,0.054956
2008-01-01,2014-12-31,ep_norm,abs_12m,77,0.308455
2008-01-01,2014-12-31,ep_norm,rel_12m,77,0.296808
2008-01-01,2014-12-31,ep_norm,abs_24m,77,0.276934
2008-01-01,2014-12-31,ep_norm,rel_24m,77,0.199932
2008-01-01,2014-12-31,roe_gap,abs_12m,77,-0.484200
2008-01-01,2014-12-31,roe_gap,rel_12m,77,-0.454651
2008-01-01,2014-12-31,roe_gap,abs_24m,77,-0.299727
2008-01-01,2014-12-31,roe_gap,rel_24m,77,0.074951
2008-01-01,2014-12-31,ep_rel_mkt,abs_12m,75,-0.224922
2008-01-01,2014-12-31,ep_rel_mkt,rel_12m,75,0.431067
2008-01-01,2014-12-31,ep_rel_mkt,abs_24m,75,-0.162475
2008-01-01,2014-12-31,ep_rel_mkt,rel_24m,75,0.727539
2009-01-01,2015-12-31,bp,abs_12m,84,0.486079
2009-01-01,2015-12-31,bp,rel_12m,84,0.249225
2009-01-01,2015-12-31,bp,abs_24m,84,0.030090
2009-01-01,2015-12-31,bp,rel_24m,84,-0.210185
2009-01-01,2015-12-31,ep,abs_12m,84,-0.186433
2009-01-01,2015-12-31,ep,rel_12m,84,0.056637
2009-01-01,2015-12-31,ep,abs_24m,84,0.021970
2009-01-01,2015-12-31,ep,rel_24m,84,0.298228
2009-01-01,2015-12-31,bp_z60,abs_12m,84,0.488954
2009-01-01,2015-12-31,bp_z60,rel_12m,84,0.188499
2009-01-01,2015-12-31,bp_z60,abs_24m,84,0.016665
2009-01-01,2015-12-31,bp_z60,rel_24m,84,-0.278465
2009-01-01,2015-12-31,ep_z60,abs_12m,84,-0.258986
2009-01-01,2015-12-31,ep_z60,rel_12m,84,-0.171530
2009-01-01,2015-12-31,ep_z60,abs_24m,84,-0.187324
2009-01-01,2015-12-31,ep_z60,rel_24m,84,0.049003
2009-01-01,2015-12-31,pb_roe_adj,abs_12m,65,0.264073
2009-01-01,2015-12-31,pb_roe_adj,rel_12m,65,0.199344
2009-01-01,2015-12-31,pb_roe_adj,abs_24m,65,0.027404
2009-01-01,2015-12-31,pb_roe_adj,rel_24m,65,-0.224738
2009-01-01,2015-12-31,ep_6m,abs_12m,84,-0.149296
2009-01-01,2015-12-31,ep_6m,rel_12m,84,0.085512
2009-01-01,2015-12-31,ep_6m,abs_24m,84,-0.190179
2009-01-01,2015-12-31,ep_6m,rel_24m,84,0.166650
2009-01-01,2015-12-31,ep_3m,abs_12m,84,0.046917
2009-01-01,2015-12-31,ep_3m,rel_12m,84,0.209375
2009-01-01,2015-12-31,ep_3m,abs_24m,84,-0.150511
2009-01-01,2015-12-31,ep_3m,rel_24m,84,0.115663
2009-01-01,2015-12-31,ep_norm,abs_12m,84,0.419135
2009-01-01,2015-12-31,ep_norm,rel_12m,84,0.309770
2009-01-01,2015-12-31,ep_norm,abs_24m,84,0.151625
2009-01-01,2015-12-31,ep_norm,rel_24m,84,0.051473
2009-01-01,2015-12-31,roe_gap,abs_12m,84,-0.548770
2009-01-01,2015-12-31,roe_gap,rel_12m,84,-0.439729
2009-01-01,2015-12-31,roe_gap,abs_24m,84,-0.264574
2009-01-01,2015-12-31,roe_gap,rel_24m,84,0.091647
2009-01-01,2015-12-31,ep_rel_mkt,abs_12m,76,0.145373
2009-01-01,2015-12-31,ep_rel_mkt,rel_12m,76,0.402351
2009-01-01,2015-12-31,ep_rel_mkt,abs_24m,76,0.449296
2009-01-01,2015-12-31,ep_rel_mkt,rel_24m,76,0.770854
2010-01-01,2016-12-31,bp,abs_12m,84,0.151159
2010-01-01,2016-12-31,bp,rel_12m,84,0.040842
2010-01-01,2016-12-31,bp,abs_24m,84,-0.257366
2010-01-01,2016-12-31,bp,rel_24m,84,-0.439162
2010-01-01,2016-12-31,ep,abs_12m,84,-0.267450
2010-01-01,2016-12-31,ep,rel_12m,84,-0.144882
2010-01-01,2016-12-31,ep,abs_24m,84,-0.214235
2010-01-01,2016-12-31,ep,rel_24m,84,-0.141278
2010-01-01,2016-12-31,bp_z60,abs_12m,84,0.127994
2010-01-01,2016-12-31,bp_z60,rel_12m,84,0.049144
2010-01-01,2016-12-31,bp_z60,abs_24m,84,-0.264493
2010-01-01,2016-12-31,bp_z60,rel_24m,84,-0.416969
2010-01-01,2016-12-31,ep_z60,abs_12m,84,-0.359461
2010-01-01,2016-12-31,ep_z60,rel_12m,84,-0.367824
2010-01-01,2016-12-31,ep_z60,abs_24m,84,-0.415673
2010-01-01,2016-12-31,ep_z60,rel_24m,84,-0.369080
2010-01-01,2016-12-31,pb_roe_adj,abs_12m,77,-0.093301
2010-01-01,2016-12-31,pb_roe_adj,rel_12m,77,-0.056338
2010-01-01,2016-12-31,pb_roe_adj,abs_24m,77,-0.348178
2010-01-01,2016-12-31,pb_roe_adj,rel_24m,77,-0.471082
2010-01-01,2016-12-31,ep_6m,abs_12m,84,-0.349357
2010-01-01,2016-12-31,ep_6m,rel_12m,84,-0.205832
2010-01-01,2016-12-31,ep_6m,abs_24m,84,-0.369485
2010-01-01,2016-12-31,ep_6m,rel_24m,84,-0.208302
2010-01-01,2016-12-31,ep_3m,abs_12m,84,-0.251372
2010-01-01,2016-12-31,ep_3m,rel_12m,84,-0.112301
2010-01-01,2016-12-31,ep_3m,abs_24m,84,-0.367440
2010-01-01,2016-12-31,ep_3m,rel_24m,84,-0.195221
2010-01-01,2016-12-31,ep_norm,abs_12m,84,0.140043
2010-01-01,2016-12-31,ep_norm,rel_12m,84,0.254996
2010-01-01,2016-12-31,ep_norm,abs_24m,84,-0.030596
2010-01-01,2016-12-31,ep_norm,rel_24m,84,-0.039405
2010-01-01,2016-12-31,roe_gap,abs_12m,84,-0.601559
2010-01-01,2016-12-31,roe_gap,rel_12m,84,-0.609760
2010-01-01,2016-12-31,roe_gap,abs_24m,84,-0.461598
2010-01-01,2016-12-31,roe_gap,rel_24m,84,-0.291647
2010-01-01,2016-12-31,ep_rel_mkt,abs_12m,84,0.036246
2010-01-01,2016-12-31,ep_rel_mkt,rel_12m,84,0.263805
2010-01-01,2016-12-31,ep_rel_mkt,abs_24m,84,0.423428
2010-01-01,2016-12-31,ep_rel_mkt,rel_24m,84,0.631184
2011-01-01,2017-12-31,bp,abs_12m,84,-0.117829
2011-01-01,2017-12-31,bp,rel_12m,84,-0.163855
2011-01-01,2017-12-31,bp,abs_24m,84,-0.375701
2011-01-01,2017-12-31,bp,rel_24m,84,-0.510256
2011-01-01,2017-12-31,ep,abs_12m,84,-0.494867
2011-01-01,2017-12-31,ep,rel_12m,84,-0.338544
2011-01-01,2017-12-31,ep,abs_24m,84,-0.348932
2011-01-01,2017-12-31,ep,rel_24m,84,-0.336560
2011-01-01,2017-12-31,bp_z60,abs_12m,84,-0.069049
2011-01-01,2017-12-31,bp_z60,rel_12m,84,-0.105214
2011-01-01,2017-12-31,bp_z60,abs_24m,84,-0.325625
2011-01-01,2017-12-31,bp_z60,rel_24m,84,-0.471823
2011-01-01,2017-12-31,ep_z60,abs_12m,84,-0.571793
2011-01-01,2017-12-31,ep_z60,rel_12m,84,-0.513152
2011-01-01,2017-12-31,ep_z60,abs_24m,84,-0.554966
2011-01-01,2017-12-31,ep_z60,rel_24m,84,-0.544518
2011-01-01,2017-12-31,pb_roe_adj,abs_12m,84,-0.250521
2011-01-01,2017-12-31,pb_roe_adj,rel_12m,84,-0.256981
2011-01-01,2017-12-31,pb_roe_adj,abs_24m,84,-0.440458
2011-01-01,2017-12-31,pb_roe_adj,rel_24m,84,-0.550410
2011-01-01,2017-12-31,ep_6m,abs_12m,84,-0.531153
2011-01-01,2017-12-31,ep_6m,rel_12m,84,-0.327265
2011-01-01,2017-12-31,ep_6m,abs_24m,84,-0.454308
2011-01-01,2017-12-31,ep_6m,rel_24m,84,-0.320948
2011-01-01,2017-12-31,ep_3m,abs_12m,84,-0.400506
2011-01-01,2017-12-31,ep_3m,rel_12m,84,-0.232075
2011-01-01,2017-12-31,ep_3m,abs_24m,84,-0.423853
2011-01-01,2017-12-31,ep_3m,rel_24m,84,-0.262752
2011-01-01,2017-12-31,ep_norm,abs_12m,84,0.000587
2011-01-01,2017-12-31,ep_norm,rel_12m,84,0.146583
2011-01-01,2017-12-31,ep_norm,abs_24m,84,-0.011481
2011-01-01,2017-12-31,ep_norm,rel_24m,84,-0.092234
2011-01-01,2017-12-31,roe_gap,abs_12m,84,-0.796598
2011-01-01,2017-12-31,roe_gap,rel_12m,84,-0.703493
2011-01-01,2017-12-31,roe_gap,abs_24m,84,-0.572603
2011-01-01,2017-12-31,roe_gap,rel_24m,84,-0.454207
2011-01-01,2017-12-31,ep_rel_mkt,abs_12m,84,-0.214519
2011-01-01,2017-12-31,ep_rel_mkt,rel_12m,84,0.061031
2011-01-01,2017-12-31,ep_rel_mkt,abs_24m,84,0.277291
2011-01-01,2017-12-31,ep_rel_mkt,rel_24m,84,0.409375
2012-01-01,2018-12-31,bp,abs_12m,84,-0.061071
2012-01-01,2018-12-31,bp,rel_12m,84,-0.152030
2012-01-01,2018-12-31,bp,abs_24m,84,-0.339881
2012-01-01,2018-12-31,bp,rel_24m,84,-0.357619
2012-01-01,2018-12-31,ep,abs_12m,84,-0.490048
2012-01-01,2018-12-31,ep,rel_12m,84,-0.375640
2012-01-01,2018-12-31,ep,abs_24m,84,-0.352678
2012-01-01,2018-12-31,ep,rel_24m,84,-0.357538
2012-01-01,2018-12-31,bp_z60,abs_12m,84,0.022557
2012-01-01,2018-12-31,bp_z60,rel_12m,84,-0.097904
2012-01-01,2018-12-31,bp_z60,abs_24m,84,-0.293146
2012-01-01,2018-12-31,bp_z60,rel_24m,84,-0.361122
2012-01-01,2018-12-31,ep_z60,abs_12m,84,-0.556728
2012-01-01,2018-12-31,ep_z60,rel_12m,84,-0.526253
2012-01-01,2018-12-31,ep_z60,abs_24m,84,-0.593115
2012-01-01,2018-12-31,ep_z60,rel_24m,84,-0.586615
2012-01-01,2018-12-31,pb_roe_adj,abs_12m,84,-0.160352
2012-01-01,2018-12-31,pb_roe_adj,rel_12m,84,-0.245783
2012-01-01,2018-12-31,pb_roe_adj,abs_24m,84,-0.390483
2012-01-01,2018-12-31,pb_roe_adj,rel_24m,84,-0.424117
2012-01-01,2018-12-31,ep_6m,abs_12m,84,-0.403240
2012-01-01,2018-12-31,ep_6m,rel_12m,84,-0.230617
2012-01-01,2018-12-31,ep_6m,abs_24m,84,-0.371651
2012-01-01,2018-12-31,ep_6m,rel_24m,84,-0.286484
2012-01-01,2018-12-31,ep_3m,abs_12m,84,-0.308049
2012-01-01,2018-12-31,ep_3m,rel_12m,84,-0.156039
2012-01-01,2018-12-31,ep_3m,abs_24m,84,-0.337896
2012-01-01,2018-12-31,ep_3m,rel_24m,84,-0.188640
2012-01-01,2018-12-31,ep_norm,abs_12m,84,0.084175
2012-01-01,2018-12-31,ep_norm,rel_12m,84,0.127468
2012-01-01,2018-12-31,ep_norm,abs_24m,84,0.047302
2012-01-01,2018-12-31,ep_norm,rel_24m,84,0.005933
2012-01-01,2018-12-31,roe_gap,abs_12m,84,-0.600952
2012-01-01,2018-12-31,roe_gap,rel_12m,84,-0.464696
2012-01-01,2018-12-31,roe_gap,abs_24m,84,-0.444021
2012-01-01,2018-12-31,roe_gap,rel_24m,84,-0.378151
2012-01-01,2018-12-31,ep_rel_mkt,abs_12m,84,-0.253842
2012-01-01,2018-12-31,ep_rel_mkt,rel_12m,84,0.025230
2012-01-01,2018-12-31,ep_rel_mkt,abs_24m,84,0.324795
2012-01-01,2018-12-31,ep_rel_mkt,rel_24m,84,0.309547
2013-01-01,2019-12-31,bp,abs_12m,84,-0.067207
2013-01-01,2019-12-31,bp,rel_12m,84,-0.011420
2013-01-01,2019-12-31,bp,abs_24m,84,-0.016847
2013-01-01,2019-12-31,bp,rel_24m,84,0.198603
2013-01-01,2019-12-31,ep,abs_12m,84,-0.381594
2013-01-01,2019-12-31,ep,rel_12m,84,-0.322406
2013-01-01,2019-12-31,ep,abs_24m,84,-0.330323
2013-01-01,2019-12-31,ep,rel_24m,84,-0.383558
2013-01-01,2019-12-31,bp_z60,abs_12m,84,0.009051
2013-01-01,2019-12-31,bp_z60,rel_12m,84,0.020188
2013-01-01,2019-12-31,bp_z60,abs_24m,84,-0.075003
2013-01-01,2019-12-31,bp_z60,rel_24m,84,-0.075185
2013-01-01,2019-12-31,ep_z60,abs_12m,84,-0.483872
2013-01-01,2019-12-31,ep_z60,rel_12m,84,-0.441754
2013-01-01,2019-12-31,ep_z60,abs_24m,84,-0.561102
2013-01-01,2019-12-31,ep_z60,rel_24m,84,-0.659492
2013-01-01,2019-12-31,pb_roe_adj,abs_12m,84,-0.178860
2013-01-01,2019-12-31,pb_roe_adj,rel_12m,84,-0.138605
2013-01-01,2019-12-31,pb_roe_adj,abs_24m,84,-0.123175
2013-01-01,2019-12-31,pb_roe_adj,rel_24m,84,0.001033
2013-01-01,2019-12-31,ep_6m,abs_12m,84,-0.251534
2013-01-01,2019-12-31,ep_6m,rel_12m,84,-0.171388
2013-01-01,2019-12-31,ep_6m,abs_24m,84,-0.355877
2013-01-01,2019-12-31,ep_6m,rel_24m,84,-0.306915
2013-01-01,2019-12-31,ep_3m,abs_12m,84,-0.324694
2013-01-01,2019-12-31,ep_3m,rel_12m,84,-0.125119
2013-01-01,2019-12-31,ep_3m,abs_24m,84,-0.381411
2013-01-01,2019-12-31,ep_3m,rel_24m,84,-0.291344
2013-01-01,2019-12-31,ep_norm,abs_12m,84,0.136195
2013-01-01,2019-12-31,ep_norm,rel_12m,84,0.168290
2013-01-01,2019-12-31,ep_norm,abs_24m,84,0.264129
2013-01-01,2019-12-31,ep_norm,rel_24m,84,0.320786
2013-01-01,2019-12-31,roe_gap,abs_12m,84,-0.504647
2013-01-01,2019-12-31,roe_gap,rel_12m,84,-0.451088
2013-01-01,2019-12-31,roe_gap,abs_24m,84,-0.562134
2013-01-01,2019-12-31,roe_gap,rel_24m,84,-0.695171
2013-01-01,2019-12-31,ep_rel_mkt,abs_12m,84,-0.131396
2013-01-01,2019-12-31,ep_rel_mkt,rel_12m,84,-0.052769
2013-01-01,2019-12-31,ep_rel_mkt,abs_24m,84,0.099666
2013-01-01,2019-12-31,ep_rel_mkt,rel_24m,84,-0.102562
2014-01-01,2020-12-31,bp,abs_12m,84,0.173210
2014-01-01,2020-12-31,bp,rel_12m,84,0.265931
2014-01-01,2020-12-31,bp,abs_24m,84,0.304019
2014-01-01,2020-12-31,bp,rel_24m,84,0.466457
2014-01-01,2020-12-31,ep,abs_12m,84,-0.450157
2014-01-01,2020-12-31,ep,rel_12m,84,-0.568452
2014-01-01,2020-12-31,ep,abs_24m,84,-0.348203
2014-01-01,2020-12-31,ep,rel_24m,84,-0.422051
2014-01-01,2020-12-31,bp_z60,abs_12m,84,-0.031224
2014-01-01,2020-12-31,bp_z60,rel_12m,84,-0.195403
2014-01-01,2020-12-31,bp_z60,abs_24m,84,-0.042928
2014-01-01,2020-12-31,bp_z60,rel_24m,84,-0.077068
2014-01-01,2020-12-31,ep_z60,abs_12m,84,-0.460686
2014-01-01,2020-12-31,ep_z60,rel_12m,84,-0.602187
2014-01-01,2020-12-31,ep_z60,abs_24m,84,-0.498714
2014-01-01,2020-12-31,ep_z60,rel_24m,84,-0.624501
2014-01-01,2020-12-31,pb_roe_adj,abs_12m,84,-0.101853
2014-01-01,2020-12-31,pb_roe_adj,rel_12m,84,-0.138686
2014-01-01,2020-12-31,pb_roe_adj,abs_24m,84,0.032905
2014-01-01,2020-12-31,pb_roe_adj,rel_24m,84,0.124673
2014-01-01,2020-12-31,ep_6m,abs_12m,84,-0.303736
2014-01-01,2020-12-31,ep_6m,rel_12m,84,-0.368796
2014-01-01,2020-12-31,ep_6m,abs_24m,84,-0.327083
2014-01-01,2020-12-31,ep_6m,rel_24m,84,-0.271803
2014-01-01,2020-12-31,ep_3m,abs_12m,84,-0.409315
2014-01-01,2020-12-31,ep_3m,rel_12m,84,-0.316999
2014-01-01,2020-12-31,ep_3m,abs_24m,84,-0.418933
2014-01-01,2020-12-31,ep_3m,rel_24m,84,-0.314265
2014-01-01,2020-12-31,ep_norm,abs_12m,84,0.015875
2014-01-01,2020-12-31,ep_norm,rel_12m,84,0.036448
2014-01-01,2020-12-31,ep_norm,abs_24m,84,0.184104
2014-01-01,2020-12-31,ep_norm,rel_24m,84,0.279356
2014-01-01,2020-12-31,roe_gap,abs_12m,84,-0.557234
2014-01-01,2020-12-31,roe_gap,rel_12m,84,-0.630414
2014-01-01,2020-12-31,roe_gap,abs_24m,84,-0.524592
2014-01-01,2020-12-31,roe_gap,rel_24m,84,-0.661679
2014-01-01,2020-12-31,ep_rel_mkt,abs_12m,84,-0.456070
2014-01-01,2020-12-31,ep_rel_mkt,rel_12m,84,-0.603726
2014-01-01,2020-12-31,ep_rel_mkt,abs_24m,84,-0.181553
2014-01-01,2020-12-31,ep_rel_mkt,rel_24m,84,-0.391637
2015-01-01,2021-12-31,bp,abs_12m,84,0.342331
2015-01-01,2021-12-31,bp,rel_12m,84,0.225453
2015-01-01,2021-12-31,bp,abs_24m,84,0.737430
2015-01-01,2021-12-31,bp,rel_24m,84,0.511208
2015-01-01,2021-12-31,ep,abs_12m,84,-0.421160
2015-01-01,2021-12-31,ep,rel_12m,84,-0.352678
2015-01-01,2021-12-31,ep,abs_24m,84,-0.351726
2015-01-01,2021-12-31,ep,rel_24m,84,-0.227113
2015-01-01,2021-12-31,bp_z60,abs_12m,84,0.027822
2015-01-01,2021-12-31,bp_z60,rel_12m,84,0.027620
2015-01-01,2021-12-31,bp_z60,abs_24m,84,0.018427
2015-01-01,2021-12-31,bp_z60,rel_24m,84,0.180723
2015-01-01,2021-12-31,ep_z60,abs_12m,84,-0.440923
2015-01-01,2021-12-31,ep_z60,rel_12m,84,-0.427437
2015-01-01,2021-12-31,ep_z60,abs_24m,84,-0.532004
2015-01-01,2021-12-31,ep_z60,rel_24m,84,-0.410246
2015-01-01,2021-12-31,pb_roe_adj,abs_12m,84,-0.068361
2015-01-01,2021-12-31,pb_roe_adj,rel_12m,84,-0.117526
2015-01-01,2021-12-31,pb_roe_adj,abs_24m,84,0.189369
2015-01-01,2021-12-31,pb_roe_adj,rel_24m,84,0.224825
2015-01-01,2021-12-31,ep_6m,abs_12m,84,-0.343343
2015-01-01,2021-12-31,ep_6m,rel_12m,84,-0.377605
2015-01-01,2021-12-31,ep_6m,abs_24m,84,-0.362438
2015-01-01,2021-12-31,ep_6m,rel_24m,84,-0.262590
2015-01-01,2021-12-31,ep_3m,abs_12m,84,-0.422699
2015-01-01,2021-12-31,ep_3m,rel_12m,84,-0.390503
2015-01-01,2021-12-31,ep_3m,abs_24m,84,-0.397125
2015-01-01,2021-12-31,ep_3m,rel_24m,84,-0.331639
2015-01-01,2021-12-31,ep_norm,abs_12m,84,0.089845
2015-01-01,2021-12-31,ep_norm,rel_12m,84,0.220836
2015-01-01,2021-12-31,ep_norm,abs_24m,84,0.307158
2015-01-01,2021-12-31,ep_norm,rel_24m,84,0.490939
2015-01-01,2021-12-31,roe_gap,abs_12m,84,-0.588843
2015-01-01,2021-12-31,roe_gap,rel_12m,84,-0.552840
2015-01-01,2021-12-31,roe_gap,abs_24m,84,-0.666275
2015-01-01,2021-12-31,roe_gap,rel_24m,84,-0.559380
2015-01-01,2021-12-31,ep_rel_mkt,abs_12m,84,-0.409861
2015-01-01,2021-12-31,ep_rel_mkt,rel_12m,84,-0.366994
2015-01-01,2021-12-31,ep_rel_mkt,abs_24m,84,-0.291728
2015-01-01,2021-12-31,ep_rel_mkt,rel_24m,84,-0.151929
2016-01-01,2022-12-31,bp,abs_12m,84,0.634666
2016-01-01,2022-12-31,bp,rel_12m,84,0.238574
2016-01-01,2022-12-31,bp,abs_24m,84,0.385097
2016-01-01,2022-12-31,bp,rel_24m,84,0.431143
2016-01-01,2022-12-31,ep,abs_12m,84,-0.203766
2016-01-01,2022-12-31,ep,rel_12m,84,-0.284661
2016-01-01,2022-12-31,ep,abs_24m,84,-0.547211
2016-01-01,2022-12-31,ep,rel_24m,84,-0.284520
2016-01-01,2022-12-31,bp_z60,abs_12m,84,0.115480
2016-01-01,2022-12-31,bp_z60,rel_12m,84,0.025575
2016-01-01,2022-12-31,bp_z60,abs_24m,84,-0.131295
2016-01-01,2022-12-31,bp_z60,rel_24m,84,0.131072
2016-01-01,2022-12-31,ep_z60,abs_12m,84,-0.311917
2016-01-01,2022-12-31,ep_z60,rel_12m,84,-0.359846
2016-01-01,2022-12-31,ep_z60,abs_24m,84,-0.647930
2016-01-01,2022-12-31,ep_z60,rel_24m,84,-0.422537
2016-01-01,2022-12-31,pb_roe_adj,abs_12m,84,0.183740
2016-01-01,2022-12-31,pb_roe_adj,rel_12m,84,-0.107462
2016-01-01,2022-12-31,pb_roe_adj,abs_24m,84,-0.097317
2016-01-01,2022-12-31,pb_roe_adj,rel_24m,84,0.107988
2016-01-01,2022-12-31,ep_6m,abs_12m,84,-0.130222
2016-01-01,2022-12-31,ep_6m,rel_12m,84,-0.332125
2016-01-01,2022-12-31,ep_6m,abs_24m,84,-0.525868
2016-01-01,2022-12-31,ep_6m,rel_24m,84,-0.321434
2016-01-01,2022-12-31,ep_3m,abs_12m,84,-0.247383
2016-01-01,2022-12-31,ep_3m,rel_12m,84,-0.351989
2016-01-01,2022-12-31,ep_3m,abs_24m,84,-0.534839
2016-01-01,2022-12-31,ep_3m,rel_24m,84,-0.364706
2016-01-01,2022-12-31,ep_norm,abs_12m,84,0.251554
2016-01-01,2022-12-31,ep_norm,rel_12m,84,0.216260
2016-01-01,2022-12-31,ep_norm,abs_24m,84,0.212635
2016-01-01,2022-12-31,ep_norm,rel_24m,84,0.513375
2016-01-01,2022-12-31,roe_gap,abs_12m,84,-0.376754
2016-01-01,2022-12-31,roe_gap,rel_12m,84,-0.425190
2016-01-01,2022-12-31,roe_gap,abs_24m,84,-0.698856
2016-01-01,2022-12-31,roe_gap,rel_24m,84,-0.499079
2016-01-01,2022-12-31,ep_rel_mkt,abs_12m,84,-0.196355
2016-01-01,2022-12-31,ep_rel_mkt,rel_12m,84,-0.290736
2016-01-01,2022-12-31,ep_rel_mkt,abs_24m,84,-0.501347
2016-01-01,2022-12-31,ep_rel_mkt,rel_24m,84,-0.230799
2017-01-01,2023-12-31,bp,abs_12m,84,0.103695
2017-01-01,2023-12-31,bp,rel_12m,84,0.085492
2017-01-01,2023-12-31,bp,abs_24m,84,-0.091607
2017-01-01,2023-12-31,bp,rel_24m,84,0.268584
2017-01-01,2023-12-31,ep,abs_12m,84,-0.337005
2017-01-01,2023-12-31,ep,rel_12m,84,-0.249084
2017-01-01,2023-12-31,ep,abs_24m,84,-0.589632
2017-01-01,2023-12-31,ep,rel_24m,84,-0.169161
2017-01-01,2023-12-31,bp_z60,abs_12m,84,-0.011501
2017-01-01,2023-12-31,bp_z60,rel_12m,84,-0.011704
2017-01-01,2023-12-31,bp_z60,abs_24m,84,-0.216483
2017-01-01,2023-12-31,bp_z60,rel_24m,84,0.030819
2017-01-01,2023-12-31,ep_z60,abs_12m,84,-0.272066
2017-01-01,2023-12-31,ep_z60,rel_12m,84,-0.319996
2017-01-01,2023-12-31,ep_z60,abs_24m,84,-0.601903
2017-01-01,2023-12-31,ep_z60,rel_24m,84,-0.337147
2017-01-01,2023-12-31,pb_roe_adj,abs_12m,84,-0.146927
2017-01-01,2023-12-31,pb_roe_adj,rel_12m,84,-0.152151
2017-01-01,2023-12-31,pb_roe_adj,abs_24m,84,-0.379164
2017-01-01,2023-12-31,pb_roe_adj,rel_24m,84,0.026263
2017-01-01,2023-12-31,ep_6m,abs_12m,84,-0.231447
2017-01-01,2023-12-31,ep_6m,rel_12m,84,-0.301286
2017-01-01,2023-12-31,ep_6m,abs_24m,84,-0.551139
2017-01-01,2023-12-31,ep_6m,rel_24m,84,-0.207431
2017-01-01,2023-12-31,ep_3m,abs_12m,84,-0.311147
2017-01-01,2023-12-31,ep_3m,rel_12m,84,-0.355533
2017-01-01,2023-12-31,ep_3m,abs_24m,84,-0.559603
2017-01-01,2023-12-31,ep_3m,rel_24m,84,-0.303392
2017-01-01,2023-12-31,ep_norm,abs_12m,84,-0.092133
2017-01-01,2023-12-31,ep_norm,rel_12m,84,0.076825
2017-01-01,2023-12-31,ep_norm,abs_24m,84,0.020209
2017-01-01,2023-12-31,ep_norm,rel_24m,84,0.422456
2017-01-01,2023-12-31,roe_gap,abs_12m,84,-0.440680
2017-01-01,2023-12-31,roe_gap,rel_12m,84,-0.391293
2017-01-01,2023-12-31,roe_gap,abs_24m,84,-0.672552
2017-01-01,2023-12-31,roe_gap,rel_24m,84,-0.354460
2017-01-01,2023-12-31,ep_rel_mkt,abs_12m,84,-0.334596
2017-01-01,2023-12-31,ep_rel_mkt,rel_12m,84,-0.248719
2017-01-01,2023-12-31,ep_rel_mkt,abs_24m,84,-0.583538
2017-01-01,2023-12-31,ep_rel_mkt,rel_24m,84,-0.145854
2018-01-01,2024-12-31,bp,abs_12m,84,-0.024987
2018-01-01,2024-12-31,bp,rel_12m,84,0.021221
2018-01-01,2024-12-31,bp,abs_24m,80,0.030567
2018-01-01,2024-12-31,bp,rel_24m,80,0.313690
2018-01-01,2024-12-31,ep,abs_12m,84,-0.264736
2018-01-01,2024-12-31,ep,rel_12m,84,-0.204576
2018-01-01,2024-12-31,ep,abs_24m,80,-0.382232
2018-01-01,2024-12-31,ep,rel_24m,80,-0.015377
2018-01-01,2024-12-31,bp_z60,abs_12m,84,0.073059
2018-01-01,2024-12-31,bp_z60,rel_12m,84,0.012210
2018-01-01,2024-12-31,bp_z60,abs_24m,80,-0.082583
2018-01-01,2024-12-31,bp_z60,rel_24m,80,0.181177
2018-01-01,2024-12-31,ep_z60,abs_12m,84,-0.227842
2018-01-01,2024-12-31,ep_z60,rel_12m,84,-0.324815
2018-01-01,2024-12-31,ep_z60,abs_24m,80,-0.419151
2018-01-01,2024-12-31,ep_z60,rel_24m,80,-0.180122
2018-01-01,2024-12-31,pb_roe_adj,abs_12m,84,-0.190301
2018-01-01,2024-12-31,pb_roe_adj,rel_12m,84,-0.125139
2018-01-01,2024-12-31,pb_roe_adj,abs_24m,80,-0.216292
2018-01-01,2024-12-31,pb_roe_adj,rel_24m,80,0.127309
2018-01-01,2024-12-31,ep_6m,abs_12m,84,-0.173008
2018-01-01,2024-12-31,ep_6m,rel_12m,84,-0.258014
2018-01-01,2024-12-31,ep_6m,abs_24m,80,-0.478411
2018-01-01,2024-12-31,ep_6m,rel_24m,80,-0.176864
2018-01-01,2024-12-31,ep_3m,abs_12m,84,-0.267369
2018-01-01,2024-12-31,ep_3m,rel_12m,84,-0.306753
2018-01-01,2024-12-31,ep_3m,abs_24m,80,-0.522738
2018-01-01,2024-12-31,ep_3m,rel_24m,80,-0.302086
2018-01-01,2024-12-31,ep_norm,abs_12m,84,-0.019075
2018-01-01,2024-12-31,ep_norm,rel_12m,84,0.134170
2018-01-01,2024-12-31,ep_norm,abs_24m,80,0.277965
2018-01-01,2024-12-31,ep_norm,rel_24m,80,0.588608
2018-01-01,2024-12-31,roe_gap,abs_12m,84,-0.498755
2018-01-01,2024-12-31,roe_gap,rel_12m,84,-0.454409
2018-01-01,2024-12-31,roe_gap,abs_24m,80,-0.604571
2018-01-01,2024-12-31,roe_gap,rel_24m,80,-0.336592
2018-01-01,2024-12-31,ep_rel_mkt,abs_12m,84,-0.303250
2018-01-01,2024-12-31,ep_rel_mkt,rel_12m,84,-0.269454
2018-01-01,2024-12-31,ep_rel_mkt,abs_24m,80,-0.401149
2018-01-01,2024-12-31,ep_rel_mkt,rel_24m,80,-0.024238
2019-01-01,2025-12-31,bp,abs_12m,80,0.143952
2019-01-01,2025-12-31,bp,rel_12m,80,0.190202
2019-01-01,2025-12-31,bp,abs_24m,68,0.037294
2019-01-01,2025-12-31,bp,rel_24m,68,0.365882
2019-01-01,2025-12-31,ep,abs_12m,80,-0.231880
2019-01-01,2025-12-31,ep,rel_12m,80,-0.168120
2019-01-01,2025-12-31,ep,abs_24m,68,-0.454976
2019-01-01,2025-12-31,ep,rel_24m,68,0.016032
2019-01-01,2025-12-31,bp_z60,abs_12m,80,-0.006892
2019-01-01,2025-12-31,bp_z60,rel_12m,80,0.009470
2019-01-01,2025-12-31,bp_z60,abs_24m,68,-0.178456
2019-01-01,2025-12-31,bp_z60,rel_24m,68,0.280796
2019-01-01,2025-12-31,ep_z60,abs_12m,80,-0.209986
2019-01-01,2025-12-31,ep_z60,rel_12m,80,-0.277426
2019-01-01,2025-12-31,ep_z60,abs_24m,68,-0.468756
2019-01-01,2025-12-31,ep_z60,rel_24m,68,-0.119021
2019-01-01,2025-12-31,pb_roe_adj,abs_12m,80,-0.164112
2019-01-01,2025-12-31,pb_roe_adj,rel_12m,80,-0.097609
2019-01-01,2025-12-31,pb_roe_adj,abs_24m,68,-0.250181
2019-01-01,2025-12-31,pb_roe_adj,rel_24m,68,0.176203
2019-01-01,2025-12-31,ep_6m,abs_12m,80,-0.218401
2019-01-01,2025-12-31,ep_6m,rel_12m,80,-0.298078
2019-01-01,2025-12-31,ep_6m,abs_24m,68,-0.553575
2019-01-01,2025-12-31,ep_6m,rel_24m,68,-0.197542
2019-01-01,2025-12-31,ep_3m,abs_12m,80,-0.274684
2019-01-01,2025-12-31,ep_3m,rel_12m,80,-0.351969
2019-01-01,2025-12-31,ep_3m,abs_24m,68,-0.558194
2019-01-01,2025-12-31,ep_3m,rel_24m,68,-0.340993
2019-01-01,2025-12-31,ep_norm,abs_12m,80,0.132865
2019-01-01,2025-12-31,ep_norm,rel_12m,80,0.288819
2019-01-01,2025-12-31,ep_norm,abs_24m,68,0.213460
2019-01-01,2025-12-31,ep_norm,rel_24m,68,0.657060
2019-01-01,2025-12-31,roe_gap,abs_12m,80,-0.580895
2019-01-01,2025-12-31,roe_gap,rel_12m,80,-0.526489
2019-01-01,2025-12-31,roe_gap,abs_24m,68,-0.661335
2019-01-01,2025-12-31,roe_gap,rel_24m,68,-0.300378
2019-01-01,2025-12-31,ep_rel_mkt,abs_12m,80,-0.290694
2019-01-01,2025-12-31,ep_rel_mkt,rel_12m,80,-0.256399
2019-01-01,2025-12-31,ep_rel_mkt,abs_24m,68,-0.464786
2019-01-01,2025-12-31,ep_rel_mkt,rel_24m,68,0.012902
