window_start,window_end,signal,target,n_obs,ic,split_year,half
2004-01-01,2009-12-31,bp,abs_12m,64,0.242811,2009,early
2004-01-01,2009-12-31,bp,rel_12m,64,0.380311,2009,early
2004-01-01,2009-12-31,bp,abs_24m,64,0.465110,2009,early
2004-01-01,2009-12-31,bp,rel_24m,64,0.689927,2009,early
2004-01-01,2009-12-31,ep,abs_12m,53,-0.537252,2009,early
2004-01-01,2009-12-31,ep,rel_12m,53,0.282616,2009,early
2004-01-01,2009-12-31,ep,abs_24m,53,-0.491372,2009,early
2004-01-01,2009-12-31,ep,rel_24m,53,0.497984,2009,early
2010-01-01,2100-01-01,bp,abs_12m,188,-0.063158,2009,late
2010-01-01,2100-01-01,bp,rel_12m,188,-0.066120,2009,late
2010-01-01,2100-01-01,bp,abs_24m,176,-0.271345,2009,late
2010-01-01,2100-01-01,bp,rel_24m,176,-0.169192,2009,late
2010-01-01,2100-01-01,ep,abs_12m,188,-0.316682,2009,late
2010-01-01,2100-01-01,ep,rel_12m,188,-0.289039,2009,late
2010-01-01,2100-01-01,ep,abs_24m,176,-0.337999,2009,late
2010-01-01,2100-01-01,ep,rel_24m,176,-0.158314,2009,late
2004-01-01,2010-12-31,bp,abs_12m,76,0.346630,2010,early
2004-01-01,2010-12-31,bp,rel_12m,76,0.244921,2010,early
2004-01-01,2010-12-31,bp,abs_24m,76,0.591497,2010,early
2004-01-01,2010-12-31,bp,rel_24m,76,0.529597,2010,early
2004-01-01,2010-12-31,ep,abs_12m,65,-0.392177,2010,early
2004-01-01,2010-12-31,ep,rel_12m,65,0.275787,2010,early
2004-01-01,2010-12-31,ep,abs_24m,65,-0.393269,2010,early
2004-01-01,2010-12-31,ep,rel_24m,65,0.452448,2010,early
2011-01-01,2100-01-01,bp,abs_12m,176,-0.010801,2010,late
2011-01-01,2100-01-01,bp,rel_12m,176,-0.002655,2010,late
2011-01-01,2100-01-01,bp,abs_24m,164,-0.180284,2010,late
2011-01-01,2100-01-01,bp,rel_24m,164,-0.081205,2010,late
2011-01-01,2100-01-01,ep,abs_12m,176,-0.315923,2010,late
2011-01-01,2100-01-01,ep,rel_12m,176,-0.264295,2010,late
2011-01-01,2100-01-01,ep,abs_24m,164,-0.309140,2010,late
2011-01-01,2100-01-01,ep,rel_24m,164,-0.128230,2010,late
2004-01-01,2011-12-31,bp,abs_12m,88,0.415149,2011,early
2004-01-01,2011-12-31,bp,rel_12m,88,0.194445,2011,early
2004-01-01,2011-12-31,bp,abs_24m,88,0.684178,2011,early
2004-01-01,2011-12-31,bp,rel_24m,88,0.466592,2011,early
2004-01-01,2011-12-31,ep,abs_12m,77,-0.262527,2011,early
2004-01-01,2011-12-31,ep,rel_12m,77,0.260503,2011,early
2004-01-01,2011-12-31,ep,abs_24m,77,-0.198565,2011,early
2004-01-01,2011-12-31,ep,rel_24m,77,0.492770,2011,early
2012-01-01,2100-01-01,bp,abs_12m,164,0.058175,2011,late
2012-01-01,2100-01-01,bp,rel_12m,164,0.061646,2011,late
2012-01-01,2100-01-01,bp,abs_24m,152,-0.156347,2011,late
2012-01-01,2100-01-01,bp,rel_24m,152,-0.001688,2011,late
2012-01-01,2100-01-01,ep,abs_12m,164,-0.293831,2011,late
2012-01-01,2100-01-01,ep,rel_12m,164,-0.229837,2011,late
2012-01-01,2100-01-01,ep,abs_24m,152,-0.322033,2011,late
2012-01-01,2100-01-01,ep,rel_24m,152,-0.101087,2011,late
2004-01-01,2012-12-31,bp,abs_12m,100,0.512451,2012,early
2004-01-01,2012-12-31,bp,rel_12m,100,0.212457,2012,early
2004-01-01,2012-12-31,bp,abs_24m,100,0.722004,2012,early
2004-01-01,2012-12-31,bp,rel_24m,100,0.362376,2012,early
2004-01-01,2012-12-31,ep,abs_12m,89,-0.373681,2012,early
2004-01-01,2012-12-31,ep,rel_12m,89,0.152792,2012,early
2004-01-01,2012-12-31,ep,abs_24m,89,-0.273000,2012,early
2004-01-01,2012-12-31,ep,rel_24m,89,0.505533,2012,early
2013-01-01,2100-01-01,bp,abs_12m,152,0.021368,2012,late
2013-01-01,2100-01-01,bp,rel_12m,152,0.107908,2012,late
2013-01-01,2100-01-01,bp,abs_24m,140,-0.037056,2012,late
2013-01-01,2100-01-01,bp,rel_24m,140,0.171197,2012,late
2013-01-01,2100-01-01,ep,abs_12m,152,-0.305282,2012,late
2013-01-01,2100-01-01,ep,rel_12m,152,-0.226915,2012,late
2013-01-01,2100-01-01,ep,abs_24m,140,-0.352326,2012,late
2013-01-01,2100-01-01,ep,rel_24m,140,-0.103969,2012,late
2004-01-01,2013-12-31,bp,abs_12m,112,0.534783,2013,early
2004-01-01,2013-12-31,bp,rel_12m,112,0.240834,2013,early
2004-01-01,2013-12-31,bp,abs_24m,112,0.728047,2013,early
2004-01-01,2013-12-31,bp,rel_24m,112,0.337274,2013,early
2004-01-01,2013-12-31,ep,abs_12m,101,-0.347688,2013,early
2004-01-01,2013-12-31,ep,rel_12m,101,0.223320,2013,early
2004-01-01,2013-12-31,ep,abs_24m,101,-0.264857,2013,early
2004-01-01,2013-12-31,ep,rel_24m,101,0.495271,2013,early
2014-01-01,2100-01-01,bp,abs_12m,140,0.139651,2013,late
2014-01-01,2100-01-01,bp,rel_12m,140,0.233185,2013,late
2014-01-01,2100-01-01,bp,abs_24m,128,0.115060,2013,late
2014-01-01,2100-01-01,bp,rel_24m,128,0.319790,2013,late
2014-01-01,2100-01-01,ep,abs_12m,140,-0.322941,2013,late
2014-01-01,2100-01-01,ep,rel_12m,140,-0.218102,2013,late
2014-01-01,2100-01-01,ep,abs_24m,128,-0.391818,2013,late
2014-01-01,2100-01-01,ep,rel_24m,128,-0.102362,2013,late
2004-01-01,2014-12-31,bp,abs_12m,124,0.550854,2014,early
2004-01-01,2014-12-31,bp,rel_12m,124,0.255603,2014,early
2004-01-01,2014-12-31,bp,abs_24m,124,0.704900,2014,early
2004-01-01,2014-12-31,bp,rel_24m,124,0.314543,2014,early
2004-01-01,2014-12-31,ep,abs_12m,113,-0.319366,2014,early
2004-01-01,2014-12-31,ep,rel_12m,113,0.210310,2014,early
2004-01-01,2014-12-31,ep,abs_24m,113,-0.209520,2014,early
2004-01-01,2014-12-31,ep,rel_24m,113,0.461200,2014,early
2015-01-01,2100-01-01,bp,abs_12m,128,0.220135,2014,late
2015-01-01,2100-01-01,bp,rel_12m,128,0.271785,2014,late
2015-01-01,2100-01-01,bp,abs_24m,116,0.295583,2014,late
2015-01-01,2100-01-01,bp,rel_24m,116,0.424788,2014,late
2015-01-01,2100-01-01,ep,abs_12m,128,-0.330938,2014,late
2015-01-01,2100-01-01,ep,rel_12m,128,-0.223820,2014,late
2015-01-01,2100-01-01,ep,abs_24m,116,-0.383931,2014,late
2015-01-01,2100-01-01,ep,rel_24m,116,-0.088786,2014,late
2004-01-01,2015-12-31,bp,abs_12m,136,0.554854,2015,early
2004-01-01,2015-12-31,bp,rel_12m,136,0.262993,2015,early
2004-01-01,2015-12-31,bp,abs_24m,136,0.617509,2015,early
2004-01-01,2015-12-31,bp,rel_24m,136,0.267592,2015,early
2004-01-01,2015-12-31,ep,abs_12m,125,-0.281315,2015,early
2004-01-01,2015-12-31,ep,rel_12m,125,0.215877,2015,early
2004-01-01,2015-12-31,ep,abs_24m,125,-0.196135,2015,early
2004-01-01,2015-12-31,ep,rel_24m,125,0.383158,2015,early
2016-01-01,2100-01-01,bp,abs_12m,116,0.334594,2015,late
2016-01-01,2100-01-01,bp,rel_12m,116,0.293092,2015,late
2016-01-01,2100-01-01,bp,abs_24m,104,0.327120,2015,late
2016-01-01,2100-01-01,bp,rel_24m,104,0.490366,2015,late
2016-01-01,2100-01-01,ep,abs_12m,116,-0.342990,2015,late
2016-01-01,2100-01-01,ep,rel_12m,116,-0.266974,2015,late
2016-01-01,2100-01-01,ep,abs_24m,104,-0.403606,2015,late
2016-01-01,2100-01-01,ep,rel_24m,104,-0.097130,2015,late
2004-01-01,2016-12-31,bp,abs_12m,148,0.460259,2016,early
2004-01-01,2016-12-31,bp,rel_12m,148,0.224197,2016,early
2004-01-01,2016-12-31,bp,abs_24m,148,0.485528,2016,early
2004-01-01,2016-12-31,bp,rel_24m,148,0.193043,2016,early
2004-01-01,2016-12-31,ep,abs_12m,137,-0.401773,2016,early
2004-01-01,2016-12-31,ep,rel_12m,137,0.057120,2016,early
2004-01-01,2016-12-31,ep,abs_24m,137,-0.344685,2016,early
2004-01-01,2016-12-31,ep,rel_24m,137,0.137239,2016,early
2017-01-01,2100-01-01,bp,abs_12m,104,0.273232,2016,late
2017-01-01,2100-01-01,bp,rel_12m,104,0.285501,2016,late
2017-01-01,2100-01-01,bp,abs_24m,92,0.164681,2016,late
2017-01-01,2100-01-01,bp,rel_24m,92,0.432455,2016,late
2017-01-01,2100-01-01,ep,abs_12m,104,-0.318436,2016,late
2017-01-01,2100-01-01,ep,rel_12m,104,-0.236893,2016,late
2017-01-01,2100-01-01,ep,abs_24m,92,-0.423901,2016,late
2017-01-01,2100-01-01,ep,rel_24m,92,-0.065210,2016,late
2004-01-01,2017-12-31,bp,abs_12m,160,0.275820,2017,early
2004-01-01,2017-12-31,bp,rel_12m,160,0.085574,2017,early
2004-01-01,2017-12-31,bp,abs_24m,160,0.315258,2017,early
2004-01-01,2017-12-31,bp,rel_24m,160,0.083763,2017,early
2004-01-01,2017-12-31,ep,abs_12m,149,-0.498172,2017,early
2004-01-01,2017-12-31,ep,rel_12m,149,-0.101774,2017,early
2004-01-01,2017-12-31,ep,abs_24m,149,-0.444567,2017,early
2004-01-01,2017-12-31,ep,rel_24m,149,-0.041252,2017,early
2018-01-01,2100-01-01,bp,abs_12m,92,0.145847,2017,late
2018-01-01,2100-01-01,bp,rel_12m,92,0.183700,2017,late
2018-01-01,2100-01-01,bp,abs_24m,80,0.030567,2017,late
2018-01-01,2100-01-01,bp,rel_24m,80,0.313690,2017,late
2018-01-01,2100-01-01,ep,abs_12m,92,-0.231555,2017,late
2018-01-01,2100-01-01,ep,rel_12m,92,-0.189911,2017,late
2018-01-01,2100-01-01,ep,abs_24m,80,-0.382232,2017,late
2018-01-01,2100-01-01,ep,rel_24m,80,-0.015377,2017,late
