date,endpoint,y_true,report_month,future_month,target_end,available
2004-09-30,adjusted_bvps_growth_6m,-0.040345821325648568,2004-08-31,2005-02-28,2005-02-28,2005-03-17
2004-10-29,adjusted_bvps_growth_6m,-0.058761061946902671,2004-09-30,2005-03-31,2005-03-31,2005-04-14
2004-11-30,adjusted_bvps_growth_6m,0.13211466555878681,2004-10-31,2005-04-30,2005-04-29,2005-05-19
2004-12-31,adjusted_bvps_growth_6m,0.14139762975071513,2004-11-30,2005-05-31,2005-05-31,2005-06-16
2005-01-31,adjusted_bvps_growth_6m,0.10143801010493592,2004-12-31,2005-06-30,2005-06-30,2005-07-14
2005-02-28,adjusted_bvps_growth_6m,0.1023682200152789,2005-01-31,2005-07-31,2005-07-29,2005-08-18
2005-03-31,adjusted_bvps_growth_6m,0.1008276899924756,2005-02-28,2005-08-31,2005-08-31,2005-09-16
2005-04-29,adjusted_bvps_growth_6m,0.11345646437994716,2005-03-31,2005-09-30,2005-09-30,2005-10-12
2005-05-31,adjusted_bvps_growth_6m,0.086796616403089111,2005-04-30,2005-10-31,2005-10-31,2005-11-17
2005-06-30,adjusted_bvps_growth_6m,0.088984571223537756,2005-05-31,2005-11-30,2005-11-30,2005-12-15
2005-07-29,adjusted_bvps_growth_6m,0.096888260254596847,2005-06-30,2005-12-31,2005-12-30,2006-01-18
2005-08-31,adjusted_bvps_growth_6m,0.09965277777777759,2005-07-31,2006-01-31,2006-01-31,2006-02-15
2005-09-30,adjusted_bvps_growth_6m,0.10136986301369877,2005-08-31,2006-02-28,2006-02-28,2006-03-15
2005-10-31,adjusted_bvps_growth_6m,0.095658073270013633,2005-09-30,2006-03-31,2006-03-31,2006-04-12
2005-11-30,adjusted_bvps_growth_6m,0.11631061376737883,2005-10-31,2006-04-30,2006-04-28,2006-05-17
2005-12-30,adjusted_bvps_growth_6m,0.090128755364806912,2005-11-30,2006-05-31,2006-05-31,2006-06-14
2006-01-31,adjusted_bvps_growth_6m,0.071705426356589053,2005-12-31,2006-06-30,2006-06-30,2006-07-13
2006-02-28,adjusted_bvps_growth_6m,0.076241695665928644,2006-01-31,2006-07-31,2006-07-31,2006-08-16
2006-03-31,adjusted_bvps_growth_6m,0.080996884735202501,2006-02-28,2006-08-31,2006-08-31,2006-09-14
2006-04-28,adjusted_bvps_growth_6m,0.095068238213399381,2006-03-31,2006-09-30,2006-09-29,2006-10-11
2006-05-31,adjusted_bvps_growth_6m,0.095100426049908648,2006-04-30,2006-10-31,2006-10-31,2006-11-15
2006-06-30,adjusted_bvps_growth_6m,0.10876820388349495,2006-05-31,2006-11-30,2006-11-30,2006-12-13
2006-07-31,adjusted_bvps_growth_6m,0.10718599033816445,2006-06-30,2006-12-31,2006-12-29,2007-01-17
2006-08-31,adjusted_bvps_growth_6m,0.096289752650176474,2006-07-31,2007-01-31,2007-01-31,2007-02-14
2006-09-29,adjusted_bvps_growth_6m,0.089780600461893734,2006-08-31,2007-02-28,2007-02-28,2007-03-14
2006-10-31,adjusted_bvps_growth_6m,0.069097616345062285,2006-09-30,2007-03-31,2007-03-30,2007-04-11
2006-11-30,adjusted_bvps_growth_6m,0.066675946547884113,2006-10-31,2007-04-30,2007-04-30,2007-05-16
2006-12-29,adjusted_bvps_growth_6m,0.059073464912280826,2006-11-30,2007-05-31,2007-05-31,2007-06-13
2007-01-31,adjusted_bvps_growth_6m,0.049180327868852292,2006-12-31,2007-06-30,2007-06-29,2007-07-12
2007-02-28,adjusted_bvps_growth_6m,-0.18729817007534977,2007-01-31,2007-07-31,2007-07-31,2007-08-15
2007-03-30,adjusted_bvps_growth_6m,0.010615711252653925,2007-02-28,2007-08-31,2007-08-31,2007-09-14
2007-04-30,adjusted_bvps_growth_6m,0.025504782146652527,2007-03-31,2007-09-30,2007-09-28,2007-10-10
2007-05-31,adjusted_bvps_growth_6m,0.0062695924764888389,2007-04-30,2007-10-31,2007-10-31,2007-11-16
2007-06-29,adjusted_bvps_growth_6m,-0.018652849740932842,2007-05-31,2007-11-30,2007-11-30,2007-12-12
2007-07-31,adjusted_bvps_growth_6m,-0.035416666666666652,2007-06-30,2007-12-31,2007-12-31,2008-01-16
2007-08-31,adjusted_bvps_growth_6m,0.26158940397351005,2007-07-31,2008-01-31,2008-01-31,2008-02-13
2007-09-28,adjusted_bvps_growth_6m,-0.029920212765957355,2007-08-31,2008-02-29,2008-02-29,2008-03-12
2007-10-31,adjusted_bvps_growth_6m,-0.06470588235294128,2007-09-30,2008-03-31,2008-03-31,2008-04-09
2007-11-30,adjusted_bvps_growth_6m,-0.0307994757536042,2007-10-31,2008-04-30,2008-04-30,2008-05-14
2007-12-31,adjusted_bvps_growth_6m,0.011378848728246238,2007-11-30,2008-05-31,2008-05-30,2008-06-11
2008-01-31,adjusted_bvps_growth_6m,0.00068870523415975882,2007-12-31,2008-06-30,2008-06-30,2008-07-10
2008-02-29,adjusted_bvps_growth_6m,-0.071815718157181574,2008-01-31,2008-07-31,2008-07-31,2008-08-13
2008-03-31,adjusted_bvps_growth_6m,-0.025174825174825277,2008-02-29,2008-08-31,2008-08-29,2008-09-11
2008-04-30,adjusted_bvps_growth_6m,-0.099857346647646228,2008-03-31,2008-09-30,2008-09-30,2008-10-10
2008-05-30,adjusted_bvps_growth_6m,-0.18206896551724139,2008-04-30,2008-10-31,2008-10-31,2008-11-12
2008-06-30,adjusted_bvps_growth_6m,-0.20917678812415652,2008-05-31,2008-11-30,2008-11-28,2008-12-10
2008-07-31,adjusted_bvps_growth_6m,-0.125,2008-06-30,2008-12-31,2008-12-31,2009-01-21
2008-08-29,adjusted_bvps_growth_6m,-0.083211678832116664,2008-07-31,2009-01-31,2009-01-30,2009-02-11
2008-09-30,adjusted_bvps_growth_6m,-0.12482065997130565,2008-08-31,2009-02-28,2009-02-27,2009-03-11
2008-10-31,adjusted_bvps_growth_6m,0.0015847860538829028,2008-09-30,2009-03-31,2009-03-31,2009-04-15
2008-11-28,adjusted_bvps_growth_6m,0.12984822934232731,2008-10-31,2009-04-30,2009-04-30,2009-05-13
2008-12-31,adjusted_bvps_growth_6m,0.20477815699658697,2008-11-30,2009-05-31,2009-05-29,2009-06-10
2009-01-30,adjusted_bvps_growth_6m,0.1621187800963082,2008-12-31,2009-06-30,2009-06-30,2009-07-10
2009-02-27,adjusted_bvps_growth_6m,0.21337579617834401,2009-01-31,2009-07-31,2009-07-31,2009-08-11
2009-03-31,adjusted_bvps_growth_6m,0.28196721311475414,2009-02-28,2009-08-31,2009-08-31,2009-09-10
2009-04-30,adjusted_bvps_growth_6m,0.28639240506329111,2009-03-31,2009-09-30,2009-09-30,2009-10-14
2009-05-29,adjusted_bvps_growth_6m,0.24477611940298494,2009-04-30,2009-10-31,2009-10-30,2009-11-10
2009-06-30,adjusted_bvps_growth_6m,0.21246458923512757,2009-05-31,2009-11-30,2009-11-30,2009-12-09
2009-07-31,adjusted_bvps_growth_6m,0.18093922651933703,2009-06-30,2009-12-31,2009-12-31,2010-01-20
2009-08-31,adjusted_bvps_growth_6m,0.17208661417322846,2009-07-31,2010-01-31,2010-01-29,2010-02-17
2009-09-30,adjusted_bvps_growth_6m,0.17280051150895148,2009-08-31,2010-02-28,2010-02-26,2010-03-17
2009-10-30,adjusted_bvps_growth_6m,0.15883148831488314,2009-09-30,2010-03-31,2010-03-31,2010-04-14
2009-11-30,adjusted_bvps_growth_6m,0.16082733812949646,2009-10-31,2010-04-30,2010-04-30,2010-05-19
2009-12-31,adjusted_bvps_growth_6m,0.1134696261682242,2009-11-30,2010-05-31,2010-05-31,2010-06-16
2010-01-29,adjusted_bvps_growth_6m,0.12295906432748538,2009-12-31,2010-06-30,2010-06-30,2010-07-14
2010-02-26,adjusted_bvps_growth_6m,0.11516533637400217,2010-01-31,2010-07-31,2010-07-30,2010-08-18
2010-03-31,adjusted_bvps_growth_6m,0.094339622641509413,2010-02-28,2010-08-31,2010-08-31,2010-09-16
2010-04-30,adjusted_bvps_growth_6m,0.092872570194384441,2010-03-31,2010-09-30,2010-09-30,2010-10-14
2010-05-31,adjusted_bvps_growth_6m,-0.022058823529411686,2010-04-30,2010-10-31,2010-10-29,2010-11-17
2010-06-30,adjusted_bvps_growth_6m,0.0010672358591250486,2010-05-31,2010-11-30,2010-11-30,2010-12-15
2010-07-30,adjusted_bvps_growth_6m,0.073093220338983134,2010-06-30,2010-12-31,2010-12-31,2011-01-20
2010-08-31,adjusted_bvps_growth_6m,0.094959100204499158,2010-07-31,2011-01-31,2011-01-31,2011-02-16
2010-09-30,adjusted_bvps_growth_6m,0.10635902636916827,2010-08-31,2011-02-28,2011-02-28,2011-03-16
2010-10-29,adjusted_bvps_growth_6m,0.090780632411067375,2010-09-30,2011-03-31,2011-03-31,2011-04-14
2010-11-30,adjusted_bvps_growth_6m,0.21468313641245973,2010-10-31,2011-04-30,2011-04-29,2011-05-18
2010-12-31,adjusted_bvps_growth_6m,0.21201492537313427,2010-11-30,2011-05-31,2011-05-31,2011-06-16
2011-01-31,adjusted_bvps_growth_6m,0.12581599123767795,2010-12-31,2011-06-30,2011-06-30,2011-07-14
2011-02-28,adjusted_bvps_growth_6m,0.064446831364124657,2011-01-31,2011-07-31,2011-07-29,2011-08-17
2011-03-31,adjusted_bvps_growth_6m,0.014721345951629994,2011-02-28,2011-08-31,2011-08-31,2011-09-15
2011-04-29,adjusted_bvps_growth_6m,-0.028008298755186845,2011-03-31,2011-09-30,2011-09-30,2011-10-12
2011-05-31,adjusted_bvps_growth_6m,-0.028254288597376331,2011-04-30,2011-10-31,2011-10-31,2011-11-16
2011-06-30,adjusted_bvps_growth_6m,-0.026078234704112302,2011-05-31,2011-11-30,2011-11-30,2011-12-14
2011-07-29,adjusted_bvps_growth_6m,-0.041497975708502,2011-06-30,2011-12-31,2011-12-30,2012-01-19
2011-08-31,adjusted_bvps_growth_6m,0.027971745711402596,2011-07-31,2012-01-31,2012-01-31,2012-02-15
2011-09-30,adjusted_bvps_growth_6m,0.08468393782383421,2011-08-31,2012-02-29,2012-02-29,2012-03-14
2011-10-31,adjusted_bvps_growth_6m,0.1352401280683031,2011-09-30,2012-03-31,2012-03-30,2012-04-11
2011-11-30,adjusted_bvps_growth_6m,0.11497403946002072,2011-10-31,2012-04-30,2012-04-30,2012-05-16
2011-12-30,adjusted_bvps_growth_6m,0.094459320288362347,2011-11-30,2012-05-31,2012-05-31,2012-06-13
2012-01-31,adjusted_bvps_growth_6m,0.13275607180570215,2011-12-31,2012-06-30,2012-06-29,2012-07-12
2012-02-29,adjusted_bvps_growth_6m,0.072597137014315027,2012-01-31,2012-07-31,2012-07-31,2012-08-15
2012-03-30,adjusted_bvps_growth_6m,0.056660039761431413,2012-02-29,2012-08-31,2012-08-31,2012-09-13
2012-04-30,adjusted_bvps_growth_6m,0.059628543499511188,2012-03-31,2012-09-30,2012-09-28,2012-10-10
2012-05-31,adjusted_bvps_growth_6m,-0.038722168441432725,2012-04-30,2012-10-31,2012-10-31,2012-11-14
2012-06-29,adjusted_bvps_growth_6m,0.084148727984344251,2012-05-31,2012-11-30,2012-11-30,2012-12-12
2012-07-31,adjusted_bvps_growth_6m,0.060077519379844846,2012-06-30,2012-12-31,2012-12-31,2013-01-18
2012-08-31,adjusted_bvps_growth_6m,0.095757864632983747,2012-07-31,2013-01-31,2013-01-31,2013-02-13
2012-09-28,adjusted_bvps_growth_6m,0.098259642521166368,2012-08-31,2013-02-28,2013-02-28,2013-03-13
2012-10-31,adjusted_bvps_growth_6m,0.095433579335793217,2012-09-30,2013-03-31,2013-03-29,2013-04-10
2012-11-30,adjusted_bvps_growth_6m,0.22200402819738163,2012-10-31,2013-04-30,2013-04-30,2013-05-15
2012-12-31,adjusted_bvps_growth_6m,0.11750992063492061,2012-11-30,2013-05-31,2013-05-31,2013-06-12
2013-01-31,adjusted_bvps_growth_6m,0.1221830985915493,2012-12-31,2013-06-30,2013-06-28,2013-07-11
2013-02-28,adjusted_bvps_growth_6m,0.092066601371204593,2013-01-31,2013-07-31,2013-07-31,2013-08-14
2013-03-29,adjusted_bvps_growth_6m,0.065447545717035593,2013-02-28,2013-08-31,2013-08-30,2013-09-12
2013-04-30,adjusted_bvps_growth_6m,0.068932955618508096,2013-03-31,2013-09-30,2013-09-30,2013-10-09
2013-05-31,adjusted_bvps_growth_6m,0.07649769585253452,2013-04-30,2013-10-31,2013-10-31,2013-11-13
2013-06-28,adjusted_bvps_growth_6m,0.079234972677595605,2013-05-31,2013-11-30,2013-11-29,2013-12-11
2013-07-31,adjusted_bvps_growth_6m,-0.04415823367065308,2013-06-30,2013-12-31,2013-12-31,2014-01-22
2013-08-30,adjusted_bvps_growth_6m,0.032286995515695027,2013-07-31,2014-01-31,2014-01-31,2014-02-12
2013-09-30,adjusted_bvps_growth_6m,0.058717253839205119,2013-08-31,2014-02-28,2014-02-28,2014-03-12
2013-10-31,adjusted_bvps_growth_6m,0.047703180212014029,2013-09-30,2014-03-31,2014-03-31,2014-04-09
2013-11-29,adjusted_bvps_growth_6m,0.038527397260273988,2013-10-31,2014-04-30,2014-04-30,2014-05-14
2013-12-31,adjusted_bvps_growth_6m,0.044725738396624637,2013-11-30,2014-05-31,2014-05-30,2014-06-11
2014-01-31,adjusted_bvps_growth_6m,0.2011549566891242,2013-12-31,2014-06-30,2014-06-30,2014-07-10
2014-02-28,adjusted_bvps_growth_6m,0.096098953377735441,2014-01-31,2014-07-31,2014-07-31,2014-08-13
2014-03-31,adjusted_bvps_growth_6m,0.097947761194029814,2014-02-28,2014-08-31,2014-08-29,2014-09-11
2014-04-30,adjusted_bvps_growth_6m,0.083793738489871039,2014-03-31,2014-09-30,2014-09-30,2014-10-10
2014-05-30,adjusted_bvps_growth_6m,0.079065588499550588,2014-04-30,2014-10-31,2014-10-31,2014-11-12
2014-06-30,adjusted_bvps_growth_6m,0.07293497363796142,2014-05-31,2014-11-30,2014-11-28,2014-12-10
2014-07-31,adjusted_bvps_growth_6m,0.027003484320557325,2014-06-30,2014-12-31,2014-12-31,2015-01-28
2014-08-29,adjusted_bvps_growth_6m,0.03211805555555558,2014-07-31,2015-01-31,2015-01-30,2015-02-18
2014-09-30,adjusted_bvps_growth_6m,0.086338147833474821,2014-08-31,2015-02-28,2015-02-27,2015-03-18
2014-10-31,adjusted_bvps_growth_6m,0.09993203058623612,2014-09-30,2015-03-31,2015-03-31,2015-04-15
2014-11-28,adjusted_bvps_growth_6m,0.097935054121565335,2014-10-31,2015-04-30,2015-04-30,2015-05-21
2014-12-31,adjusted_bvps_growth_6m,0.088140868140867967,2014-11-30,2015-05-31,2015-05-29,2015-06-17
2015-01-30,adjusted_bvps_growth_6m,0.12351145038167943,2014-12-31,2015-06-30,2015-06-30,2015-07-17
2015-02-27,adjusted_bvps_growth_6m,0.1334062237174094,2015-01-31,2015-07-31,2015-07-31,2015-08-19
2015-03-31,adjusted_bvps_growth_6m,0.048760330578512479,2015-02-28,2015-08-31,2015-08-31,2015-09-17
2015-04-30,adjusted_bvps_growth_6m,0.040783034257748874,2015-03-31,2015-09-30,2015-09-30,2015-10-16
2015-05-29,adjusted_bvps_growth_6m,0.052799999999999958,2015-04-30,2015-10-31,2015-10-30,2015-11-18
2015-06-30,adjusted_bvps_growth_6m,0.053968253968253999,2015-05-31,2015-11-30,2015-11-30,2015-12-16
2015-07-31,adjusted_bvps_growth_6m,-0.0055732484076432831,2015-06-30,2015-12-31,2015-12-31,2016-01-27
2015-08-31,adjusted_bvps_growth_6m,-0.020328381548084473,2015-07-31,2016-01-31,2016-01-29,2016-02-17
2015-09-30,adjusted_bvps_growth_6m,0.061323877068558019,2015-08-31,2016-02-29,2016-02-29,2016-03-16
2015-10-30,adjusted_bvps_growth_6m,0.086065830721003156,2015-09-30,2016-03-31,2016-03-31,2016-04-14
2015-11-30,adjusted_bvps_growth_6m,0.065972644376899758,2015-10-31,2016-04-30,2016-04-29,2016-05-18
2015-12-31,adjusted_bvps_growth_6m,0.066129518072289173,2015-11-30,2016-05-31,2016-05-31,2016-06-15
2016-01-29,adjusted_bvps_growth_6m,0.14957566052842264,2015-12-31,2016-06-30,2016-06-30,2016-07-14
2016-02-29,adjusted_bvps_growth_6m,0.16905027932960892,2016-01-31,2016-07-31,2016-07-29,2016-08-17
2016-03-31,adjusted_bvps_growth_6m,0.099364069952305289,2016-02-29,2016-08-31,2016-08-31,2016-09-15
2016-04-29,adjusted_bvps_growth_6m,0.074787972243639089,2016-03-31,2016-09-30,2016-09-30,2016-10-13
2016-05-31,adjusted_bvps_growth_6m,0.060121765601217625,2016-04-30,2016-10-31,2016-10-31,2016-11-16
2016-06-30,adjusted_bvps_growth_6m,0.058779201205727327,2016-05-31,2016-11-30,2016-11-30,2016-12-14
2016-07-29,adjusted_bvps_growth_6m,0.018559762435040872,2016-06-30,2016-12-31,2016-12-30,2017-01-25
2016-08-31,adjusted_bvps_growth_6m,0.024709302325581328,2016-07-31,2017-01-31,2017-01-31,2017-02-15
2016-09-30,adjusted_bvps_growth_6m,0.096948662328271817,2016-08-31,2017-02-28,2017-02-28,2017-03-17
2016-10-31,adjusted_bvps_growth_6m,0.1012051649928265,2016-09-30,2017-03-31,2017-03-31,2017-04-18
2016-11-30,adjusted_bvps_growth_6m,0.1335821966977746,2016-10-31,2017-04-30,2017-04-28,2017-05-17
2016-12-30,adjusted_bvps_growth_6m,0.14098220640569381,2016-11-30,2017-05-31,2017-05-31,2017-06-14
2017-01-31,adjusted_bvps_growth_6m,0.17790087463556858,2016-12-31,2017-06-30,2017-06-30,2017-07-18
2017-02-28,adjusted_bvps_growth_6m,0.17452482269503555,2017-01-31,2017-07-31,2017-07-31,2017-08-16
2017-03-31,adjusted_bvps_growth_6m,0.097308488612836364,2017-02-28,2017-08-31,2017-08-31,2017-09-19
2017-04-28,adjusted_bvps_growth_6m,0.08861622358554877,2017-03-31,2017-09-30,2017-09-29,2017-10-17
2017-05-31,adjusted_bvps_growth_6m,0.079417604235605621,2017-04-30,2017-10-31,2017-10-31,2017-11-15
2017-06-30,adjusted_bvps_growth_6m,0.081433224755700362,2017-05-31,2017-11-30,2017-11-30,2017-12-13
2017-07-31,adjusted_bvps_growth_6m,0.031007751937984551,2017-06-30,2017-12-31,2017-12-29,2018-01-24
2017-08-31,adjusted_bvps_growth_6m,0.038413098236775634,2017-07-31,2018-01-31,2018-01-31,2018-02-14
2017-09-29,adjusted_bvps_growth_6m,0.11413207547169812,2017-08-31,2018-02-28,2018-02-28,2018-03-14
2017-10-31,adjusted_bvps_growth_6m,0.127407639323732,2017-09-30,2018-03-31,2018-03-30,2018-04-17
2017-11-30,adjusted_bvps_growth_6m,0.12413856529736367,2017-10-31,2018-04-30,2018-04-30,2018-05-16
2017-12-29,adjusted_bvps_growth_6m,0.13703012048192775,2017-11-30,2018-05-31,2018-05-31,2018-06-13
2018-01-31,adjusted_bvps_growth_6m,0.20079573934837081,2017-12-31,2018-06-30,2018-06-29,2018-07-17
2018-02-28,adjusted_bvps_growth_6m,0.1979805942995756,2018-01-31,2018-07-31,2018-07-31,2018-08-15
2018-03-30,adjusted_bvps_growth_6m,0.15551537070524413,2018-02-28,2018-08-31,2018-08-31,2018-09-13
2018-04-30,adjusted_bvps_growth_6m,0.15462085308056861,2018-03-31,2018-09-30,2018-09-28,2018-10-16
2018-05-31,adjusted_bvps_growth_6m,0.12492736780941294,2018-04-30,2018-10-31,2018-10-31,2018-11-14
2018-06-29,adjusted_bvps_growth_6m,0.11999999999999988,2018-05-31,2018-11-30,2018-11-30,2018-12-12
2018-07-31,adjusted_bvps_growth_6m,-0.018292682926829174,2018-06-30,2018-12-31,2018-12-31,2019-01-23
2018-08-31,adjusted_bvps_growth_6m,0.010198604401502998,2018-07-31,2019-01-31,2019-01-31,2019-02-13
2018-09-28,adjusted_bvps_growth_6m,0.13479394887845575,2018-08-31,2019-02-28,2019-02-28,2019-03-13
2018-10-31,adjusted_bvps_growth_6m,0.14951257054899947,2018-09-30,2019-03-31,2019-03-29,2019-04-16
2018-11-30,adjusted_bvps_growth_6m,0.20630165289256208,2018-10-31,2019-04-30,2019-04-30,2019-05-15
2018-12-31,adjusted_bvps_growth_6m,0.19185110663983895,2018-11-30,2019-05-31,2019-05-31,2019-06-12
2019-01-31,adjusted_bvps_growth_6m,0.38870694522868443,2018-12-31,2019-06-30,2019-06-28,2019-07-17
2019-02-28,adjusted_bvps_growth_6m,0.33815090329436748,2019-01-31,2019-07-31,2019-07-31,2019-08-14
2019-03-29,adjusted_bvps_growth_6m,0.20841995841995842,2019-02-28,2019-08-31,2019-08-30,2019-09-13
2019-04-30,adjusted_bvps_growth_6m,0.18200100553041709,2019-03-31,2019-09-30,2019-09-30,2019-10-16
2019-05-31,adjusted_bvps_growth_6m,0.16055930568948895,2019-04-30,2019-10-31,2019-10-31,2019-11-13
2019-06-28,adjusted_bvps_growth_6m,0.15939278937381407,2019-05-31,2019-11-30,2019-11-29,2019-12-11
2019-07-31,adjusted_bvps_growth_6m,0.034576888080072754,2019-06-30,2019-12-31,2019-12-31,2020-01-29
2019-08-30,adjusted_bvps_growth_6m,0.15220293724966627,2019-07-31,2020-01-31,2020-01-31,2020-02-19
2019-09-30,adjusted_bvps_growth_6m,0.14099783080260297,2019-08-31,2020-02-29,2020-02-28,2020-03-17
2019-10-31,adjusted_bvps_growth_6m,0.12097812097812111,2019-09-30,2020-03-31,2020-03-31,2020-04-15
2019-11-29,adjusted_bvps_growth_6m,0.18098031001256798,2019-10-31,2020-04-30,2020-04-30,2020-05-20
2019-12-31,adjusted_bvps_growth_6m,0.19843234323432357,2019-11-30,2020-05-31,2020-05-29,2020-06-17
2020-01-31,adjusted_bvps_growth_6m,0.33451641526175679,2019-12-31,2020-06-30,2020-06-30,2020-07-15
2020-02-28,adjusted_bvps_growth_6m,0.25298634812286691,2020-01-31,2020-07-31,2020-07-31,2020-08-19
2020-03-31,adjusted_bvps_growth_6m,0.25618448637316549,2020-02-29,2020-08-31,2020-08-31,2020-09-17
2020-04-30,adjusted_bvps_growth_6m,0.27702702702702697,2020-03-31,2020-09-30,2020-09-30,2020-10-14
2020-05-29,adjusted_bvps_growth_6m,0.18104118104118117,2020-04-30,2020-10-31,2020-10-30,2020-11-24
2020-06-30,adjusted_bvps_growth_6m,0.1969924812030075,2020-05-31,2020-11-30,2020-11-30,2020-12-18
2020-07-31,adjusted_bvps_growth_6m,0.030401737242128135,2020-06-30,2020-12-31,2020-12-31,2021-01-27
2020-08-31,adjusted_bvps_growth_6m,0.15392526568392162,2020-07-31,2021-01-31,2021-01-29,2021-02-17
2020-09-30,adjusted_bvps_growth_6m,0.13608870967741926,2020-08-31,2021-02-28,2021-02-26,2021-03-17
2020-10-30,adjusted_bvps_growth_6m,0.1431424766977365,2020-09-30,2021-03-31,2021-03-31,2021-04-15
2020-11-30,adjusted_bvps_growth_6m,0.16026490066225163,2020-10-31,2021-04-30,2021-04-30,2021-05-19
2020-12-31,adjusted_bvps_growth_6m,0.12515802781289498,2020-11-30,2021-05-31,2021-05-31,2021-06-16
2021-01-29,adjusted_bvps_growth_6m,0.265298903431199,2020-12-31,2021-06-30,2021-06-30,2021-07-15
2021-02-26,adjusted_bvps_growth_6m,0.10151933701657456,2021-01-31,2021-07-31,2021-07-30,2021-08-18
2021-03-31,adjusted_bvps_growth_6m,0.087942287873582936,2021-02-28,2021-08-31,2021-08-31,2021-09-17
2021-04-30,adjusted_bvps_growth_6m,0.048582995951417018,2021-03-31,2021-09-30,2021-09-30,2021-10-14
2021-05-31,adjusted_bvps_growth_6m,0.032630191166776568,2021-04-30,2021-10-31,2021-10-29,2021-11-17
2021-06-30,adjusted_bvps_growth_6m,0.02265372168284796,2021-05-31,2021-11-30,2021-11-30,2021-12-15
2021-07-30,adjusted_bvps_growth_6m,0.031541680077245005,2021-06-30,2021-12-31,2021-12-31,2022-01-26
2021-08-31,adjusted_bvps_growth_6m,-0.010725552050473208,2021-07-31,2022-01-31,2022-01-31,2022-02-16
2021-09-30,adjusted_bvps_growth_6m,-0.01493485859548771,2021-08-31,2022-02-28,2022-02-28,2022-03-16
2021-10-29,adjusted_bvps_growth_6m,-0.028173575129533668,2021-09-30,2022-03-31,2022-03-31,2022-04-14
2021-11-30,adjusted_bvps_growth_6m,-0.077417282364278805,2021-10-31,2022-04-30,2022-04-29,2022-05-18
2021-12-31,adjusted_bvps_growth_6m,-0.080254777070063676,2021-11-30,2022-05-31,2022-05-31,2022-06-21
2022-01-31,adjusted_bvps_growth_6m,-0.13937397034596377,2021-12-31,2022-06-30,2022-06-30,2022-07-15
2022-02-28,adjusted_bvps_growth_6m,-0.054619015509103197,2022-01-31,2022-07-31,2022-07-29,2022-08-17
2022-03-31,adjusted_bvps_growth_6m,-0.073720136518771295,2022-02-28,2022-08-31,2022-08-31,2022-09-15
2022-04-29,adjusted_bvps_growth_6m,-0.13069586718474036,2022-03-31,2022-09-30,2022-09-30,2022-10-13
2022-05-31,adjusted_bvps_growth_6m,-0.079200592153960025,2022-04-30,2022-10-31,2022-10-31,2022-11-16
2022-06-30,adjusted_bvps_growth_6m,-0.021707137601177373,2022-05-31,2022-11-30,2022-11-30,2022-12-14
2022-07-29,adjusted_bvps_growth_6m,0.02314814814814814,2022-06-30,2022-12-31,2022-12-30,2023-01-25
2022-08-31,adjusted_bvps_growth_6m,0.014727011494252817,2022-07-31,2023-01-31,2023-01-31,2023-02-15
2022-09-30,adjusted_bvps_growth_6m,0.021529324424647278,2022-08-31,2023-02-28,2023-02-28,2023-03-15
2022-10-31,adjusted_bvps_growth_6m,0.1540352314625153,2022-09-30,2023-03-31,2023-03-31,2023-04-13
2022-11-30,adjusted_bvps_growth_6m,0.16693679092382507,2022-10-31,2023-04-30,2023-04-28,2023-05-17
2022-12-30,adjusted_bvps_growth_6m,0.075028419856006057,2022-11-30,2023-05-31,2023-05-31,2023-06-14
2023-01-31,adjusted_bvps_growth_6m,0.060410334346504557,2022-12-31,2023-06-30,2023-06-30,2023-07-13
2023-02-28,adjusted_bvps_growth_6m,0.03458110516934032,2023-01-31,2023-07-31,2023-07-31,2023-08-16
