candidate,date,available,y_true,y_hat,threshold,lower,upper,probability,n_matured_residuals,warmup,event,covered,lower_control,upper_control,probability_control,covered_control,warmup_control
D1,2016-03-31,2017-03-31,0.68079999999999996,0.82338580116218929,0.88819999999999988,,,,0,True,0,,-0.10330000000000017,2.1255999999999999,0.61849710982658956,1,False
D1,2016-04-29,2017-04-28,0.68079999999999996,0.79067464695890011,0.88819999999999988,,,,0,True,0,,-0.10330000000000017,2.1255999999999999,0.62068965517241381,1,False
D1,2016-05-31,2017-05-31,0.68079999999999996,0.74978570420478774,0.88819999999999988,,,,0,True,0,,-0.10330000000000017,2.1255999999999999,0.62285714285714289,1,False
D1,2016-06-30,2017-06-30,0.68079999999999996,0.74332955534887546,0.88819999999999988,,,,0,True,0,,-0.10330000000000017,2.1255999999999999,0.625,1,False
D1,2016-07-29,2017-07-31,0.68079999999999996,0.73988627595905565,0.88819999999999988,,,,0,True,0,,-0.10330000000000017,2.1255999999999999,0.6271186440677966,1,False
D1,2016-08-31,2017-08-31,0.68079999999999996,0.72180905916250038,0.88819999999999988,,,,0,True,0,,-0.10330000000000017,2.1255999999999999,0.6292134831460674,1,False
D1,2016-09-30,2017-09-29,0.68079999999999996,0.68577436750593623,0.88819999999999988,,,,0,True,0,,-0.10330000000000017,2.1255999999999999,0.63128491620111726,1,False
D1,2016-10-31,2017-10-31,0.68079999999999996,0.6805913207373282,0.88819999999999988,,,,0,True,0,,-0.10330000000000017,2.1255999999999999,0.6333333333333333,1,False
D1,2016-11-30,2017-11-30,0.68079999999999996,0.66720178325175528,0.88819999999999988,,,,0,True,0,,-0.10330000000000017,2.1255999999999999,0.63535911602209949,1,False
D1,2016-12-30,2017-12-29,0.68079999999999996,0.67670403566087134,0.88819999999999988,,,,0,True,0,,-0.10330000000000017,2.1255999999999999,0.63736263736263732,1,False
D1,2017-01-31,2018-01-31,0.68079999999999996,0.67454443284061738,0.88819999999999988,,,,0,True,0,,-0.10330000000000017,2.1255999999999999,0.63934426229508201,1,False
D1,2017-02-28,2018-02-28,1.1247,0.61690287147210487,0.68079999999999985,,,,0,True,1,,-0.3107000000000002,1.9181999999999999,0.63586956521739135,1,False
D1,2017-03-31,2018-03-30,1.1247,0.6274137592979584,0.68079999999999985,,,,1,True,1,,-0.3107000000000002,1.9181999999999999,0.63243243243243241,1,False
D1,2017-04-28,2018-04-30,1.1247,0.63701077230451586,0.68079999999999985,,,,2,True,1,,-0.3107000000000002,1.9181999999999999,0.62903225806451613,1,False
D1,2017-05-31,2018-05-31,1.1247,0.67845241937829248,0.68079999999999985,,,,3,True,1,,-0.3107000000000002,1.9181999999999999,0.62566844919786091,1,False
D1,2017-06-30,2018-06-29,1.1247,0.67583505219468565,0.68079999999999985,,,,4,True,1,,-0.3107000000000002,1.9181999999999999,0.62234042553191493,1,False
D1,2017-07-31,2018-07-31,1.1247,0.67888864724222731,0.68079999999999985,,,,5,True,1,,-0.3107000000000002,1.9181999999999999,0.61904761904761907,1,False
D1,2017-08-31,2018-08-31,1.1247,0.71029705344551086,0.68079999999999985,,,,6,True,1,,-0.3107000000000002,1.9181999999999999,0.61578947368421055,1,False
D1,2017-09-29,2018-09-28,1.1247,0.69296440610110122,0.68079999999999985,,,,7,True,1,,-0.3107000000000002,1.9181999999999999,0.61256544502617805,1,False
D1,2017-10-31,2018-10-31,1.1247,0.66619743283881527,0.68079999999999985,,,,8,True,1,,-0.3107000000000002,1.9181999999999999,0.609375,1,False
D1,2017-11-30,2018-11-30,1.1247,0.68818458944712202,0.68079999999999985,,,,9,True,1,,-0.3107000000000002,1.9181999999999999,0.60621761658031093,1,False
D1,2017-12-29,2018-12-31,1.1247,0.68818458944712202,0.68079999999999985,,,,10,True,1,,-0.3107000000000002,1.9181999999999999,0.60309278350515461,1,False
D1,2018-01-31,2019-01-31,1.1247,0.67958091946995858,0.68079999999999985,,,,11,True,1,,-0.3107000000000002,1.9181999999999999,0.59999999999999998,1,False
D1,2018-02-28,2019-02-28,2.5139999999999998,0.83318927125237829,1.1247,0.72740351856888941,0.8460532230417368,0.083333333333333329,12,False,1,0,0.13319999999999999,2.3620999999999999,0.60204081632653061,0,False
D1,2018-03-30,2019-03-29,2.5139999999999998,0.85408331436464191,1.1247,0.75238645595656428,1.2546319502759244,0.15384615384615385,13,False,1,0,0.13319999999999999,2.3620999999999999,0.60406091370558379,0,False
D1,2018-04-30,2019-04-30,2.6139999999999999,0.88967237305061886,1.1247,0.79206440891795238,1.3840795098506933,0.21428571428571427,14,False,1,0,0.13319999999999999,2.3620999999999999,0.60606060606060608,0,False
D1,2018-05-31,2019-05-31,2.6139999999999999,0.8826941262494461,1.1247,0.78917505639219088,1.3761415617488648,0.26666666666666666,15,False,1,0,0.13319999999999999,2.3620999999999999,0.60804020100502509,0,False
D1,2018-06-29,2019-06-28,2.6139999999999999,0.92526143173659703,1.1247,0.83583125615475307,1.4177491659353598,0.3125,16,False,1,0,0.13319999999999999,2.3620999999999999,0.60999999999999999,0,False
D1,2018-07-31,2019-07-31,2.714,0.944102698099761,1.1247,0.85876141679332829,1.4356307309978682,0.35294117647058826,17,False,1,0,0.13319999999999999,2.3620999999999999,0.61194029850746268,0,False
D1,2018-08-31,2019-08-30,2.714,0.95317441894128341,1.1247,0.87192203191026196,1.4437427505387348,0.3888888888888889,18,False,1,0,0.13319999999999999,2.3620999999999999,0.61386138613861385,0,False
D1,2018-09-28,2019-09-30,2.714,1.0869514107334493,1.1247,1.0097879179778391,1.5765600410302449,0.42105263157894735,19,False,1,0,0.13319999999999999,2.3620999999999999,0.61576354679802958,0,False
D1,2018-10-31,2019-10-31,2.8140000000000001,1.1761475162366535,1.1247,1.1030729177564544,1.6647964452327935,0.75,20,False,1,0,0.13319999999999999,2.3620999999999999,0.61764705882352944,0,False
D1,2018-11-30,2019-11-29,2.8140000000000001,1.145201928613093,1.1247,1.0762162244083053,1.6328911563085771,0.7142857142857143,21,False,1,0,0.13319999999999999,2.3620999999999999,0.61951219512195121,0,False
D1,2018-12-31,2019-12-31,2.8140000000000001,1.1415612712456153,1.1247,1.0732211819264188,1.6263318328876697,0.72727272727272729,22,False,1,0,0.13319999999999999,2.3620999999999999,0.62135922330097082,0,False
D1,2019-01-31,2020-01-31,5.1639999999999997,1.1524832433480496,1.1247,1.0847887689144442,1.6343351389366738,0.73913043478260865,23,False,1,0,0.13319999999999999,2.3620999999999999,0.62318840579710144,0,False
D1,2019-02-28,2020-02-28,2.6500000000000004,1.4904004565259628,2.5139999999999998,1.4233515969779487,1.9848075933260372,0.041666666666666664,24,False,1,0,1.5224999999999997,3.7513999999999998,0.625,1,False
D1,2019-03-29,2020-03-31,2.6500000000000004,-0.052706555767721319,2.5139999999999998,-0.11910980043014419,0.4508862176298325,0,25,False,1,0,1.5224999999999997,3.7513999999999998,0.62679425837320579,1,False
D1,2019-04-30,2020-04-30,2.6500000000000004,-0.085664024509950032,2.6139999999999999,-0.15142165428678167,0.99819288257167638,0,26,False,1,0,1.6224999999999998,3.8513999999999999,0.62857142857142856,1,False
D1,2019-05-31,2020-05-29,2.6500000000000004,-0.075101663195556334,2.6139999999999999,-0.14021367808679674,1.593172639684707,0,27,False,1,0,1.6224999999999998,3.8513999999999999,0.63033175355450233,1,False
D1,2019-06-28,2020-06-30,2.6500000000000004,-0.080594091079040808,2.6139999999999999,-0.14506049108468999,1.6025949895233151,0,28,False,1,0,1.6224999999999998,3.8513999999999999,0.63207547169811318,1,False
D1,2019-07-31,2020-07-31,2.6500000000000004,-0.12791637120884802,2.714,-0.19173715632890598,1.5679400087917503,0,29,False,0,0,1.7224999999999999,3.9514,0.63380281690140849,1,False
D1,2019-08-30,2020-08-31,2.6500000000000004,-0.13425378799748389,2.714,-0.19742895823195061,1.5907716636320144,0,30,False,0,0,1.7224999999999999,3.9514,0.63551401869158874,1,False
D1,2019-09-30,2020-09-30,2.6500000000000004,0.078785445326689629,2.714,0.016255889977814131,1.8031130722760706,0,31,False,0,0,1.7224999999999999,3.9514,0.63720930232558137,1,False
D1,2019-10-31,2020-10-30,2.6500000000000004,0.055771411232617751,2.8140000000000001,-0.0064138161772757663,1.7765401323134011,0,32,False,0,0,1.8225,4.0514000000000001,0.63888888888888884,1,False
D1,2019-11-29,2020-11-30,2.6500000000000004,0.05229818817623455,2.8140000000000001,-0.0095427112946769865,1.7695080033884201,0,33,False,0,0,1.8225,4.1121600000000011,0.64055299539170507,1,False
D1,2019-12-31,2020-12-31,2.6500000000000004,0.057416622154062846,2.8140000000000001,-0.0040799493778667095,1.7710675314976503,0,34,False,0,0,1.8225,4.2032999999999996,0.64220183486238536,1,False
D1,2020-01-31,2021-01-29,4.8999999999999995,-0.57810420764642512,5.1639999999999997,-0.63925645123937269,1.1504103673836596,0,35,False,0,0,4.1724999999999994,6.5733000000000015,0.64383561643835618,1,False
D1,2020-02-28,2021-02-26,4.8999999999999995,-0.16945592473861248,2.6500000000000004,-0.23026384039257808,1.5583608256113548,0.027777777777777776,36,False,1,0,1.6585000000000003,4.0492999999999997,0.6454545454545455,0,False
D1,2020-03-31,2021-03-31,4.8999999999999995,0.16492160747275086,2.6500000000000004,0.10445801975776725,1.9080353641465697,0.054054054054054057,37,False,1,0,1.6585000000000003,4.0392999999999999,0.6470588235294118,0,False
D1,2020-04-30,2021-04-30,4.8999999999999995,0.1597306219073058,2.6500000000000004,0.099611362131304171,1.9232777192184791,0.078947368421052627,38,False,1,0,1.6585000000000003,4.0392999999999999,0.64864864864864868,0,False
D1,2020-05-29,2021-05-31,4.8999999999999995,0.16516826161800502,2.6500000000000004,0.10539332978098537,2.1216274142917433,0.10256410256410256,39,False,1,0,1.6585000000000003,4.0392999999999999,0.65022421524663676,0,False
D1,2020-06-30,2021-06-30,4.8999999999999995,0.16231350076988793,2.6500000000000004,0.10288289687185026,2.8672595672803931,0.125,40,False,1,0,1.6585000000000003,4.0392999999999999,0.6517857142857143,0,False
D1,2020-07-31,2021-07-30,4.8999999999999986,0.15154893450097573,2.6500000000000004,0.09246265854192004,2.8766505976965324,0.14634146341463414,41,False,1,0,1.6585000000000003,4.0392999999999999,0.64888888888888885,0,False
D1,2020-08-31,2021-08-31,4.8999999999999986,0.16079292200916484,2.6500000000000004,0.10351436772976469,2.8908377702998576,0.16666666666666666,42,False,1,0,1.6585000000000003,4.0392999999999999,0.64601769911504425,0,False
D1,2020-09-30,2021-09-30,4.8999999999999986,2.218452727016651,2.6500000000000004,2.1629818944169061,4.9479483325189957,0.72093023255813948,43,False,1,1,1.6585000000000003,4.0392999999999999,0.64317180616740088,0,False
D1,2020-10-30,2021-10-29,4.8999999999999986,2.2416270336749116,2.6500000000000004,2.1879639227548227,4.9705733963889074,0.75,44,False,1,1,1.6585000000000003,4.0392999999999999,0.64035087719298245,0,False
D1,2020-11-30,2021-11-30,4.8999999999999986,2.2507192309443633,2.6500000000000004,2.1988638417039299,4.9791163508700107,0.75555555555555554,45,False,1,1,1.6585000000000003,4.0392999999999999,0.63755458515283847,0,False
D1,2020-12-31,2021-12-31,6.3999999999999986,2.2994274306021381,2.6500000000000004,2.2493797630413601,5.027275307739437,0.76086956521739135,46,False,1,0,1.6585000000000003,4.0392999999999999,0.63478260869565217,0,False
D1,2021-01-29,2022-01-31,1.9000000000000001,3.4541672246967119,4.9000000000000004,3.4059272788155894,6.1867892891481162,0.48936170212765956,47,False,0,0,3.9085000000000001,6.2892999999999999,0.63203463203463206,0,False
D1,2021-02-26,2022-02-28,1.9000000000000001,3.562312370721485,4.9000000000000004,3.515880146520018,6.3106520992411053,0.5,48,False,0,0,3.9085000000000001,6.2892999999999999,0.63362068965517238,0,False
D1,2021-03-31,2022-03-31,1.9000000000000001,4.5891685415870995,4.9000000000000004,4.544544039065288,7.368352396153675,0.77551020408163263,49,False,0,0,3.9085000000000001,6.3693000000000008,0.63519313304721026,0,False
D1,2021-04-30,2022-04-29,1.9000000000000001,4.4098397036215857,4.9000000000000004,4.3670229227794302,7.3168197884845183,0.57999999999999996,50,False,0,0,3.9085000000000001,6.3893000000000004,0.63675213675213671,0,False
D1,2021-05-31,2022-05-31,1.9000000000000001,4.243696809624117,4.9000000000000004,4.2026877504616165,8.2552135662760673,0.5490196078431373,51,False,0,0,3.9085000000000001,6.3893000000000004,0.63829787234042556,0,False
D1,2021-06-30,2022-06-30,1.9000000000000001,4.2516083760049508,4.9000000000000004,4.2142027860081068,8.9141086162139409,0.55769230769230771,52,False,0,0,3.9085000000000001,6.4393000000000002,0.63983050847457623,0,False
D1,2021-07-30,2022-07-29,1.9000000000000004,4.0722795380394325,4.8999999999999995,4.0384774172082452,8.807308599737631,0.56603773584905659,53,False,0,0,3.9084999999999992,6.4892999999999992,0.64135021097046419,0,False
D1,2021-08-31,2022-08-31,1.9000000000000004,3.8982250776611371,4.8999999999999995,3.8680264259956059,8.6351291448803895,0.57407407407407407,54,False,0,0,3.9084999999999992,6.4892999999999992,0.6428571428571429,0,False
D1,2021-09-30,2022-09-30,1.9000000000000004,4.0282486976938054,4.8999999999999995,4.0016535151939303,8.7648919542427706,0.58181818181818179,55,False,0,0,3.9084999999999992,6.5093000000000014,0.64435146443514646,0,False
D1,2021-10-29,2022-10-31,1.9000000000000004,3.8883098342345614,4.8999999999999995,3.8653181209003433,8.6246922801132424,0.5892857142857143,56,False,0,0,3.9084999999999992,6.5892999999999997,0.64583333333333337,0,False
D1,2021-11-30,2022-11-30,1.9000000000000004,3.8337573959368902,4.8999999999999995,3.8143691517683282,8.5698790311452839,0.59649122807017541,57,False,0,0,3.9084999999999992,6.5892999999999997,0.64730290456431538,0,False
D1,2021-12-31,2022-12-30,0.40000000000000002,4.7381577087012436,6.3999999999999995,4.7223729336983382,9.4740185332393523,0.53448275862068961,58,False,0,0,5.4313899999999995,8.0892999999999997,0.64876033057851235,0,False
D1,2022-01-31,2023-01-31,0.40000000000000002,1.9778965276435487,1.8999999999999999,1.9332720251217372,6.7134965415113701,0.94915254237288138,59,False,0,0,0.90849999999999986,3.5892999999999997,0.64609053497942381,0,False
D1,2022-02-28,2023-02-28,0.40000000000000002,1.8996256379121044,1.8999999999999999,1.8401950340140667,6.6349648411096389,0.83333333333333337,60,False,0,0,0.90849999999999986,3.5892999999999997,0.64344262295081966,0,False
D1,2022-03-31,2023-03-31,0.40000000000000002,2.3153759973595993,1.8999999999999999,2.2528464420107239,7.0504543898868484,0.95081967213114749,61,False,0,0,0.90849999999999986,3.5892999999999997,0.64081632653061227,0,False
D1,2022-04-29,2023-04-28,0.40000000000000002,2.2465405826539957,1.8999999999999999,2.1782004933347991,6.9815943097667192,0.93548387096774188,62,False,0,0,0.90849999999999986,3.5892999999999997,0.63821138211382111,0,False
D1,2022-05-31,2023-05-31,0.40000000000000002,2.2518356145544272,1.8999999999999999,2.1501387561463496,6.9868646762526243,0.92063492063492058,63,False,0,0,0.90849999999999986,3.5892999999999997,0.63562753036437247,0,False
D1,2022-06-30,2023-06-30,0.40000000000000002,2.2158293976314947,1.8999999999999999,2.0830569427302921,6.9508337939151676,0.90625,64,False,0,0,0.90849999999999986,3.5892999999999997,0.63306451612903225,0,False
D1,2022-07-29,2023-07-31,0.40000000000000002,2.2772517676764945,1.9000000000000004,1.2877171123935924,7.0122314985456411,0.89230769230769236,65,False,0,0,0.90850000000000031,3.5893000000000006,0.63052208835341361,0,False
D1,2022-08-31,2023-08-31,0.40000000000000002,2.3503232079024468,1.9000000000000004,0.74208341019334845,7.0852782733570683,0.87878787878787878,66,False,0,0,0.90850000000000031,3.5893000000000006,0.628,0,False
D2,2017-03-31,2018-03-30,1.1247,1.3851988357936544,0.68079999999999985,,,,0,True,1,,-0.3107000000000002,1.9181999999999999,0.63243243243243241,1,False
D2,2017-04-28,2018-04-30,1.1247,1.3819769761125951,0.68079999999999985,,,,0,True,1,,-0.3107000000000002,1.9181999999999999,0.62903225806451613,1,False
D2,2017-05-31,2018-05-31,1.1247,1.5627621410574171,0.68079999999999985,,,,0,True,1,,-0.3107000000000002,1.9181999999999999,0.62566844919786091,1,False
D2,2017-06-30,2018-06-29,1.1247,1.5843764649485033,0.68079999999999985,,,,0,True,1,,-0.3107000000000002,1.9181999999999999,0.62234042553191493,1,False
D2,2017-07-31,2018-07-31,1.1247,1.5467867233122283,0.68079999999999985,,,,0,True,1,,-0.3107000000000002,1.9181999999999999,0.61904761904761907,1,False
D2,2017-08-31,2018-08-31,1.1247,1.7179525751337557,0.68079999999999985,,,,0,True,1,,-0.3107000000000002,1.9181999999999999,0.61578947368421055,1,False
D2,2017-09-29,2018-09-28,1.1247,1.2417993305381614,0.68079999999999985,,,,0,True,1,,-0.3107000000000002,1.9181999999999999,0.61256544502617805,1,False
D2,2017-10-31,2018-10-31,1.1247,1.2462517021212565,0.68079999999999985,,,,0,True,1,,-0.3107000000000002,1.9181999999999999,0.609375,1,False
D2,2017-11-30,2018-11-30,1.1247,1.3349056483201938,0.68079999999999985,,,,0,True,1,,-0.3107000000000002,1.9181999999999999,0.60621761658031093,1,False
D2,2017-12-29,2018-12-31,1.1247,1.3604540974119672,0.68079999999999985,,,,0,True,1,,-0.3107000000000002,1.9181999999999999,0.60309278350515461,1,False
D2,2018-01-31,2019-01-31,1.1247,1.3856381717096862,0.68079999999999985,,,,0,True,1,,-0.3107000000000002,1.9181999999999999,0.59999999999999998,1,False
D2,2018-02-28,2019-02-28,2.5139999999999998,1.5871442761762315,1.1247,,,,0,True,1,,0.13319999999999999,2.3620999999999999,0.60204081632653061,0,False
D2,2018-03-30,2019-03-29,2.5139999999999998,1.5126394469031257,1.1247,,,,1,True,1,,0.13319999999999999,2.3620999999999999,0.60406091370558379,0,False
D2,2018-04-30,2019-04-30,2.6139999999999999,1.6060224832321279,1.1247,,,,2,True,1,,0.13319999999999999,2.3620999999999999,0.60606060606060608,0,False
D2,2018-05-31,2019-05-31,2.6139999999999999,1.6224974641923096,1.1247,,,,3,True,1,,0.13319999999999999,2.3620999999999999,0.60804020100502509,0,False
D2,2018-06-29,2019-06-28,2.6139999999999999,1.6989751913590754,1.1247,,,,4,True,1,,0.13319999999999999,2.3620999999999999,0.60999999999999999,0,False
D2,2018-07-31,2019-07-31,2.714,1.7688036597153829,1.1247,,,,5,True,1,,0.13319999999999999,2.3620999999999999,0.61194029850746268,0,False
D2,2018-08-31,2019-08-30,2.714,1.7854231163668199,1.1247,,,,6,True,1,,0.13319999999999999,2.3620999999999999,0.61386138613861385,0,False
D2,2018-09-28,2019-09-30,2.714,1.6866228788386008,1.1247,,,,7,True,1,,0.13319999999999999,2.3620999999999999,0.61576354679802958,0,False
D2,2018-10-31,2019-10-31,2.8140000000000001,1.7871013293771347,1.1247,,,,8,True,1,,0.13319999999999999,2.3620999999999999,0.61764705882352944,0,False
D2,2018-11-30,2019-11-29,2.8140000000000001,1.7369158941587319,1.1247,,,,9,True,1,,0.13319999999999999,2.3620999999999999,0.61951219512195121,0,False
D2,2018-12-31,2019-12-31,2.8140000000000001,1.7224433834331503,1.1247,,,,10,True,1,,0.13319999999999999,2.3620999999999999,0.62135922330097082,0,False
D2,2019-01-31,2020-01-31,5.1639999999999997,1.7250201674014751,1.1247,,,,11,True,1,,0.13319999999999999,2.3620999999999999,0.62318840579710144,0,False
D2,2019-02-28,2020-02-28,2.6500000000000004,2.0732007983457001,2.5139999999999998,1.6156857657863055,1.9556562306492293,0.083333333333333329,12,False,1,0,1.5224999999999997,3.7513999999999998,0.625,1,False
D2,2019-03-29,2020-03-31,2.6500000000000004,2.0273939805122292,2.5139999999999998,1.5720403803419432,2.745458693463612,0.15384615384615385,13,False,1,1,1.5224999999999997,3.7513999999999998,0.62679425837320579,1,False
D2,2019-04-30,2020-04-30,2.6500000000000004,2.0751474064580959,2.6139999999999999,1.6219552386769185,3.0541565107730384,0.21428571428571427,14,False,1,1,1.6224999999999998,3.8513999999999999,0.62857142857142856,1,False
D2,2019-05-31,2020-05-29,2.6500000000000004,2.0703726188714628,2.6139999999999999,1.619341883479394,3.0677899650526634,0.26666666666666666,15,False,1,1,1.6224999999999998,3.8513999999999999,0.63033175355450233,1,False
D2,2019-06-28,2020-06-30,2.6500000000000004,2.0345160105896629,2.6139999999999999,1.5856467075867027,3.0309475550419451,0.3125,16,False,1,1,1.6224999999999998,3.8513999999999999,0.63207547169811318,1,False
D2,2019-07-31,2020-07-31,2.6500000000000004,2.0429234759270587,2.714,1.5962156053132071,3.0383692186504225,0.35294117647058826,17,False,0,1,1.7224999999999999,3.9514,0.63380281690140849,1,False
D2,2019-08-30,2020-08-31,2.6500000000000004,2.0004674861183713,2.714,1.5559210478936285,2.9949274271128168,0.3888888888888889,18,False,0,1,1.7224999999999999,3.9514,0.63551401869158874,1,False
D2,2019-09-30,2020-09-30,2.6500000000000004,2.0399742277645099,2.714,1.5975892219288756,3.0426581735955835,0.42105263157894735,19,False,0,1,1.7224999999999999,3.9514,0.63720930232558137,1,False
D2,2019-10-31,2020-10-30,2.6500000000000004,2.039745945980981,2.8140000000000001,1.5995223725344554,3.0496155781343521,0.45000000000000001,20,False,0,1,1.8225,4.0514000000000001,0.63888888888888884,1,False
D2,2019-11-29,2020-11-30,2.6500000000000004,2.0221343189207612,2.8140000000000001,1.5840721778633442,3.0490329895436266,0.47619047619047616,21,False,0,1,1.8225,4.1121600000000011,0.64055299539170507,1,False
D2,2019-12-31,2020-12-31,2.6500000000000004,2.0171783897751343,2.8140000000000001,1.5807137904922361,3.04450766588268,0.5,22,False,0,1,1.8225,4.2032999999999996,0.64220183486238536,1,False
D2,2020-01-31,2021-01-29,4.8999999999999995,2.9090042453863427,5.1639999999999997,2.4741371878779637,3.9761469542916368,0.043478260869565216,23,False,0,0,4.1724999999999994,6.5733000000000015,0.64383561643835618,1,False
D2,2020-02-28,2021-02-26,4.8999999999999995,2.0840165354231659,2.6500000000000004,1.6507470196893055,3.1461885458604733,0.54166666666666663,24,False,1,0,1.6585000000000003,4.0492999999999997,0.6454545454545455,0,False
D2,2020-03-31,2021-03-31,4.8999999999999995,2.1688232542743631,2.6500000000000004,1.7371512803150215,3.2260245662436837,0.56000000000000005,25,False,1,0,1.6585000000000003,4.0392999999999999,0.6470588235294118,0,False
D2,2020-04-30,2021-04-30,4.8999999999999995,2.1342329019330637,2.6500000000000004,1.704158469748241,3.1864635154343972,0.57692307692307687,26,False,1,0,1.6585000000000003,4.0392999999999999,0.64864864864864868,0,False
D2,2020-05-29,2021-05-31,4.8999999999999995,2.1310870679530223,2.6500000000000004,1.7026101775427185,3.1783469829863691,0.59259259259259256,27,False,1,0,1.6585000000000003,4.0392999999999999,0.65022421524663676,0,False
D2,2020-06-30,2021-06-30,4.8999999999999995,2.1828550393206299,2.6500000000000004,1.7559756906848449,3.22514425588599,0.6071428571428571,28,False,1,0,1.6585000000000003,4.0392999999999999,0.6517857142857143,0,False
D2,2020-07-31,2021-07-30,4.8999999999999986,2.2259207530034941,2.6500000000000004,1.8006389461422281,3.2632392711008671,0.62068965517241381,29,False,1,0,1.6585000000000003,4.0392999999999999,0.64888888888888885,0,False
D2,2020-08-31,2021-08-31,4.8999999999999986,2.2857667083566264,2.6500000000000004,1.8620824432698793,3.3181145279860127,0.6333333333333333,30,False,1,0,1.6585000000000003,4.0392999999999999,0.64601769911504425,0,False
D2,2020-09-30,2021-09-30,4.8999999999999986,2.613412069716547,2.6500000000000004,2.1913253464043185,3.6407891908779462,0.64516129032258063,31,False,1,0,1.6585000000000003,4.0392999999999999,0.64317180616740088,0,False
D2,2020-10-30,2021-10-29,4.8999999999999986,2.6418851952847886,2.6500000000000004,2.2359133271328147,3.6692144713923343,0.65625,32,False,1,0,1.6585000000000003,4.0392999999999999,0.64035087719298245,0,False
D2,2020-11-30,2021-11-30,4.8999999999999986,2.6360847147532298,2.6500000000000004,2.24622770176151,3.663366145806922,0.66666666666666663,33,False,1,0,1.6585000000000003,4.0392999999999999,0.63755458515283847,0,False
D2,2020-12-31,2021-12-31,6.3999999999999986,2.6778328805010094,2.6500000000000004,2.3040907226695437,3.7050664665008481,0.67647058823529416,34,False,1,0,1.6585000000000003,4.0392999999999999,0.63478260869565217,0,False
D2,2021-01-29,2022-01-31,1.9000000000000001,3.6690753034244898,4.9000000000000004,3.3114480007532787,4.7262766153938109,0.057142857142857141,35,False,0,0,3.9085000000000001,6.2892999999999999,0.63203463203463206,0,False
D2,2021-02-26,2022-02-28,1.9000000000000001,3.7104440062879123,4.9000000000000004,3.3689315587769553,4.7947643674919718,0.083333333333333329,36,False,0,0,3.9085000000000001,6.2892999999999999,0.63362068965517238,0,False
D2,2021-03-31,2022-03-31,1.9000000000000001,4.2601467012795791,4.9000000000000004,3.9347491089288762,5.7114789730651498,0.43243243243243246,37,False,0,0,3.9085000000000001,6.3693000000000008,0.63519313304721026,0,False
D2,2021-04-30,2022-04-29,1.9000000000000001,4.3190079010264562,4.9000000000000004,4.0097251638360074,6.5320579529737097,0.63157894736842102,38,False,0,0,3.9085000000000001,6.3893000000000004,0.63675213675213671,0,False
D2,2021-05-31,2022-05-31,1.9000000000000001,4.2530627113010766,4.9000000000000004,3.959894829270882,6.9911575274949733,0.46153846153846156,39,False,0,0,3.9085000000000001,6.3893000000000004,0.63829787234042556,0,False
D2,2021-06-30,2022-06-30,1.9000000000000001,4.1531649837534657,4.9000000000000004,3.8761119568835252,6.8878007647132318,0.45000000000000001,40,False,0,0,3.9085000000000001,6.4393000000000002,0.63983050847457623,0,False
D2,2021-07-30,2022-07-29,1.9000000000000004,4.0025597969526867,4.8999999999999995,3.7416216252430008,6.7337365426783231,0.46341463414634149,41,False,0,0,3.9084999999999992,6.4892999999999992,0.64135021097046419,0,False
D2,2021-08-31,2022-08-31,1.9000000000000004,3.8049218343957927,4.8999999999999995,3.5440275962777097,6.5346954016168022,0.21428571428571427,42,False,0,0,3.9084999999999992,6.4892999999999992,0.6428571428571429,0,False
D2,2021-09-30,2022-09-30,1.9000000000000004,3.8065306366780303,4.8999999999999995,3.5456803321515507,6.5349010253944133,0.23255813953488372,43,False,0,0,3.9084999999999992,6.5093000000000014,0.64435146443514646,0,False
D2,2021-10-29,2022-10-31,1.9000000000000004,3.6670359937068979,4.8999999999999995,3.4062296227720212,6.3940032039186541,0.25,44,False,0,0,3.9084999999999992,6.5892999999999997,0.64583333333333337,0,False
D2,2021-11-30,2022-11-30,1.9000000000000004,3.6233953391450329,4.8999999999999995,3.3626329018017596,6.3489593708521621,0.26666666666666666,45,False,0,0,3.9084999999999992,6.5892999999999997,0.64730290456431538,0,False
D2,2021-12-31,2022-12-30,0.40000000000000002,4.3687795233922966,6.3999999999999995,4.1080610196406262,7.1172514452885824,0.2608695652173913,46,False,0,0,5.4313899999999995,8.0892999999999997,0.64876033057851235,0,False
D2,2022-01-31,2023-01-31,0.40000000000000002,1.9675634638480126,1.8999999999999999,1.6421658714973097,4.7125763505101688,0.74468085106382975,47,False,0,0,0.90849999999999986,3.5892999999999997,0.64609053497942381,0,False
D2,2022-02-28,2023-02-28,0.40000000000000002,1.828638263479303,1.8999999999999999,1.4017589148435181,4.5701921149073295,0.72916666666666663,48,False,0,0,0.90849999999999986,3.5892999999999997,0.64344262295081966,0,False
D2,2022-03-31,2023-03-31,0.40000000000000002,2.2970646417189444,1.8999999999999999,1.8546796358833102,5.0351594579128403,0.8571428571428571,49,False,0,0,0.90849999999999986,3.5892999999999997,0.64081632653061227,0,False
D2,2022-04-29,2023-04-28,0.40000000000000002,2.0879975001352458,1.8999999999999999,1.6149634241682174,4.8226332810950119,0.73999999999999999,50,False,0,0,0.90849999999999986,3.5892999999999997,0.63821138211382111,0,False
D2,2022-05-31,2023-05-31,0.40000000000000002,1.9833752985878894,1.8999999999999999,1.3901227234541338,4.7145520443135256,0.68627450980392157,51,False,0,0,0.90849999999999986,3.5892999999999997,0.63562753036437247,0,False
D2,2022-06-30,2023-06-30,0.40000000000000002,1.9315094956428098,1.8999999999999999,0.28001646504739419,4.6612830628638191,0.67307692307692313,52,False,0,1,0.90849999999999986,3.5892999999999997,0.63306451612903225,0,False
D2,2022-07-29,2023-07-31,0.40000000000000002,1.9262801345830107,1.9000000000000004,0.12410986886778308,4.6546505232993933,0.660377358490566,53,False,0,1,0.90850000000000031,3.5893000000000006,0.63052208835341361,0,False
D2,2022-08-31,2023-08-31,0.40000000000000002,1.9670651914915038,1.9000000000000004,0.090486705528075584,4.6940324017032609,0.64814814814814814,54,False,0,1,0.90850000000000031,3.5893000000000006,0.628,0,False
B1,2016-10-31,2017-10-17,0.14562410329985664,0.10114491737145262,0,,,,0,True,1,,-0.23789417376763072,0.29240723889462805,0.79508196721311475,1,False
B1,2016-11-30,2017-11-15,0.17085427135678377,0.10223473991081067,0,,,,0,True,1,,-0.23787987548759693,0.28436196620748172,0.7967479674796748,1,False
B1,2016-12-30,2017-12-13,0.18149466192170816,0.096801947362259444,0,,,,0,True,1,,-0.2378678530960425,0.27631441763185705,0.79838709677419351,1,False
B1,2017-01-31,2018-01-24,0.16326530612244894,0.089504891924047994,0,,,,0,True,1,,-0.237558600070573,0.2685640996901475,0.80000000000000004,1,False
B1,2017-02-28,2018-02-14,0.16950354609929064,0.083315257690944916,0,,,,0,True,1,,-0.23705768198017307,0.26100544681336724,0.80158730158730163,1,False
B1,2017-03-31,2018-03-14,0.14492753623188404,0.083766743022317042,0,,,,0,True,1,,-0.23637133247037501,0.25363222535598628,0.80314960629921262,1,False
B1,2017-04-28,2018-04-17,0.15064758009543278,0.084919364762548202,0,,,,0,True,1,,-0.23584127944386735,0.2461027074153137,0.8046875,1,False
B1,2017-05-31,2018-05-16,0.13898080741230978,0.075048143143047613,0,,,,0,True,1,,-0.23518328405687777,0.23870113183512426,0.80620155038759689,1,False
B1,2017-06-30,2018-06-13,0.15635179153094469,0.075801749336952301,0,,,,0,True,1,,-0.23448477856010441,0.23134006636471849,0.80769230769230771,1,False
B1,2017-07-31,2018-07-17,0.1653746770025839,0.077729079062334616,0,,,,0,True,1,,-0.23384692530983833,0.22391834864780441,0.80916030534351147,1,False
B1,2017-08-31,2018-08-15,0.17317380352644829,0.066678489441159394,0,,,,0,True,1,,-0.23114883820546911,0.22313364385388101,0.81060606060606055,1,False
B1,2017-09-29,2018-09-13,0.20566037735849063,0.071023254708793268,0,,,,0,True,1,,-0.22848851759520133,0.22231117256585606,0.81203007518796988,1,False
B1,2017-10-31,2018-10-16,0.22041327489041929,0.07440338232892639,0,,,,1,True,1,,-0.22586282697599958,0.22145407128676525,0.81343283582089554,1,False
B1,2017-11-30,2018-11-14,0.18700183936235448,0.066075323824131893,0,,,,2,True,1,,-0.22307187127901562,0.22076223508545662,0.81481481481481477,1,False
B1,2017-12-29,2018-12-12,0.19759036144578301,0.068680963271961146,0,,,,3,True,1,,-0.220217580049691,0.22013373441648848,0.81617647058823528,1,False
B1,2018-01-31,2019-01-23,0.10964912280701755,0.054012584300907669,0,,,,4,True,1,,-0.21749498518709409,0.21937353738079279,0.81751824817518248,1,False
B1,2018-02-28,2019-02-13,0.14129775621588858,0.032023281318458136,0,,,,5,True,1,,-0.2147383354587164,0.21864739521087778,0.8188405797101449,1,False
B1,2018-03-30,2019-03-13,0.1597347799879445,0.034842051553887685,0,,,,6,True,1,,-0.21215237533105852,0.21775056344024307,0.82014388489208634,1,False
B1,2018-04-30,2019-04-16,0.17831753554502372,0.021604812315404349,0,,,,7,True,1,,-0.20953441978745529,0.2168857270855537,0.8214285714285714,1,False
B1,2018-05-31,2019-05-15,0.20511330621731538,0.017486357607050466,0,,,,8,True,1,,-0.20699873551283815,0.21593861946187809,0.82269503546099287,1,False
B1,2018-06-29,2019-06-12,0.1876056338028167,0.0009925167153509995,0,,,,9,True,1,,-0.20368922506782802,0.21409946679071754,0.823943661971831,1,False
B1,2018-07-31,2019-07-17,0.21840354767184045,-0.00042797741261170474,0,,,,10,True,1,,-0.20032777320361128,0.21231225553876332,0.82517482517482521,0,False
B1,2018-08-31,2019-08-14,0.2061191626409018,-0.019016423735814351,0,,,,11,True,1,,-0.19692322340227372,0.21056814222393058,0.82638888888888884,1,False
B1,2018-09-28,2019-09-13,0.20239958268127278,-0.043138142211904644,0,0.018299838103631866,0.06147220025888029,1,12,False,1,0,-0.19331915430396318,0.21590441848676883,0.82758620689655171,1,False
B1,2018-10-31,2019-10-16,0.19599794766546941,-0.072799173986592858,0,-0.011084006565086832,0.056209586950222823,0.61538461538461542,13,False,1,0,-0.1896315927073568,0.22330593289760986,0.82876712328767121,1,False
B1,2018-11-30,2019-11-13,0.23295454545454564,-0.049259673158004738,0,0.012732681369470811,0.081264267358250195,0.9285714285714286,14,False,1,0,-0.18616503427632192,0.22312540180718254,0.82993197278911568,0,False
B1,2018-12-31,2019-12-11,0.21931589537223339,-0.054293906431765793,0,0.0079756352016792723,0.078052126427581359,0.93333333333333335,15,False,1,0,-0.18264033546643227,0.22300301109561005,0.83108108108108103,1,False
B1,2019-01-31,2020-01-29,0.27272727272727271,-0.038415299701421601,0,0.01998336615641684,0.093357960710338,1,16,False,1,0,-0.17967056573022672,0.22232569131035346,0.83221476510067116,0,False
B1,2019-02-28,2020-02-19,0.24548352816153041,-0.044991951549513839,0,0.013959139778670311,0.086208536414658213,0.94117647058823528,17,False,1,0,-0.17650723951666386,0.22184192800245389,0.83333333333333337,0,False
B1,2019-03-29,2020-03-17,0.23960498960498988,-0.062545068067881862,0,-0.0030415512693520025,0.068082647448702641,0.83333333333333337,18,False,1,0,-0.1732349720347553,0.22146710596290031,0.83443708609271527,0,False
B1,2019-04-30,2020-04-15,0.19054801407742583,-0.17956429844808303,0,-0.11950835617920746,-0.042652621816026581,0,19,False,1,0,-0.17194277169950514,0.22141876494752416,0.83552631578947367,1,False
B1,2019-05-31,2020-05-20,0.24108003857280624,-0.19650063961806452,0,-0.13589227187884323,-0.049420463989758967,0,20,False,1,0,-0.17049491913997333,0.22152607615642972,0.83660130718954251,0,False
B1,2019-06-28,2020-06-17,0.26185958254269459,-0.1545385493054936,0,-0.093377756095926606,0.0021741739241257774,0.14285714285714285,21,False,1,0,-0.16916111555953117,0.22151933838624555,0.83766233766233766,0,False
B1,2019-07-31,2020-07-15,0.2570518653321201,-0.15752604560929084,0,-0.096088065293754327,0.026097032092390282,0.13636363636363635,22,False,1,0,-0.16765005716643758,0.22497413959956131,0.83870967741935487,0,False
B1,2019-08-30,2020-08-19,0.29817534490431696,-0.14746280332443151,0,-0.085747635902925487,0.039961378981273554,0.21739130434782608,23,False,1,0,-0.16622135148056083,0.22552311965348693,0.83974358974358976,0,False
B1,2019-09-30,2020-09-17,0.29110629067245131,-0.123066028014766,0,-0.061073673487290453,0.08640412412742994,0.41666666666666669,24,False,1,0,-0.16482285729957585,0.22604188820252075,0.84076433121019112,0,False
B1,2019-10-31,2020-10-14,0.28871728871728886,-0.081521087137526566,0,-0.019251545504081501,0.14109287472228399,0.68000000000000005,25,False,1,0,-0.16346981827372686,0.22651520159641872,0.84177215189873422,0,False
B1,2019-11-29,2020-11-24,0.26518642647674895,-0.1245519550241016,0,-0.062005226284687021,0.11078470061084519,0.46153846153846156,26,False,1,0,-0.16190788002716411,0.22970915063623135,0.84276729559748431,0,False
B1,2019-12-31,2020-12-18,0.30528052805280548,-0.12329033185282243,0,-0.060466416007438323,0.131551151743909,0.48148148148148145,27,False,1,0,-0.16043484456880341,0.22976710289811419,0.84375,0,False
B1,2020-01-31,2021-01-27,0.254214729370009,-0.15941645778860977,0,-0.096315354837256159,0.11082446790903358,0.32142857142857145,28,False,1,0,-0.15866159781886474,0.23691986339298898,0.84472049689440998,0,False
B1,2020-02-28,2021-02-17,0.23549488054607504,-0.11745392356485196,0,-0.054075633507528822,0.15787676160085745,0.55172413793103448,29,False,1,0,-0.15745482304669239,0.24218798212630874,0.84567901234567899,1,False
B1,2020-03-31,2021-03-17,0.22054507337526186,-0.071904970176195793,0,-0.0082494930129031474,0.21113537454620396,0.80000000000000004,30,False,1,0,-0.15629157276111705,0.24360526217972583,0.84662576687116564,1,False
B1,2020-04-30,2021-04-15,0.25168918918918926,0.012512149868187786,0,0.076444814137449954,0.30298762957923203,1,31,False,1,1,-0.15541643709572539,0.24412988337560182,0.84756097560975607,0,False
B1,2020-05-29,2021-05-19,0.1787101787101788,-0.016787328959049677,0,0.047324890416574728,0.28419527091763935,1,32,False,1,1,-0.15426188303422633,0.24791689259476743,0.84848484848484851,1,False
B1,2020-06-30,2021-06-16,0.16165413533834583,-0.031768748920481163,0,0.032523025561505492,0.27757532055704864,1,33,False,1,1,-0.15299976864242809,0.25089882214682602,0.8493975903614458,1,False
B1,2020-07-31,2021-07-15,0.12450235251538189,-0.033006637168575201,0,0.03146469241977369,0.31941475332788921,1,34,False,1,1,-0.15177484220061732,0.25433763275950849,0.85029940119760483,1,False
B1,2020-08-31,2021-08-18,0.086732944806307666,-0.052353510825630514,0,0.012297373869080613,0.34443816074941969,0.97142857142857142,35,False,1,1,-0.15033131059416796,0.26165928700880764,0.85119047619047616,1,False
B1,2020-09-30,2021-09-17,0.05745967741935476,-0.063299142105733272,0,0.001531297695340092,0.35107597270858082,0.91666666666666663,36,False,1,1,-0.1489390542059415,0.26976454591329452,0.85207100591715978,1,False
B1,2020-10-30,2021-10-14,0.027962716378162389,-0.011371868952666023,0,0.053638125954769592,0.40296268663622875,1,37,False,1,0,-0.14757151326708454,0.27661327850530576,0.8529411764705882,1,False
B1,2020-11-30,2021-11-17,0.030794701986754935,-0.0032573595495049151,0,0.061932190464292936,0.41103663681397051,1,38,False,1,0,-0.14634381189747267,0.27615100695643618,0.85380116959064323,1,False
B1,2020-12-31,2021-12-15,-0.0075853350189634128,-0.019590487771458512,0,0.045778617348701575,0.39535146735130788,1,39,False,0,0,-0.14392419513158816,0.2894201781309802,0.86046511627906974,1,False
B1,2021-01-29,2022-01-26,0.073576229218252687,-0.022864377650475873,0,0.042684282576046464,0.3918955553816128,1,40,False,1,1,-0.1417924829874159,0.2888782302309596,0.86127167630057799,1,False
B1,2021-02-26,2022-02-16,0.024171270718231996,-0.025883283855676356,0,0.039844931477208217,0.3886946270857346,1,41,False,1,0,-0.1397701288857946,0.28822692428838786,0.86206896551724133,1,False
B1,2021-03-31,2022-03-16,0.006526966678117585,-0.032174043966089375,0,0.033843302978104048,0.38236330774990224,1,42,False,1,0,-0.13783521776907276,0.28748817536091631,0.86285714285714288,1,False
B1,2021-04-30,2022-04-14,-0.044871794871794934,0.037292744461155602,0,0.10359922301665789,0.4517895369517278,1,43,False,0,0,-0.13574117382906226,0.28690855925673386,0.86363636363636365,1,False
B1,2021-05-31,2022-05-18,-0.10942649967040208,0.056919821481345653,0,0.12351543164815679,0.47137605474649852,1,44,False,0,0,-0.13404143899572479,0.28593463404587838,0.87005649717514122,1,False
B1,2021-06-30,2022-06-21,-0.12038834951456312,0.055445291513959945,0,0.12233003329207992,0.46986096555369344,1,45,False,0,0,-0.13243545592997,0.2848669570674402,0.8707865168539326,1,False
B1,2021-07-30,2022-07-15,-0.16575474734470541,0.08480127920104627,0,0.15197515259047512,0.4991763940153604,1,46,False,0,0,-0.13102696538650127,0.28360178756671595,0.87150837988826813,0,False
B1,2021-08-31,2022-08-17,-0.12176656151419551,0.095460360304983172,0,0.16292336530572088,0.50979491589387793,1,47,False,0,0,-0.12981609834093985,0.282138994568084,0.87222222222222223,1,False
B1,2021-09-30,2022-09-15,-0.14394661582459478,0.1020013734617176,0,0.16975351007376416,0.51629536982519297,1,48,False,0,0,-0.12875576147299639,0.28052567139183449,0.8729281767955801,0,False
B1,2021-10-29,2022-10-13,-0.209520725388601,0.13569022179005516,0,0.20105932691021525,0.54994365892811126,1,49,False,0,0,-0.12840624524603639,0.28009048680076759,0.86813186813186816,0,False
B1,2021-11-30,2022-11-16,-0.20719563122389972,0.13792104257939197,0,0.20157651974268462,0.55213392049202858,1,50,False,0,0,-0.12803799722434112,0.27967403400443602,0.86885245901639341,0,False
B1,2021-12-31,2022-12-14,-0.15955414012738844,0.12146890235237394,0,0.18262969556194092,0.53564122103959122,1,51,False,0,0,-0.12786156954055583,0.27906576087019441,0.86413043478260865,0,False
B1,2022-01-31,2023-01-25,-0.13278418451400331,0.10616374848528468,0,0.16760172880082119,0.52028195401964217,1,52,False,0,0,-0.12726723091419001,0.27887539867853328,0.86486486486486491,0,False
B1,2022-02-28,2023-02-15,-0.054281861092380312,0.08802446043788717,0,0.14476584988468849,0.5020885528193848,1,53,False,0,0,-0.12692074021173344,0.27843718856296296,0.86559139784946237,1,False
B1,2022-03-31,2023-03-15,-0.067576791808873771,0.079295130884968312,0,0.13102428063853713,0.49330511011360606,1,54,False,0,0,-0.12665875975363006,0.27791446820303944,0.86631016042780751,1,False
B1,2022-04-29,2023-04-13,-0.01200989049805723,0.064296271393758153,0,0.11100560478036392,0.47825213746953604,0.98181818181818181,55,False,0,0,-0.12664879417376379,0.27713973296487887,0.86170212765957444,1,False
B1,2022-05-31,2023-05-17,0.058475203552923904,0.041109894652739454,0,0.083016780282355679,0.45501164757565754,0.9642857142857143,56,False,1,0,-0.12695253451001476,0.27605129181060095,0.85185185185185186,1,False
B1,2022-06-30,2023-06-14,0.036423841059602724,0.032129138081919029,0,0.071210293538098851,0.44597677785197726,0.94736842105263153,57,False,1,0,-0.1273000106004884,0.27491911490210047,0.84736842105263155,1,False
B1,2022-07-29,2023-07-13,0.069058641975308532,0.01199157268434245,0,0.049297898596165277,0.42578509930154085,0.93103448275862066,58,False,1,1,-0.13545879072957751,0.27357436804862234,0.84293193717277481,1,False
B1,2022-08-31,2023-08-16,0.035201149425287293,0.031953682879170511,0,0.061596362658677427,0.44569309634350901,0.9152542372881356,59,False,1,0,-0.13587732160298063,0.27194952955096552,0.83333333333333337,1,False
B1,2022-09-30,2023-09-15,0.073867854491462381,0.036346825529832205,0,0.038935009073782778,0.45003212584131086,0.90000000000000002,60,False,1,1,-0.14830974897622823,0.27022714299029388,0.82901554404145072,1,False
B2,2017-04-28,2018-04-17,0.15064758009543278,0.10112019230584809,0,,,,0,True,1,,-0.23584127944386735,0.2461027074153137,0.8046875,1,False
B2,2017-05-31,2018-05-16,0.13898080741230978,0.076595309873016409,0,,,,0,True,1,,-0.23518328405687777,0.23870113183512426,0.80620155038759689,1,False
B2,2017-06-30,2018-06-13,0.15635179153094469,0.078974717691768809,0,,,,0,True,1,,-0.23448477856010441,0.23134006636471849,0.80769230769230771,1,False
B2,2017-07-31,2018-07-17,0.1653746770025839,0.07777385678695134,0,,,,0,True,1,,-0.23384692530983833,0.22391834864780441,0.80916030534351147,1,False
B2,2017-08-31,2018-08-15,0.17317380352644829,0.056172453696692139,0,,,,0,True,1,,-0.23114883820546911,0.22313364385388101,0.81060606060606055,1,False
B2,2017-09-29,2018-09-13,0.20566037735849063,0.070641491469850298,0,,,,0,True,1,,-0.22848851759520133,0.22231117256585606,0.81203007518796988,1,False
B2,2017-10-31,2018-10-16,0.22041327489041929,0.085860693534390131,0,,,,0,True,1,,-0.22586282697599958,0.22145407128676525,0.81343283582089554,1,False
B2,2017-11-30,2018-11-14,0.18700183936235448,0.071515880169495893,0,,,,0,True,1,,-0.22307187127901562,0.22076223508545662,0.81481481481481477,1,False
B2,2017-12-29,2018-12-12,0.19759036144578301,0.074381325544061974,0,,,,0,True,1,,-0.220217580049691,0.22013373441648848,0.81617647058823528,1,False
B2,2018-01-31,2019-01-23,0.10964912280701755,0.063697069774047543,0,,,,0,True,1,,-0.21749498518709409,0.21937353738079279,0.81751824817518248,1,False
B2,2018-02-28,2019-02-13,0.14129775621588858,0.037298865401625164,0,,,,0,True,1,,-0.2147383354587164,0.21864739521087778,0.8188405797101449,1,False
B2,2018-03-30,2019-03-13,0.1597347799879445,0.037903727208707313,0,,,,0,True,1,,-0.21215237533105852,0.21775056344024307,0.82014388489208634,1,False
B2,2018-04-30,2019-04-16,0.17831753554502372,0.044254967273413832,0,,,,1,True,1,,-0.20953441978745529,0.2168857270855537,0.8214285714285714,1,False
B2,2018-05-31,2019-05-15,0.20511330621731538,0.041513355301180457,0,,,,2,True,1,,-0.20699873551283815,0.21593861946187809,0.82269503546099287,1,False
B2,2018-06-29,2019-06-12,0.1876056338028167,0.018424228893176006,0,,,,3,True,1,,-0.20368922506782802,0.21409946679071754,0.823943661971831,1,False
B2,2018-07-31,2019-07-17,0.21840354767184045,0.014551378496776103,0,,,,4,True,1,,-0.20032777320361128,0.21231225553876332,0.82517482517482521,0,False
B2,2018-08-31,2019-08-14,0.2061191626409018,-0.0040702297296896575,0,,,,5,True,1,,-0.19692322340227372,0.21056814222393058,0.82638888888888884,1,False
B2,2018-09-28,2019-09-13,0.20239958268127278,-0.04141989107831006,0,,,,6,True,1,,-0.19331915430396318,0.21590441848676883,0.82758620689655171,1,False
B2,2018-10-31,2019-10-16,0.19599794766546941,-0.05854735297768867,0,,,,7,True,1,,-0.1896315927073568,0.22330593289760986,0.82876712328767121,1,False
B2,2018-11-30,2019-11-13,0.23295454545454564,-0.034197274345370697,0,,,,8,True,1,,-0.18616503427632192,0.22312540180718254,0.82993197278911568,0,False
B2,2018-12-31,2019-12-11,0.21931589537223339,-0.038854171329307456,0,,,,9,True,1,,-0.18264033546643227,0.22300301109561005,0.83108108108108103,1,False
B2,2019-01-31,2020-01-29,0.27272727272727271,-0.027463775832770702,0,,,,10,True,1,,-0.17967056573022672,0.22232569131035346,0.83221476510067116,0,False
B2,2019-02-28,2020-02-19,0.24548352816153041,-0.033056827050880387,0,,,,11,True,1,,-0.17650723951666386,0.22184192800245389,0.83333333333333337,0,False
B2,2019-03-29,2020-03-17,0.23960498960498988,-0.045616609172638302,0,0.0051965895919172528,0.087801617637960044,1,12,False,1,0,-0.1732349720347553,0.22146710596290031,0.83443708609271527,0,False
B2,2019-04-30,2020-04-15,0.19054801407742583,-0.055853637747076176,0,-0.0037546280075497554,0.078600940992069115,0.84615384615384615,13,False,1,0,-0.17194277169950514,0.22141876494752416,0.83552631578947367,1,False
B2,2019-05-31,2020-05-20,0.24108003857280624,-0.072839196430466227,0,-0.01945437571596894,0.062039798098390761,0.7857142857142857,14,False,1,0,-0.17049491913997333,0.22152607615642972,0.83660130718954251,0,False
B2,2019-06-28,2020-06-17,0.26185958254269459,-0.052649142924605333,0,0.0020214887648628277,0.099518381980531742,0.8666666666666667,15,False,1,0,-0.16916111555953117,0.22151933838624555,0.83766233766233766,0,False
B2,2019-07-31,2020-07-15,0.2570518653321201,-0.054624013866967455,0,0.0013324287974715715,0.11176666404592035,0.875,16,False,1,0,-0.16765005716643758,0.22497413959956131,0.83870967741935487,0,False
B2,2019-08-30,2020-08-19,0.29817534490431696,-0.052025684675961928,0,0.005216568963447972,0.13102402593984824,0.88235294117647056,17,False,1,0,-0.16622135148056083,0.22552311965348693,0.83974358974358976,0,False
B2,2019-09-30,2020-09-17,0.29110629067245131,-0.037861385511460968,0,0.020666679102919798,0.16789195062226153,1,18,False,1,0,-0.16482285729957585,0.22604188820252075,0.84076433121019112,0,False
B2,2019-10-31,2020-10-14,0.28871728871728886,-0.0065820144298859712,0,0.053231861159465661,0.21033339421850372,1,19,False,1,0,-0.16346981827372686,0.22651520159641872,0.84177215189873422,0,False
B2,2019-11-29,2020-11-24,0.26518642647674895,-0.032195978181841028,0,0.028903708382481477,0.21269607826609935,1,20,False,1,0,-0.16190788002716411,0.22970915063623135,0.84276729559748431,0,False
B2,2019-12-31,2020-12-18,0.30528052805280548,-0.030484250660515272,0,0.0319012468787781,0.22406104998264278,1,21,False,1,0,-0.16043484456880341,0.22976710289811419,0.84375,0,False
B2,2020-01-31,2021-01-27,0.254214729370009,-0.064396257562742365,0,-0.0005116023934607361,0.19341133253296022,0.86363636363636365,22,False,1,0,-0.15866159781886474,0.23691986339298898,0.84472049689440998,0,False
B2,2020-02-28,2021-02-17,0.23549488054607504,-0.03666297841889718,0,0.028720834380372692,0.22869249076134404,1,23,False,1,0,-0.15745482304669239,0.24218798212630874,0.84567901234567899,1,False
B2,2020-03-31,2021-03-17,0.22054507337526186,-0.014886898533205697,0,0.051996071896052432,0.26023689605545675,1,24,False,1,1,-0.15629157276111705,0.24360526217972583,0.84662576687116564,1,False
B2,2020-04-30,2021-04-15,0.25168918918918926,0.015429294371480176,0,0.083811422430726562,0.28941423541889316,1,25,False,1,1,-0.15541643709572539,0.24412988337560182,0.84756097560975607,0,False
B2,2020-05-29,2021-05-19,0.1787101787101788,-0.014888386296112818,0,0.054992899393121811,0.26699259069890663,1,26,False,1,1,-0.15426188303422633,0.24791689259476743,0.84848484848484851,1,False
B2,2020-06-30,2021-06-16,0.16165413533834583,-0.025320158031098841,0,0.046060285288124045,0.2658892206594955,1,27,False,1,1,-0.15299976864242809,0.25089882214682602,0.8493975903614458,1,False
B2,2020-07-31,2021-07-15,0.12450235251538189,-0.027544828901340038,0,0.045334772047871091,0.27609166885041664,1,28,False,1,1,-0.15177484220061732,0.25433763275950849,0.85029940119760483,1,False
B2,2020-08-31,2021-08-18,0.086732944806307666,-0.047695885271706775,0,0.026682873307492611,0.26442866508821777,0.96551724137931039,29,False,1,1,-0.15033131059416796,0.26165928700880764,0.85119047619047616,1,False
B2,2020-09-30,2021-09-17,0.05745967741935476,-0.057613681437724093,0,0.01826423477146355,0.2563645026119511,0.93333333333333335,30,False,1,1,-0.1489390542059415,0.26976454591329452,0.85207100591715978,1,False
B2,2020-10-30,2021-10-14,0.027962716378162389,0.0070048836027339217,0,0.084381957441909808,0.32092411860600639,1,31,False,1,0,-0.14757151326708454,0.27661327850530576,0.8529411764705882,1,False
B2,2020-11-30,2021-11-17,0.030794701986754935,0.016281872187522861,0,0.094681320664344412,0.32997677161037681,1,32,False,1,0,-0.14634381189747267,0.27615100695643618,0.85380116959064323,1,False
B2,2020-12-31,2021-12-15,-0.0075853350189634128,-0.0030633283876219247,0,0.076358494726845305,0.31132749898687251,1,33,False,0,0,-0.14392419513158816,0.2894201781309802,0.86046511627906974,1,False
B2,2021-01-29,2022-01-26,0.073576229218252687,-0.0079907512148696264,0,0.072453446537243268,0.3093895572782463,1,34,False,1,1,-0.1417924829874159,0.2888782302309596,0.86127167630057799,1,False
B2,2021-02-26,2022-02-16,0.024171270718231996,-0.010004948377086195,0,0.071461624012672365,0.3069651339694846,1,35,False,1,0,-0.1397701288857946,0.28822692428838786,0.86206896551724133,1,False
B2,2021-03-31,2022-03-16,0.006526966678117585,-0.018143039959198762,0,0.064345907068205463,0.29841681624082689,1,36,False,1,0,-0.13783521776907276,0.28748817536091631,0.86285714285714288,1,False
B2,2021-04-30,2022-04-14,-0.044871794871794934,0.069632571396385901,0,0.15314389306143578,0.38578220144986636,1,37,False,0,0,-0.13574117382906226,0.28690855925673386,0.86363636363636365,1,False
B2,2021-05-31,2022-05-18,-0.10942649967040208,0.097660845902230356,0,0.18219454220492592,0.41340024980916573,1,38,False,0,0,-0.13404143899572479,0.28593463404587838,0.87005649717514122,1,False
B2,2021-06-30,2022-06-21,-0.12038834951456312,0.088674622287228902,0,0.17423069322757012,0.4040038000476191,1,39,False,0,0,-0.13243545592997,0.2848669570674402,0.8707865168539326,1,False
B2,2021-07-30,2022-07-15,-0.16575474734470541,0.11427990537092107,0,0.20085835094890797,0.42919885698476617,1,40,False,0,0,-0.13102696538650127,0.28360178756671595,0.87150837988826813,0,False
B2,2021-08-31,2022-08-17,-0.12176656151419551,0.11972422185765003,0,0.20732504207328259,0.43423294732494994,1,41,False,0,0,-0.12981609834093985,0.282138994568084,0.87222222222222223,1,False
B2,2021-09-30,2022-09-15,-0.14394661582459478,0.12204564862761665,0,0.2112862759031123,0.4364954250485138,1,42,False,0,0,-0.12875576147299639,0.28052567139183449,0.8729281767955801,0,False
B2,2021-10-29,2022-10-13,-0.209520725388601,0.20789377598758357,0,0.28731559910205079,0.52228460336207805,1,43,False,0,0,-0.12840624524603639,0.28009048680076759,0.86813186813186816,0,False
B2,2021-11-30,2022-11-16,-0.20719563122389972,0.21691474617446552,0,0.28379771660372366,0.53124662450255722,1,44,False,0,0,-0.12803799722434112,0.27967403400443602,0.86885245901639341,0,False
B2,2021-12-31,2022-12-14,-0.15955414012738844,0.19065111567557919,0,0.24532174736504736,0.50492404495726806,1,45,False,0,0,-0.12786156954055583,0.27906576087019441,0.86413043478260865,0,False
B2,2022-01-31,2023-01-25,-0.13278418451400331,0.17555171210351297,0,0.231508154767952,0.48976569233879919,1,46,False,0,0,-0.12726723091419001,0.27887539867853328,0.86486486486486491,0,False
B2,2022-02-28,2023-02-15,-0.054281861092380312,0.14920144621795117,0,0.19729870010488998,0.46335647740683461,1,47,False,0,0,-0.12692074021173344,0.27843718856296296,0.86559139784946237,1,False
B2,2022-03-31,2023-03-15,-0.067576791808873771,0.14004911529406455,0,0.18246841814573903,0.45414519743654524,1,48,False,0,0,-0.12665875975363006,0.27791446820303944,0.86631016042780751,1,False
B2,2022-04-29,2023-04-13,-0.01200989049805723,0.12166732355939154,0,0.15394230016310936,0.43570445665546947,1,49,False,0,0,-0.12664879417376379,0.27713973296487887,0.86170212765957444,1,False
B2,2022-05-31,2023-05-17,0.058475203552923904,0.091884573369945308,0,0.11618336262107287,0.40586275741962052,0.95999999999999996,50,False,1,0,-0.12695253451001476,0.27605129181060095,0.85185185185185186,1,False
B2,2022-06-30,2023-06-14,0.036423841059602724,0.078818361469443404,0,0.099776194244871871,0.39273759647271589,0.94117647058823528,51,False,1,0,-0.1273000106004884,0.27491911490210047,0.84736842105263155,1,False
B2,2022-07-29,2023-07-13,0.069058641975308532,0.053700464759548108,0,0.068857794856399826,0.36739536418240204,0.92307692307692313,52,False,1,1,-0.13545879072957751,0.27357436804862234,0.84293193717277481,1,False
B2,2022-08-31,2023-08-16,0.035201149425287293,0.046064779889921803,0,0.045349740544695032,0.35953534373235729,0.90566037735849059,53,False,1,0,-0.13587732160298063,0.27194952955096552,0.83333333333333337,1,False
B2,2022-09-30,2023-09-15,0.073867854491462381,0.052006575066263952,0,-0.029503083310865,0.36525280332828092,0.88888888888888884,54,False,1,1,-0.14830974897622823,0.27022714299029388,0.82901554404145072,1,False
B3,2011-03-31,2011-09-30,-0.14901772879731667,-0.10228062078567253,0,,,,0,True,0,,-0.19026871804296425,0.21949030833054153,0.496,1,False
B3,2011-04-29,2011-10-31,-0.11257976298997274,-0.099777035180579191,0,,,,0,True,0,,-0.18921500818837056,0.21926776260751446,0.5,1,False
B3,2011-05-31,2011-11-30,-0.18535681186283592,-0.14595333393862425,0,,,,0,True,0,,-0.18809871049354143,0.21910780472472291,0.50393700787401574,1,False
B3,2011-06-30,2011-12-30,-0.051070038910505655,-0.12699913684367176,0,,,,0,True,0,,-0.18744439324686829,0.21848586639377532,0.5078125,1,False
B3,2011-07-29,2012-01-31,0.058403481142348612,-0.12976645491430899,0,,,,0,True,1,,-0.18719251148028973,0.21746149258273317,0.51162790697674421,1,False
B3,2011-08-31,2012-02-29,0.19785796253716392,-0.17176691186357307,0,,,,0,True,1,,-0.18772756160473791,0.21565018688066434,0.5,1,False
B3,2011-09-30,2012-03-30,0.33069479224784071,-0.14104912353279619,0,,,,1,True,1,,-0.18854771177401164,0.21355378113376983,0.49618320610687022,0,False
B3,2011-10-31,2012-04-30,0.12637355597850974,-0.17874993282997098,0,,,,2,True,1,,-0.18948499212937864,0.21133195343186714,0.49242424242424243,1,False
B3,2011-11-30,2012-05-31,0.25326780476002453,-0.14420518048714825,0,,,,3,True,1,,-0.19232524226281866,0.20860638809455473,0.48872180451127817,0,False
B3,2011-12-30,2012-06-29,0.088528959507944371,-0.12553002272877362,0,,,,4,True,1,,-0.1931571202196336,0.20686690679848563,0.48507462686567165,1,False
B3,2012-01-31,2012-07-31,-0.031815956926088962,-0.073598241832891251,0,,,,5,True,0,,-0.1931998751637386,0.20591654851512653,0.48888888888888887,1,False
B3,2012-02-29,2012-08-31,-0.08866075594960332,-0.14031249500175619,0,,,,6,True,0,,-0.19225904517750098,0.20594977516210994,0.49264705882352944,1,False
B3,2012-03-30,2012-09-28,-0.10526315789473695,-0.038118190173863073,0,,,,7,True,0,,-0.19040154219431357,0.2136758679163851,0.49635036496350365,1,False
B3,2012-04-30,2012-10-31,0.049744304974430387,-0.02947546293440205,0,,,,8,True,1,,-0.18998783902647395,0.21359559178349541,0.5,1,False
B3,2012-05-31,2012-11-30,0.026948187533282653,-0.0378679882339025,0,,,,9,True,1,,-0.18870381922917601,0.21881488561301138,0.50359712230215825,1,False
B3,2012-06-29,2012-12-31,0.045348630503718956,-0.035186570652252488,0,,,,10,True,1,,-0.18856485296626888,0.21839247034831191,0.50714285714285712,1,False
B3,2012-07-31,2013-01-31,0.20978195764512497,-0.041984118912086713,0,,,,11,True,1,,-0.18924557228250616,0.21715036950446795,0.50354609929078009,1,False
B3,2012-08-31,2013-02-28,0.33842814234667729,-0.045830496420512123,0,-0.082573899333241982,0.34885767774201709,0.66666666666666663,12,False,1,1,-0.18992336307501204,0.21560165540395121,0.5,0,False
B3,2012-09-28,2013-03-29,0.28838401073347142,0.034197043360958385,0,-0.011073338633199266,0.42610040643884406,0.76923076923076927,13,False,1,1,-0.19069755563610802,0.21395653953484431,0.49650349650349651,0,False
B3,2012-10-31,2013-04-30,0.17964971329657642,0.048736986598845095,0,0.004199967613430694,0.43785553859208715,0.9285714285714286,14,False,1,1,-0.19042215616499381,0.21336101569794774,0.5,1,False
B3,2012-11-30,2013-05-31,0.21454992750621393,0.070203168579194244,0,0.026399512602523094,0.45653690948779269,1,15,False,1,1,-0.19029552463787416,0.21261672391705638,0.50344827586206897,0,False
B3,2012-12-31,2013-06-28,0.23445129107981222,0.060346108112679923,0,0.017275815144752016,0.44389503793663482,0.9375,16,False,1,1,-0.19004369484262046,0.21199763040429925,0.50684931506849318,0,False
B3,2013-01-31,2013-07-31,0.14891736632788333,0.043505354111772275,0,0.0011684241525876174,0.42426947285108357,0.88235294117647056,17,False,1,1,-0.18871465835200021,0.21245574358690861,0.51020408163265307,1,False
B3,2013-02-28,2013-08-30,0.014158576051779947,0.019662737893506047,0,-0.021940829056935368,0.40788568060469044,0.83333333333333337,18,False,1,1,-0.18656178375384436,0.21823435043687833,0.51351351351351349,1,False
B3,2013-03-29,2013-09-30,0.081123862287297177,0.037245600762309816,0,-0.0036246031793883485,0.42414710882549589,0.84210526315789469,19,False,1,1,-0.18475385705226482,0.22725816288774739,0.51677852348993292,1,False
B3,2013-04-30,2013-10-31,0.050019849146486717,0.038833688604765715,0,-0.0013031523281891999,0.42441376201995346,0.84999999999999998,20,False,1,1,-0.18366046364555622,0.22582036069146161,0.52000000000000002,1,False
B3,2013-05-31,2013-11-29,0.095723813260102153,0.044054000692130529,0,0.0046505227679188577,0.42831263945931997,0.90476190476190477,21,False,1,1,-0.1823530805303355,0.22459654820368857,0.52317880794701987,1,False
B3,2013-06-28,2013-12-31,0.064909520062942594,0.04648096607502479,0,0.0097375631622949321,0.42927622840556895,0.90909090909090906,22,False,1,1,-0.18135193308191663,0.23938161865634885,0.53289473684210531,1,False
B3,2013-07-31,2014-01-31,-0.070111662531017416,0.046568556391318787,0,0.012485228490070742,0.42790044228521773,0.91304347826086951,23,False,0,0,-0.18090107323412008,0.23827843642043628,0.53594771241830064,1,False
B3,2013-08-30,2014-02-28,0.016254487435181542,0.042689942798429088,0,0.011266689908662857,0.42255845225568278,0.91666666666666663,24,False,1,1,-0.18129783850396014,0.23632762906688712,0.53896103896103897,1,False
B3,2013-09-30,2014-03-31,-0.086861805129173963,0.046159965401686681,0,0.017396787523402266,0.42456509842229517,0.92000000000000004,25,False,0,0,-0.18127349005998028,0.23479793542715743,0.54193548387096779,1,False
B3,2013-10-31,2014-04-30,-0.064299652417830422,0.069421409389001348,0,0.043318306522198737,0.44636316597296455,1,26,False,0,0,-0.18144119234982095,0.23307619105360763,0.54487179487179482,1,False
B3,2013-11-29,2014-05-30,-0.067695159557880857,0.10656303725714157,0,0.083120009401820766,0.48204141740445955,1,27,False,0,0,-0.1813261961130167,0.23163714520670278,0.54777070063694266,1,False
B3,2013-12-31,2014-06-30,-0.029237222493654347,0.10706127729865508,0,0.086278324454816091,0.48107628100932776,1,28,False,0,0,-0.18140024740377916,0.23000905183223119,0.55063291139240511,1,False
B3,2014-01-31,2014-07-31,0.040877796901893415,0.047983986547400242,0,0.0071137826057020778,0.42053561382142768,0.93103448275862066,29,False,1,1,-0.18229146589976963,0.22756379125253162,0.54088050314465408,1,False
B3,2014-02-28,2014-08-29,0.021641486320947312,0.030201693325656739,0,-0.0099351476072981754,0.40128994416303898,0.8666666666666667,30,False,1,1,-0.18265142488908526,0.22564979017950643,0.54374999999999996,1,False
B3,2014-03-31,2014-09-30,0.061718098415346034,0.048479659537492809,0,0.0017425515258486651,0.41810453393822977,0.90322580645161288,31,False,1,1,-0.18362429336005293,0.22312287962482966,0.54037267080745344,1,False
B3,2014-04-30,2014-10-31,0.1101303068516184,0.056071345376176182,0,-0.0090328363737747219,0.41924608121768769,0.875,32,False,1,1,-0.18416088038930076,0.22180058218220353,0.53703703703703709,1,False
B3,2014-05-30,2014-11-28,0.088294047143427701,0.057599241071467883,0,-0.049173927610575846,0.41432383835375364,0.84848484848484851,33,False,1,1,-0.18470753559415165,0.22046821656397439,0.53374233128834359,1,False
B3,2014-06-30,2014-12-31,0.069279493269992054,0.058469149793184141,0,-0.069650155255119181,0.40874360851624419,0.82352941176470584,34,False,1,1,-0.18501788457030488,0.21937215717444286,0.53048780487804881,1,False
B3,2014-07-31,2015-01-30,0.072757337742868966,0.062049869828564655,0,-0.064435280058886199,0.40587418999239921,0.82857142857142863,35,False,1,1,-0.18491094390463064,0.21869338742673866,0.53333333333333333,1,False
B3,2014-08-29,2015-02-27,0.093313757471864545,0.058821711268006234,0,-0.066029283458592186,0.39619589287261509,0.83333333333333337,36,False,1,1,-0.18491347638144262,0.21790514453654844,0.53614457831325302,1,False
B3,2014-09-30,2015-03-31,0.089739144254389558,0.065312036863307291,0,-0.057904802702438696,0.39623607990869042,0.83783783783783783,37,False,1,1,-0.18468073435852805,0.21735217614608471,0.53892215568862278,1,False
B3,2014-10-31,2015-04-30,0.043932725313512444,0.079921446933559501,0,-0.041661237471334031,0.40439535141971739,0.86842105263157898,38,False,1,1,-0.18416886856667608,0.21707833152455838,0.54166666666666663,1,False
B3,2014-11-28,2015-05-29,0.0302113066186811,0.10310144834940331,0,-0.016847080894637781,0.42112521427633548,0.87179487179487181,39,False,1,1,-0.18378408380275124,0.21667740587510492,0.54437869822485208,1,False
B3,2014-12-31,2015-06-30,0.076226223214266531,0.10125338176469156,0,-0.017060992318497087,0.412827009132398,0.875,40,False,1,1,-0.18350818149335263,0.21616759777112515,0.54705882352941182,1,False
B3,2015-01-30,2015-07-31,0.20641681609438622,0.08094126030623558,0,-0.03573895861610063,0.38606474911471633,0.87804878048780488,41,False,1,1,-0.18321224047627754,0.21567782837482191,0.54970760233918126,1,False
B3,2015-02-27,2015-08-31,0.12757973733583494,0.054320695908968909,0,-0.057405997893221046,0.35435053257385279,0.8571428571428571,42,False,1,1,-0.18261206734377189,0.2157574693144681,0.55232558139534882,1,False
B3,2015-03-31,2015-09-30,0.13466518682944884,0.043721321047851432,0,-0.063051847634192304,0.33865750556913882,0.83720930232558144,43,False,1,1,-0.18203299465765882,0.21581600980772175,0.55491329479768781,1,False
B3,2015-04-30,2015-10-30,0.23343261355174993,0.040631616294638045,0,-0.06118802726725947,0.3304741486723286,0.84090909090909094,44,False,1,1,-0.18170929188673951,0.21561918038578159,0.55747126436781613,0,False
B3,2015-05-29,2015-11-30,0.13825896122896864,0.03658147855176682,0,-0.062582709493923777,0.32133035878586053,0.80000000000000004,45,False,1,1,-0.18145946118575637,0.21534847889390524,0.56000000000000005,1,False
B3,2015-06-30,2015-12-31,0.12288135593220351,0.038269410054429118,0,-0.056515770272100099,0.317924638144926,0.80434782608695654,46,False,1,1,-0.18095406326075208,0.21533334462605008,0.5625,1,False
B3,2015-07-31,2016-01-29,0.024590163934426146,0.04218297554997464,0,-0.048223197057393148,0.31674455149687464,0.82978723404255317,47,False,1,1,-0.17973731136521043,0.21602956432873224,0.56497175141242939,1,False
B3,2015-08-31,2016-02-29,0.098923236738768461,0.035378480009247419,0,-0.050648684878958981,0.30484640381255096,0.79166666666666663,48,False,1,1,-0.17895682361625265,0.21628951988483058,0.56741573033707871,1,False
B3,2015-09-30,2016-03-31,0.16724433465927624,0.054549208821108516,0,-0.027098948347936455,0.3189234804808152,0.8571428571428571,49,False,1,1,-0.17814107936148985,0.21658473194673394,0.56983240223463683,1,False
B3,2015-10-30,2016-04-29,0.011970124962269679,0.066143836959641863,0,-0.011125312490241734,0.32542445647575174,0.85999999999999999,50,False,1,1,-0.1767977333981732,0.21807673206197206,0.57222222222222219,1,False
B3,2015-11-30,2016-05-31,0.098812493573264604,0.075691760426086274,0,0.0028016186953640637,0.32987872779859928,0.90196078431372551,51,False,1,1,-0.17597236799459559,0.21792780296538972,0.574585635359116,1,False
B3,2015-12-31,2016-06-30,0.024541560754716807,0.078096883418144844,0,0.0057812590884074727,0.33204176170912775,0.90384615384615385,52,False,1,1,-0.17534508876235716,0.21814736832224779,0.57692307692307687,1,False
B3,2016-01-29,2016-07-29,0.069888391167999941,0.084932558041776643,0,0.013191451113024097,0.3386353472512294,0.90566037735849059,53,False,1,1,-0.17524042015191238,0.21784432305731222,0.57923497267759561,1,False
B3,2016-02-29,2016-08-31,0.0040485829959515662,0.054520289702114838,0,-0.016646299825652869,0.30798098983003741,0.87037037037037035,54,False,1,1,-0.17474156165448484,0.2179354676793594,0.58152173913043481,1,False
B3,2016-03-31,2016-09-30,-0.095087618500431015,0.11388941900521463,0,0.043297346878431758,0.36710803005160708,0.90909090909090906,55,False,0,0,-0.17388618104256043,0.21838313441590346,0.58378378378378382,1,False
B3,2016-04-29,2016-10-31,-0.034969325153374253,0.069109578563083335,0,-0.0009079761627147076,0.32208610052794562,0.8928571428571429,56,False,0,0,-0.17384440786801919,0.21801719371506428,0.58602150537634412,1,False
B3,2016-05-31,2016-11-30,0.0060150375939851397,0.074691191131029996,0,0.0052481538062167932,0.3274256240143622,0.91228070175438591,57,False,1,1,-0.1733491053400833,0.21810478236761982,0.58823529411764708,1,False
B3,2016-06-30,2016-12-30,0.12058080808080818,0.074436034392069098,0,0.0055675144682407196,0.32692837819387116,0.91379310344827591,58,False,1,1,-0.17323776773447297,0.21780840609784979,0.59042553191489366,1,False
B3,2016-07-29,2017-01-31,0.16887111657951404,0.068299123299726927,0,5.1207768833883005e-06,0.32054937801999889,0.89830508474576276,59,False,1,1,-0.17289106347170702,0.21774739648523533,0.59259259259259256,1,False
B3,2016-08-31,2017-02-28,0.23292839885072447,0.059498610837116397,0,-0.0082208742847423022,0.31150677647585817,0.8833333333333333,60,False,1,1,-0.17287987387095305,0.217350872210609,0.59473684210526312,0,False
B3,2016-09-30,2017-03-31,0.26609335338345841,0.036628546735207497,0,-0.036261594995514713,0.28839462329241916,0.78688524590163933,61,False,1,1,-0.1733681067968722,0.21645492540930944,0.59162303664921467,0,False
B3,2016-10-31,2017-04-28,0.28517530698966098,0.074532146250099129,0,-0.026427881267784906,0.32252751337526137,0.88709677419354838,62,False,1,1,-0.17381570874439578,0.21546353623566783,0.58854166666666663,0,False
B3,2016-11-30,2017-05-31,0.28722983242860489,0.10177504904356251,0,0.0039338977242519974,0.34599970673667563,0.88888888888888884,63,False,1,1,-0.17405171143906112,0.21468374631488446,0.59067357512953367,0,False
B3,2016-12-30,2017-06-30,0.26422273684210529,0.096639034950488673,0,0.0019167598297517158,0.33709298321155234,0.890625,64,False,1,1,-0.17371138183096357,0.21448028869686392,0.59278350515463918,0,False
B3,2017-01-31,2017-07-31,0.26489430470914099,0.10401859184092346,0,0.012415192918760032,0.34070183066993776,0.89230769230769236,65,False,1,1,-0.17313305056137901,0.2145148327403304,0.59487179487179487,0,False
B3,2017-02-28,2017-08-31,0.23943661971830998,0.053498331137262364,0,-0.034986191586327528,0.28641086053422721,0.81818181818181823,66,False,1,1,-0.17224219798284179,0.2171168345510861,0.59693877551020413,0,False
B3,2017-03-31,2017-09-29,0.23583460949464019,0.057953483607404641,0,-0.027412162917611699,0.29633879821923981,0.85074626865671643,67,False,1,1,-0.17119562159124019,0.22005799946742341,0.59898477157360408,0,False
B3,2017-04-28,2017-10-31,0.2311178247734138,0.054097067416155838,0,-0.028149702910286976,0.29025225503709506,0.83823529411764708,68,False,1,1,-0.17006464576091607,0.2271156405946094,0.60101010101010099,0,False
B3,2017-05-31,2017-11-30,0.22576832151300241,0.042715984634278253,0,-0.036411909493591008,0.27664104526432137,0.79710144927536231,69,False,1,1,-0.16893356623081296,0.23604682850331005,0.60301507537688437,1,False
B3,2017-06-30,2017-12-29,0.27738716262190954,0.046329625463075952,0,-0.029679392466219784,0.27802455910222301,0.80000000000000004,70,False,1,1,-0.16792404286561424,0.23906835891335404,0.60999999999999999,0,False
B3,2017-07-31,2018-01-31,0.16116052520118584,0.043921945998216111,0,-0.0289681957325061,0.27338675264646706,0.80281690140845074,71,False,1,1,-0.16691992430325114,0.24206612075685913,0.61194029850746268,1,False
B3,2017-08-31,2018-02-28,0.21681355331204033,0.038819975568735066,0,-0.033648767342619401,0.26674419977583264,0.79166666666666663,72,False,1,1,-0.16609696727379439,0.24473390357914712,0.61386138613861385,1,False
B3,2017-09-29,2018-03-30,0.28417650161668995,0.028531732729947849,0,-0.043515611362038888,0.25491537449589213,0.78082191780821919,73,False,1,0,-0.16529850625466377,0.24525612944106151,0.61576354679802958,0,False
B3,2017-10-31,2018-04-30,0.27261455691080094,0.053682311324814741,0,-0.017943633947804266,0.27852537064960581,0.85135135135135132,74,False,1,1,-0.16452949975284298,0.24574890078566608,0.61764705882352944,0,False
B3,2017-11-30,2018-05-31,0.22717365378145216,0.058463591557568251,0,-0.012740954895683013,0.28176606844120611,0.8666666666666667,75,False,1,1,-0.16379252764978819,0.24620963773150462,0.61951219512195121,1,False
B3,2017-12-29,2018-06-29,0.071791796350392678,0.052925951000036345,0,-0.017857196633847189,0.28318712290357861,0.84210526315789469,76,False,1,1,-0.16281841802302011,0.24968711557159262,0.62135922330097082,1,False
B3,2018-01-31,2018-07-31,0.11431849289676843,0.09880051390157972,0,0.02843876508706393,0.32890241275406373,0.90909090909090906,77,False,1,1,-0.16239851777911501,0.24969907217418374,0.62318840579710144,1,False
B3,2018-02-28,2018-08-31,0.17016115058048875,0.044758366958328299,0,-0.025181983036819761,0.27470099275975401,0.82051282051282048,78,False,1,1,-0.16172188162050222,0.24996776469148257,0.62980769230769229,1,False
B3,2018-03-30,2018-09-28,0.16592811422944376,0.088800557284418435,0,0.019281606108638105,0.32399980232292769,0.91139240506329111,79,False,1,1,-0.16073762716369483,0.25519461047014358,0.63157894736842102,1,False
B3,2018-04-30,2018-10-31,0.11692358150213189,0.073478038681403623,0,0.004380486324991037,0.30660642978007524,0.91249999999999998,80,False,1,1,-0.15981541990825351,0.26398427151522985,0.64761904761904765,1,False
B3,2018-05-31,2018-11-30,0.063191659983961479,0.074376801036446213,0,0.0057006474994013567,0.30543433819527982,0.9135802469135802,81,False,1,1,-0.15911052629113381,0.26429352653967186,0.64928909952606639,1,False
B3,2018-06-29,2018-12-31,0.0084530853761624059,0.063524410701762901,0,-0.0049986242536648601,0.29442267480953821,0.87804878048780488,82,False,1,1,-0.15892651343662453,0.26326564254160401,0.65094339622641506,1,False
B3,2018-07-31,2019-01-31,0.090696509103056711,0.058072374765202134,0,-0.010297541608608518,0.28881136582191919,0.87951807228915657,83,False,1,1,-0.15854760356744774,0.26243265555820366,0.65258215962441313,1,False
B3,2018-08-31,2019-02-28,0.11107947970439347,0.050069103431068879,0,-0.018147694361124678,0.28064882143672765,0.84523809523809523,84,False,1,1,-0.15791592727408843,0.26185243499898581,0.65420560747663548,1,False
B3,2018-09-28,2019-03-29,0.053551802657520797,0.045124578576164934,0,-0.022939100634411527,0.27554502353076549,0.83529411764705885,85,False,1,1,-0.15730675149458853,0.26124971392590829,0.66046511627906979,1,False
B3,2018-10-31,2019-04-30,0.16298183490545193,0.055188304103715134,0,-0.012722256525244231,0.2854494760072574,0.88372093023255816,86,False,1,1,-0.15692144557505044,0.26042312299286924,0.66203703703703709,1,False
B3,2018-11-30,2019-05-31,0.24337308059228646,0.083961966137914179,0,0.016204524090571909,0.31406386499039818,0.91954022988505746,87,False,1,1,-0.15677819686619593,0.25935447484914664,0.66359447004608296,1,False
B3,2018-12-31,2019-06-28,0.39310933711262708,0.073962534208994346,0,0.0063582107432691853,0.30390516001042006,0.92045454545454541,88,False,1,0,-0.15687825751738912,0.25804251734537625,0.66055045871559637,0,False
B3,2019-01-31,2019-07-31,0.3023799966850782,0.15026753480641383,0,0.082816329922305768,0.38005088755678129,0.97752808988764039,89,False,1,1,-0.15660957452234203,0.25709930348784621,0.66210045662100458,0,False
B3,2019-02-28,2019-08-30,0.051613544648385412,0.086469718612415106,0,0.019171632309924136,0.31609379831172429,0.92222222222222228,90,False,1,1,-0.15625076152735662,0.25624621963025418,0.66818181818181821,1,False
B3,2019-03-29,2019-09-30,0.07231991749741562,0.19576292767341394,0,0.12861795995254005,0.42522773432166483,0.98901098901098905,91,False,1,0,-0.15614622838991321,0.25513885591512042,0.66515837104072395,1,False
B3,2019-04-30,2019-10-31,-0.088109585991447581,0.15158956169437265,0,0.085651958213026111,0.38000111223639715,0.97826086956521741,92,False,0,0,-0.1548755838088654,0.25511902337091696,0.6711711711711712,1,False
B3,2019-05-31,2019-11-29,-0.076229757664960096,0.14778011319142736,0,0.08304987394960818,0.37513840762722528,0.978494623655914,93,False,0,0,-0.15325671529062529,0.25544741476390576,0.67264573991031396,1,False
B3,2019-06-28,2019-12-31,-0.095030564096590942,0.15980321794051083,0,0.09628034293821898,0.39038293594616963,0.97872340425531912,94,False,0,0,-0.15099266483944537,0.26410249598335866,0.6785714285714286,1,False
B3,2019-07-31,2020-01-31,0.020191748548724187,0.11918613853761663,0,0.056870627774852113,0.34960658349221718,0.94736842105263153,95,False,1,0,-0.14913278805163177,0.26985479490334174,0.68000000000000005,1,False
B3,2019-08-30,2020-02-28,-0.0030149665506256085,0.14238232943595908,0,0.081274182912721898,0.3726435013395013,0.97916666666666663,96,False,0,0,-0.14836167367985278,0.2693477371985058,0.68141592920353977,1,False
B3,2019-09-30,2020-03-31,-0.014734229353228989,0.09835484445796526,0,0.03059740241062299,0.32845674331044927,0.91752577319587625,97,False,0,0,-0.14750018390379135,0.26893105489795222,0.68281938325991187,1,False
B3,2019-10-31,2020-04-30,0.2352514771167411,0.17775304491052038,0,0.10781269491537232,0.40769567071194612,0.97959183673469385,98,False,1,1,-0.14732356232409194,0.26782950440103664,0.67543859649122806,1,False
B3,2019-11-29,2020-05-29,0.098449952190076795,0.18725454751065951,0,0.10812665338279025,0.41703790026102694,0.96969696969696972,99,False,1,0,-0.14708983474328885,0.26678505990522478,0.67248908296943233,1,False
B3,2019-12-31,2020-06-30,0.11515862079177186,0.19311015962523947,0,0.087771124388194025,0.42273423932454868,0.95999999999999996,100,False,1,1,-0.1469297297747777,0.26566699279712086,0.66956521739130437,1,False
B3,2020-01-31,2020-07-31,0.12248277299572163,0.2831791907415952,0,0.17910028702513761,0.51264399738984612,1,101,False,1,0,-0.14627681709402793,0.2650417334012557,0.67099567099567103,1,False
B3,2020-02-28,2020-08-31,0.28378559716016061,0.21844550911237176,0,0.10302542171062343,0.44685705965439626,0.97058823529411764,102,False,1,1,-0.14610886641328491,0.26370293565064706,0.66379310344827591,0,False
B3,2020-03-31,2020-09-30,0.26242816423455695,0.31088745561729059,0,0.19492546571718278,0.5382457500530885,1,103,False,1,1,-0.14598669684397167,0.2623183567886086,0.66094420600858372,0,False
B3,2020-04-30,2020-10-30,0.11154413621885362,0.27591194853638085,0,0.16030907314738724,0.5022169868659524,1,104,False,1,0,-0.14481929875022645,0.26197900645100214,0.66666666666666663,1,False
B3,2020-05-29,2020-11-30,0.14103495114139752,0.24737960932438693,0,0.1321358484465075,0.47263139154773204,0.99047619047619051,105,False,1,1,-0.14422460954686206,0.2610669472230146,0.66808510638297869,1,False
B3,2020-06-30,2020-12-31,0.27243408260232638,0.24402051798701815,0,0.12913587162025292,0.46821904410413673,0.99056603773584906,106,False,1,1,-0.14356118989421124,0.26022361844431374,0.66949152542372881,0,False
B3,2020-07-31,2021-01-29,0.011102757477413183,0.17488872867490124,0,0.055503393251100194,0.39803399868579337,0.96261682242990654,107,False,1,0,-0.14286850772538351,0.25940955218178985,0.67088607594936711,1,False
B3,2020-08-31,2021-02-26,-0.038813411757946614,0.21214142612837433,0,0.093432369829939493,0.43423344003303993,0.97222222222222221,108,False,0,0,-0.14151586269442806,0.26690004152900865,0.67226890756302526,1,False
B3,2020-09-30,2021-03-31,0.077612699961880471,0.21781392620850548,0,0.099781149035436861,0.43885268400694466,0.97247706422018354,109,False,1,0,-0.14025688804900396,0.26727076737778865,0.67364016736401677,1,False
B3,2020-10-30,2021-04-30,0.14838809172738876,0.28921055254107109,0,0.16480966632958655,0.50919605423328385,1,110,False,1,0,-0.13961697234168635,0.26702243428846217,0.67500000000000004,1,False
B3,2020-11-30,2021-05-31,0.17378516995216242,0.38900042984924943,0,0.26555741967325108,0.60793267543523566,1,111,False,1,0,-0.13885833411598703,0.26689282371751738,0.67634854771784236,1,False
B3,2020-12-31,2021-06-30,0.026108800965191747,0.38947975297632931,0,0.26671302192569724,0.60792467222738877,1,112,False,1,0,-0.13811226751385322,0.27060651544132264,0.68181818181818177,1,False
B3,2021-01-29,2021-07-30,0.093655726730513589,0.51609515818657292,0,0.38498913972668475,0.73405275110270551,1,113,False,1,0,-0.13842158861061152,0.26994972416157398,0.6831275720164609,1,False
B3,2021-02-26,2021-08-31,0.13659846469057335,0.46174572438836659,0,0.32823444996432616,0.6792159909695723,1,114,False,1,0,-0.13892797213031688,0.26909587045887817,0.67622950819672134,1,False
B3,2021-03-31,2021-09-30,-0.036761849029369742,0.41591919645876935,0,0.28065167186065099,0.63290213670504825,1,115,False,0,0,-0.13896634449438777,0.26871002791181686,0.67755102040816328,1,False
B3,2021-04-30,2021-10-29,-0.056181205282382574,0.35401640041687765,0,0.21576653739741042,0.57051201432822973,1,116,False,0,0,-0.13872343091481296,0.26860547130840129,0.67886178861788615,1,False
B3,2021-05-31,2021-11-30,-0.043301441784625583,0.32491355198577498,0,0.18446383191232704,0.5409218395622003,1,117,False,0,0,-0.13838192772112484,0.26859950431909901,0.68421052631578949,1,False
B3,2021-06-30,2021-12-31,0.077902801098590047,0.32610932306048279,0,0.18391441169492975,0.54163028430198124,0.99152542372881358,118,False,1,0,-0.13862439088204023,0.26800957097519329,0.68548387096774188,1,False
B3,2021-07-30,2022-01-31,0.16187542594637461,0.26924085085902882,0,0.12078373052058639,0.4842744857656005,0.98319327731092432,119,False,1,1,-0.13859993728455489,0.26768655438968819,0.68674698795180722,1,False
B3,2021-08-31,2022-02-28,0.11866819530074579,0.25503136813819027,0,0.094025995047155253,0.46957767670983513,0.97499999999999998,120,False,1,1,-0.1384078049680455,0.26753121652320716,0.68799999999999994,1,False
B3,2021-09-30,2022-03-31,0.2958596579392887,0.22526417209005214,0,0.061478200892564089,0.43932315432677016,0.94214876033057848,121,False,1,1,-0.13889159738713117,0.26669995392113111,0.68127490039840632,0,False
B3,2021-10-29,2022-04-29,0.15046111547587615,0.25837153397710849,0,0.094061905771585186,0.4720889340641109,0.95901639344262291,122,False,1,1,-0.13933135176218964,0.26594978499321387,0.6785714285714286,1,False
B3,2021-11-30,2022-05-31,0.29350734572512405,0.28712321784635852,0,0.11484309793083516,0.5004990357836453,0.95121951219512191,123,False,1,1,-0.13971696691262761,0.26525375528991718,0.67588932806324109,0,False
B3,2021-12-31,2022-06-30,0.13203885256590686,0.25962277638954595,0,0.061061391091087297,0.47265701217711709,0.95161290322580649,124,False,1,1,-0.13963243490878499,0.26502787274090106,0.67716535433070868,1,False
B3,2022-01-31,2022-07-29,0.060127712353061691,0.35064143961100891,0,0.15555193838161258,0.56333409324886441,0.95999999999999996,125,False,1,0,-0.13922580961847145,0.26512408347835581,0.67843137254901964,1,False
B3,2022-02-28,2022-08-31,0.16910094232819639,0.32507073249849255,0,0.13345311533815851,0.53742180398663253,0.95238095238095233,126,False,1,1,-0.13898619842852963,0.26505328011543894,0.6796875,1,False
B3,2022-03-31,2022-09-30,-0.0022366100268935707,0.19497203497607898,0,0.0068263018848073176,0.4069815243145033,0.89763779527559051,127,False,0,0,-0.1380736783899662,0.2680555502536478,0.68093385214007784,1,False
B3,2022-04-29,2022-10-31,0.21014504888390717,0.19048916950883338,0,0.0058153204866240316,0.40215707669754208,0.8984375,128,False,1,1,-0.13771782803175017,0.26794849761697886,0.68604651162790697,1,False
B3,2022-05-31,2022-11-30,0.095183324643819622,0.18920143614107271,0,0.007999471187925683,0.40052776118006583,0.89922480620155043,129,False,1,1,-0.13682387459254675,0.27186068891052312,0.68725868725868722,1,False
B3,2022-06-30,2022-12-30,0.12019302957835776,0.17034816134372582,0,-0.0073819195403589111,0.38133290423300331,0.89230769230769236,130,False,1,1,-0.13654267909736131,0.27159595863854147,0.68846153846153846,1,False
B3,2022-07-29,2023-01-31,0.17582523155126784,0.17489920456819755,0,-0.034077832937448094,0.38554236530775943,0.89312977099236646,131,False,1,1,-0.13653193582792261,0.2710607761408132,0.68965517241379315,1,False
B3,2022-08-31,2023-02-28,0.1348789682463567,0.12168979492316857,0,-0.083815358513414692,0.33054873931448553,0.78787878787878785,132,False,1,1,-0.1362125895936353,0.27101613331971425,0.69083969465648853,1,False
B3,2022-09-30,2023-03-31,0.233056465210701,0.1274179600254422,0,-0.079205398979668801,0.33449268806851401,0.78947368421052633,133,False,1,1,-0.13653231877114658,0.27033241508681671,0.68821292775665399,1,False
B3,2022-10-31,2023-04-28,0.053204130886892909,0.15002218428510095,0,-0.055424335469742764,0.35531269597992787,0.85074626865671643,134,False,1,1,-0.13606284025859977,0.2704379045439772,0.68939393939393945,1,False
B3,2022-11-30,2023-05-31,-0.021973518692585459,0.15373941851526424,0,-0.050530261989312153,0.35724571386184623,0.85185185185185186,135,False,0,1,-0.13602079983540855,0.27011595591178206,0.69056603773584901,1,False
B3,2022-12-30,2023-06-30,0.022007938274276162,0.12230147810481304,0,-0.080791363149496059,0.3240235571031499,0.78676470588235292,136,False,1,1,-0.13588688226832757,0.26988588442347677,0.69172932330827064,1,False
B3,2023-01-31,2023-07-31,-0.072984986614147429,0.14414628910773294,0,-0.057769712896308834,0.34408415175782492,0.84671532846715325,137,False,0,0,-0.13554992687747894,0.26985885075893912,0.69288389513108617,1,False
B3,2023-02-28,2023-08-31,-0.063726795993206076,0.10277435239628968,0,-0.097964810357484777,0.30092799869813647,0.74637681159420288,138,False,0,1,-0.13536463285537753,0.26968015572565429,0.69402985074626866,1,False
