year,component,cash,payments
1999,pre_policy_annual_variable,0.26000000000000001,4
2000,pre_policy_annual_variable,0.27000000000000002,4
2001,pre_policy_annual_variable,0.28000000000000003,4
2002,pre_policy_annual_variable,0.14330000000000001,4
2003,pre_policy_annual_variable,0.10000000000000001,4
2004,pre_policy_annual_variable,0.11,4
2005,pre_policy_annual_variable,0.12,4
2006,pre_policy_annual_variable,0.055,4
2007,pre_policy_annual_variable,2,1
2008,pre_policy_annual_variable,0.14499999999999999,1
2010,pre_policy_annual_variable,1.1613,2
2011,pre_policy_annual_variable,0.3987,1
2012,pre_policy_annual_variable,1.4072,2
2013,pre_policy_annual_variable,0.28449999999999998,1
2014,pre_policy_annual_variable,1,1
2015,pre_policy_annual_variable,0.68620000000000003,1
2016,pre_policy_annual_variable,0.88819999999999999,1
2017,pre_policy_annual_variable,0.68079999999999996,1
2018,pre_policy_annual_variable,1.1247,1
2019,regular_quarterly,0.30000000000000004,3
2019,special,2.5139999999999998,1
2020,regular_quarterly,0.30000000000000004,3
2020,special,2.3500000000000001,1
2021,regular_quarterly,0.30000000000000004,3
2021,special,6.0999999999999996,2
2022,regular_quarterly,0.40000000000000002,4
2023,regular_quarterly,0.30000000000000004,3
