date,report_month,report_filing_date,past12_cash,prior_past12_cash,cr_ttm,pif_growth_yoy_cal,npw_growth_ttm,current_bvps,bvps_growth_1m,bvps_growth_3m,bvps_growth_6m,bvps_growth_yoy,bvps_growth_ytd,bvps_yoy_dollar_change,roe_ttm,gainshare_estimate,investment_book_yield,month_of_year,q4_flag,dividend_season_flag,max_ex_date_used
1999-12-31,,,0.26000000000000001,0,,,,,,,,,,,,,,12,1,1,1999-12-08
2000-01-31,,,0.26000000000000001,0,,,,,,,,,,,,,,1,0,1,1999-12-08
2000-02-29,,,0.26000000000000001,0,,,,,,,,,,,,,,2,0,0,1999-12-08
2000-03-31,,,0.26000000000000001,0.065000000000000002,,,,,,,,,,,,,,3,0,0,2000-03-08
2000-04-28,,,0.26000000000000001,0.065000000000000002,,,,,,,,,,,,,,4,0,0,2000-03-08
2000-05-31,,,0.26000000000000001,0.065000000000000002,,,,,,,,,,,,,,5,0,0,2000-03-08
2000-06-30,,,0.26000000000000001,0.13,,,,,,,,,,,,,,6,0,0,2000-06-07
2000-07-31,,,0.26000000000000001,0.13,,,,,,,,,,,,,,7,0,0,2000-06-07
2000-08-31,,,0.26000000000000001,0.13,,,,,,,,,,,,,,8,0,0,2000-06-07
2000-09-29,,,0.26500000000000001,0.19500000000000001,,,,,,,,,,,,,,9,0,0,2000-09-06
2000-10-31,,,0.26500000000000001,0.19500000000000001,,,,,,,,,,,,,,10,1,0,2000-09-06
2000-11-30,,,0.26500000000000001,0.19500000000000001,,,,,,,,,,,,,,11,1,1,2000-09-06
2000-12-29,,,0.27000000000000002,0.26000000000000001,,,,,,,,,,,,,,12,1,1,2000-12-06
2001-01-31,,,0.27000000000000002,0.26000000000000001,,,,,,,,,,,,,,1,0,1,2000-12-06
2001-02-28,,,0.27000000000000002,0.26000000000000001,,,,,,,,,,,,,,2,0,0,2000-12-06
2001-03-30,,,0.27500000000000002,0.26000000000000001,,,,,,,,,,,,,,3,0,0,2001-03-07
2001-04-30,,,0.27500000000000002,0.26000000000000001,,,,,,,,,,,,,,4,0,0,2001-03-07
2001-05-31,,,0.27500000000000002,0.26000000000000001,,,,,,,,,,,,,,5,0,0,2001-03-07
2001-06-29,,,0.28000000000000003,0.26000000000000001,,,,,,,,,,,,,,6,0,0,2001-06-06
2001-07-31,,,0.28000000000000003,0.26000000000000001,,,,,,,,,,,,,,7,0,0,2001-06-06
2001-08-31,,,0.28000000000000003,0.26000000000000001,,,,,,,,,,,,,,8,0,0,2001-06-06
2001-09-28,,,0.28000000000000003,0.26500000000000001,,,,,,,,,,,,,,9,0,0,2001-09-17
2001-10-31,,,0.28000000000000003,0.26500000000000001,,,,,,,,,,,,,,10,1,0,2001-09-17
2001-11-30,,,0.28000000000000003,0.26500000000000001,,,,,,,,,,,,,,11,1,1,2001-09-17
2001-12-31,,,0.28000000000000003,0.27000000000000002,,,,,,,,,,,,,,12,1,1,2001-12-12
2002-01-31,,,0.28000000000000003,0.27000000000000002,,,,,,,,,,,,,,1,0,1,2001-12-12
2002-02-28,,,0.28000000000000003,0.27000000000000002,,,,,,,,,,,,,,2,0,0,2001-12-12
2002-03-29,,,0.28000000000000003,0.27500000000000002,,,,,,,,,,,,,,3,0,0,2002-03-06
2002-04-30,,,0.093333333333333338,0.09166666666666666,,,,,,,,,,,,,,4,0,0,2002-03-06
2002-05-31,,,0.093333333333333338,0.09166666666666666,,,,,,,,,,,,,,5,0,0,2002-03-06
2002-06-28,,,0.093300000000000008,0.093333333333333338,,,,,,,,,,,,,,6,0,0,2002-06-12
2002-07-31,,,0.093300000000000008,0.093333333333333338,,,,,,,,,,,,,,7,0,0,2002-06-12
2002-08-30,,,0.093300000000000008,0.093333333333333338,,,,,,,,,,,,,,8,0,0,2002-06-12
2002-09-30,,,0.094966666666666671,0.093333333333333338,,,,,,,,,,,,,,9,0,0,2002-09-11
2002-10-31,,,0.094966666666666671,0.093333333333333338,,,,,,,,,,,,,,10,1,0,2002-09-11
2002-11-29,,,0.094966666666666671,0.093333333333333338,,,,,,,,,,,,,,11,1,1,2002-09-11
2002-12-31,,,0.096633333333333321,0.093333333333333338,,,,,,,,,,,,,,12,1,1,2002-12-11
2003-01-31,,,0.096633333333333321,0.093333333333333338,,,,,,,,,,,,,,1,0,1,2002-12-11
2003-02-28,,,0.096633333333333321,0.093333333333333338,,,,,,,,,,,,,,2,0,0,2002-12-11
2003-03-31,,,0.098299999999999998,0.093333333333333338,,,,,,,,,,,,,,3,0,0,2003-03-12
2003-04-30,,,0.098299999999999998,0.093333333333333338,,,,,,,,,,,,,,4,0,0,2003-03-12
2003-05-30,,,0.098299999999999998,0.093333333333333338,,,,,,,,,,,,,,5,0,0,2003-03-12
2003-06-30,,,0.10000000000000001,0.093300000000000008,,,,,,,,,,,,,,6,0,0,2003-06-11
2003-07-31,,,0.10000000000000001,0.093300000000000008,,,,,,,,,,,,,,7,0,0,2003-06-11
2003-08-29,,,0.10000000000000001,0.093300000000000008,,,,,,,,,,,,,,8,0,0,2003-06-11
2003-09-30,,,0.10000000000000001,0.094966666666666671,,,,,,,,,,,,,,9,0,0,2003-09-10
2003-10-31,,,0.10000000000000001,0.094966666666666671,,,,,,,,,,,,,,10,1,0,2003-09-10
2003-11-28,,,0.10000000000000001,0.094966666666666671,,,,,,,,,,,,,,11,1,1,2003-09-10
2003-12-31,,,0.10000000000000001,0.096633333333333321,,,,,,,,,,,,,,12,1,1,2003-12-10
2004-01-30,,,0.10000000000000001,0.096633333333333321,,,,,,,,,,,,,,1,0,1,2003-12-10
2004-02-27,,,0.10000000000000001,0.096633333333333321,,,,,,,,,,,,,,2,0,0,2003-12-10
2004-03-31,,,0.10000000000000001,0.098299999999999998,,,,,,,,,,,,,,3,0,0,2004-03-10
2004-04-30,,,0.10000000000000001,0.098299999999999998,,,,,,,,,,,,,,4,0,0,2004-03-10
2004-05-31,,,0.10000000000000001,0.098299999999999998,,,,,,,,,,,,,,5,0,0,2004-03-10
2004-06-30,,,0.10000000000000001,0.10000000000000001,,,,,,,,,,,,,,6,0,0,2004-06-09
2004-07-30,,,0.10000000000000001,0.10000000000000001,,,,,,,,,,,,,,7,0,0,2004-06-09
2004-08-31,,,0.10000000000000001,0.10000000000000001,,,,,,,,,,,,,,8,0,0,2004-06-09
2004-09-30,2004-08-31,2004-09-13,0.10500000000000001,0.10000000000000001,,,,27.760000000000002,,,,,,,28.699999999999999,,,9,0,0,2004-09-08
2004-10-29,2004-09-30,2004-10-13,0.10500000000000001,0.10000000000000001,,,,28.25,0.01765129682997113,,,,,,28.600000000000001,,,10,1,0,2004-09-08
2004-11-30,2004-10-31,2004-11-12,0.10500000000000001,0.10000000000000001,,,,24.07,-0.14796460176991144,,,,,,29.899999999999999,,,11,1,1,2004-09-08
2004-12-31,2004-11-30,2004-12-10,0.11,0.10000000000000001,,,,24.469999999999999,0.016618196925633599,-0.11851585014409227,,,,,29.5,,,12,1,1,2004-12-08
2005-01-31,2004-12-31,2005-01-20,0.11,0.10000000000000001,,,,25.73,0.051491622394769232,-0.089203539823008882,,,,,30,,,1,0,1,2004-12-08
2005-02-28,2005-01-31,2005-02-17,0.11,0.10000000000000001,,,,26.18,0.01748931208705784,0.087660988782717109,,,0,,26.399999999999999,,,2,0,0,2004-12-08
2005-03-31,2005-02-28,2005-03-17,0.11499999999999999,0.10000000000000001,,,,26.579999999999998,0.015278838808250539,0.086228034327748171,-0.042507204610951144,,0.015278838808250539,,26.899999999999999,,,3,0,0,2005-03-09
2005-04-29,2005-03-31,2005-04-14,0.11499999999999999,0.10000000000000001,,,,26.530000000000001,-0.0018811136192624645,0.031092110376991888,-0.060884955752212311,,0.013368983957219305,,28.399999999999999,,,4,0,0,2005-03-09
2005-05-31,2005-04-30,2005-05-19,0.11499999999999999,0.10000000000000001,,,,27.190000000000001,0.024877497173011687,0.038579067990832661,0.12962193601994199,,0.038579067990832661,,28.300000000000001,,,5,0,0,2005-03-09
2005-06-30,2005-05-31,2005-06-16,0.12,0.10000000000000001,,,,27.870000000000001,0.025009194556822267,0.048532731376975224,0.13894564773191664,,0.064553093964858643,,29.5,,3.8999999999999999,6,0,0,2005-06-08
2005-07-29,2005-06-30,2005-07-14,0.12,0.10000000000000001,,,,28.280000000000001,0.014711158952278369,0.065963060686015762,0.099106101826661464,,0.080213903743315607,,29.600000000000001,,4.2999999999999998,7,0,0,2005-06-08
2005-08-31,2005-07-31,2005-08-18,0.12,0.10000000000000001,86.233333333333334,,,28.800000000000001,0.018387553041018467,0.05921294593600579,0.10007639419404124,,0.10007639419404124,,29.199999999999999,,3.7999999999999998,8,0,0,2005-06-08
2005-09-30,2005-08-31,2005-09-16,0.12,0.10500000000000001,86.824999999999989,0.10378197997775307,,29.199999999999999,0.01388888888888884,0.047721564406171479,0.098570353649360509,0.05187319884726227,0.11535523300229178,1.4399999999999977,28.5,0.51890989988876535,4.0999999999999996,9,0,0,2005-09-07
2005-10-31,2005-09-30,2005-10-12,0.12,0.10500000000000001,86.891666666666652,0.10078461708476083,,29.48,0.0095890410958905381,0.042432814710042344,0.11119487372785519,0.04353982300884951,0.12605042016806722,1.2300000000000004,28.300000000000001,0.85892308542380391,4.2999999999999998,10,1,0,2005-09-07
2005-11-30,2005-10-31,2005-11-17,0.12,0.10500000000000001,87.49166666666666,0.094950603732162353,,29.489999999999998,0.00033921302578021617,0.023958333333333304,0.084589922765722525,0.22517656834233479,0.12643239113827343,5.4199999999999982,27,0.56475301866081162,4,11,1,1,2005-09-07
2005-12-30,2005-11-30,2005-12-15,0.12,0.11,87.516666666666666,0.094720667325211227,,30.289999999999999,0.027127839945744414,0.037328767123287587,0.086831718693936022,0.23784225582345742,0.15699006875477473,5.8200000000000003,26.399999999999999,0.77860333662605585,4.2000000000000002,12,1,1,2005-12-07
2006-01-31,2005-12-31,2006-01-18,0.12,0.11,88.066666666666663,0.0947252747252747,,30.960000000000001,0.022119511389897761,0.050203527815468219,0.094766619519094819,0.20326467158958406,0.18258212375859428,5.2300000000000004,25,0.91362637362637333,4.7999999999999998,1,0,1,2005-12-07
2006-02-28,2006-01-31,2006-02-15,0.12,0.11,88.15000000000002,0.08261152013858819,,31.609999999999999,0.020994832041343559,0.071888775856222553,0.097569444444444375,0.20741023682200144,0,5.4299999999999997,24.699999999999999,0.91305760069294095,4.0999999999999996,2,0,0,2005-12-07
2006-03-31,2006-02-28,2006-03-15,0.12,0.11499999999999999,88.241666666666674,0.077317933910811654,,32.100000000000001,0.015501423600126518,0.059755694948828042,0.099315068493150749,0.20767494356659166,0.015501423600126518,5.5200000000000031,24.300000000000001,0.87158966955405837,4.2000000000000002,3,0,0,2006-03-08
2006-04-28,2006-03-31,2006-04-12,0.12,0.11499999999999999,88.11666666666666,0.065062013874290558,,32.240000000000002,0.0043613707165108817,0.04134366925064592,0.093622795115332558,0.21522804372408588,0.019930401771591333,5.7100000000000009,24.300000000000001,0.96031006937145291,4.9000000000000004,4,0,0,2006-03-08
2006-05-31,2006-04-30,2006-05-17,0.029999999999999999,0.028749999999999998,88.166666666666671,0.062253579580825891,,8.2149999999999999,0.019230769230769162,0.039544447959506401,0.11427602577144791,0.20853254873115112,0.039544447959506401,1.4174999999999995,24.199999999999999,0.81626789790412912,4.2000000000000002,5,0,0,2006-03-08
2006-06-30,2006-05-31,2006-06-14,0.029999999999999999,0.029999999999999999,88.24166666666666,0.056479769973300398,,8.2400000000000002,0.0030432136335971638,0.026791277258567003,0.088147903598547517,0.18263365626121275,0.042708003796267047,1.2725,23.800000000000001,0.74739884986650185,4.5999999999999996,6,0,0,2006-06-07
2006-07-31,2006-06-30,2006-07-13,0.029999999999999999,0.029999999999999999,88.25,0.051475076297049949,,8.2799999999999994,0.0048543689320388328,0.027295285359801413,0.069767441860465018,0.17114568599717095,0.047769693135083724,1.2099999999999991,23.5,0.68737538148524946,5.0999999999999996,7,0,0,2006-06-07
2006-08-31,2006-07-31,2006-08-16,0.029999999999999999,0.029999999999999999,88.22499999999998,0.044640145763741312,0.010468221470536054,8.4900000000000002,0.025362318840579823,0.033475349969567914,0.074343562163872168,0.1791666666666667,0.074343562163872168,1.29,23.300000000000001,0.69320072881870687,4.4000000000000004,8,0,0,2006-06-07
2006-09-29,2006-08-31,2006-09-14,0.03125,0.029999999999999999,87.575000000000003,0.043232893278242424,0.010720845138602275,8.6600000000000001,0.020023557126030544,0.050970873786407855,0.079127725856697806,0.18630136986301382,0.095855741853843712,1.3600000000000003,24,0.59116446639121212,5,9,0,0,2006-09-06
2006-10-31,2006-09-30,2006-10-11,0.03125,0.029999999999999999,87.408333333333346,0.035337817488203971,0.0057768232433850208,8.8100000000000005,0.017321016166281789,0.064009661835748854,0.093052109181141374,0.19538670284938942,0.11483707687440692,1.4400000000000004,24.300000000000001,0.63168908744101959,5.0999999999999996,10,1,0,2006-09-06
2006-11-30,2006-10-31,2006-11-15,0.03125,0.029999999999999999,86.983333333333334,0.032080200501253042,0.0014763640473567374,8.9800000000000004,0.019296254256526701,0.057714958775029412,0.093122337188070725,0.21804001356392,0.13634925656437846,1.6075000000000008,24.800000000000001,0.50540100250626552,4.5,11,1,1,2006-09-06
2006-12-29,2006-11-30,2006-12-13,0.032500000000000001,0.029999999999999999,86.741666666666674,0.031381592139562819,-0.0039068824485944953,9.1199999999999992,0.015590200445434244,0.053117782909930522,0.10679611650485432,0.20435787388577076,0.15406516925023728,1.5474999999999994,25.300000000000001,0.60690796069781405,4.7999999999999998,12,1,1,2006-12-06
2007-01-31,2006-12-31,2007-01-17,0.032500000000000001,0.029999999999999999,86.691666666666663,0.028307568761292812,0.0088808932293897858,9.1500000000000004,0.0032894736842106198,0.038592508513053403,0.10507246376811596,0.18217054263565902,0.15786143625435001,1.4100000000000001,25.300000000000001,0.61153784380646437,4.7999999999999998,1,0,1,2006-12-06
2007-02-28,2007-01-31,2007-02-14,0.032500000000000001,0.029999999999999999,86.841666666666683,0.028742874287428721,0.0053698731598927907,9.2899999999999991,0.015300546448087315,0.034521158129175777,0.094228504122496837,0.1755773489402086,0,1.3874999999999993,24.800000000000001,0.55371437143714375,4.2999999999999998,2,0,0,2006-12-06
2007-03-30,2007-02-28,2007-03-14,0.025000000000000001,0.029999999999999999,87.38333333333334,0.028260869565217561,0.00230997768206187,9.4199999999999999,0.013993541442411273,0.03289473684210531,0.087759815242494099,0.17383177570093444,0.013993541442411273,1.3949999999999996,24.100000000000001,0.30130434782608795,4.5,3,0,0,2006-12-06
2007-04-30,2007-03-31,2007-04-11,0.025000000000000001,0.029999999999999999,87.791666666666671,0.033050429290437222,0.0015980681132141683,9.4100000000000001,-0.0010615711252653925,0.02841530054644803,0.06810442678774109,0.16749379652605456,0.012917115177610405,1.3499999999999996,23.5,0.55525214645218601,5.2999999999999998,4,0,0,2006-12-06
2007-05-31,2007-04-30,2007-05-16,0.025000000000000001,0.029999999999999999,88.033333333333346,0.029048642312951678,-0.0063159085926063341,9.5700000000000003,0.017003188097768351,0.030139935414424279,0.065701559020044487,0.16494217894096175,0.030139935414424279,1.3550000000000004,23,0.50524321156475849,4.2999999999999998,5,0,0,2006-12-06
2007-06-29,2007-05-31,2007-06-13,0.017500000000000002,0.029999999999999999,88.583333333333329,0.032970451010886581,-0.010876469840911396,9.6500000000000004,0.0083594566353186739,0.02441613588110414,0.058114035087719396,0.17111650485436902,0.038751345532831216,1.4100000000000001,22.199999999999999,0.29985225505443303,4.7000000000000002,6,0,0,2006-12-06
2007-07-31,2007-06-30,2007-07-12,0.017500000000000002,0.029999999999999999,89.274999999999991,0.03214976780185741,-0.012982703847511545,9.5999999999999996,-0.0051813471502590858,0.020191285866099751,0.049180327868852292,0.15942028985507251,0.033369214208826659,1.3200000000000003,21.300000000000001,0.17574883900928689,5.2000000000000002,7,0,0,2006-12-06
2007-08-31,2007-07-31,2007-08-15,2.0175000000000001,0.029999999999999999,89.666666666666671,0.036327519379844908,-0.017329715634800347,7.5499999999999998,-0.21354166666666663,-0.21107628004179735,-0.18729817007534977,-0.11071849234393405,-0.18729817007534977,-0.94000000000000039,21.399999999999999,0.41663759689922469,4.5,8,0,0,2007-08-29
2007-09-28,2007-08-31,2007-09-14,2.00875,0.03125,90.266666666666666,0.032988794435857782,-0.021221298774475206,7.5199999999999996,-0.0039735099337748769,-0.2207253886010363,-0.20169851380042469,-0.13163972286374137,-0.19052744886975237,-1.1400000000000006,21,0.17994397217928876,4.9000000000000004,9,0,0,2007-08-29
2007-10-31,2007-09-30,2007-10-10,2.00875,0.03125,90.925000000000011,0.038727819257247997,-0.021621469245081015,7.6500000000000004,0.01728723404255339,-0.20312499999999989,-0.18703506907545164,-0.13166855845629966,-0.1765339074273411,-1.1600000000000001,20.800000000000001,0.25363909628624015,5.4000000000000004,10,1,0,2007-08-29
2007-11-30,2007-10-31,2007-11-16,2.00875,0.03125,91.408333333333346,0.038581835842642187,-0.024637977612098294,7.6299999999999999,-0.002614379084967422,0.01059602649006619,-0.20271682340647856,-0.15033407572383084,-0.17868675995694283,-1.3500000000000005,20.399999999999999,0.24790917921321065,4.5999999999999996,11,1,1,2007-08-29
2007-12-31,2007-11-30,2007-12-12,2,0.032500000000000001,92.016666666666666,0.03948673082531351,-0.026049101779480277,7.4699999999999998,-0.020969855832241202,-0.0066489361702127825,-0.22590673575129538,-0.18092105263157887,-0.1959095801937567,-1.6499999999999995,20.199999999999999,0.28243365412656768,4.7999999999999998,12,1,1,2007-08-29
2008-01-31,2007-12-31,2008-01-16,2.145,0.032500000000000001,92.783333333333317,0.04010152284263957,-0.025438720634022194,7.2599999999999998,-0.028112449799196804,-0.050980392156862786,-0.24375000000000002,-0.20655737704918042,-0.2185145317545748,-1.8900000000000006,19.5,0.210507614213198,5.2999999999999998,1,0,1,2008-01-17
2008-02-29,2008-01-31,2008-02-13,2.145,0.032500000000000001,93.24166666666666,0.040801446570228661,-0.027534763790404315,7.3799999999999999,0.016528925619834656,-0.032765399737876844,-0.02251655629139071,-0.2055974165769644,0,-1.9099999999999993,19.800000000000001,0.33900723285114343,4.5,2,0,0,2008-01-17
2008-03-31,2008-02-29,2008-03-12,2.145,0.025000000000000001,93.691666666666663,0.036288337339627441,-0.03305937497783995,7.1500000000000004,-0.031165311653116423,-0.042838018741633066,-0.049202127659574324,-0.24097664543524411,-0.031165311653116423,-2.2699999999999996,19.5,0.18144168669813721,4.2000000000000002,3,0,0,2008-01-17
2008-04-30,2008-03-31,2008-04-09,2.145,0.025000000000000001,94.074999999999989,0.033559739775886444,-0.034449014324209326,7.0099999999999998,-0.019580419580419672,-0.03443526170798894,-0.083660130718954284,-0.25504782146652505,-0.050135501355013545,-2.4000000000000004,19.100000000000001,0.32779869887943236,5.5,4,0,0,2008-01-17
2008-05-30,2008-04-30,2008-05-14,2.145,0.025000000000000001,94.316666666666663,0.033088444672247919,-0.032449322400637581,7.25,0.034236804564907297,-0.017615176151761558,-0.049803407601572758,-0.24242424242424243,-0.017615176151761558,-2.3200000000000003,19.199999999999999,0.38044222336123945,4.2000000000000002,5,0,0,2008-01-17
2008-06-30,2008-05-31,2008-06-11,2.145,0.017500000000000002,94.241666666666674,0.030214920204757467,-0.031104387723792426,7.4100000000000001,0.022068965517241468,0.036363636363636376,-0.0080321285140562138,-0.23212435233160622,0.0040650406504065817,-2.2400000000000002,19.800000000000001,0.33107460102378705,4.5999999999999996,6,0,0,2008-01-17
2008-07-31,2008-06-30,2008-07-10,2.145,0.017500000000000002,94.350000000000009,0.032348171686210625,-0.029532726323393654,7.1200000000000001,-0.039136302294197067,0.015691868758915817,-0.019283746556473802,-0.2583333333333333,-0.035230352303523005,-2.4799999999999995,19.5,0.16174085843105312,5.5999999999999996,7,0,0,2008-01-17
2008-08-29,2008-07-31,2008-08-13,0.14499999999999999,2.0175000000000001,94.475000000000009,0.03576471028247119,-0.02738173785822906,6.8499999999999996,-0.037921348314606806,-0.055172413793103448,-0.071815718157181574,-0.0927152317880795,-0.071815718157181574,-0.70000000000000018,19,0.33882355141235609,4.5,8,0,0,2008-01-17
2008-09-30,2008-08-31,2008-09-11,0.14499999999999999,2.00875,94.358333333333334,0.032402861551409812,-0.020422114602747565,6.9699999999999998,0.017518248175182549,-0.059379217273954121,-0.025174825174825277,-0.073138297872340385,-0.05555555555555558,-0.54999999999999982,14.9,0.24701430775704919,4.5,9,0,0,2008-01-17
2008-10-31,2008-09-30,2008-10-10,0.14499999999999999,2.00875,94.683333333333337,0.033755274261603407,-0.020629844123663865,6.3099999999999996,-0.094691535150645656,-0.11376404494382031,-0.099857346647646228,-0.1751633986928105,-0.14498644986449871,-1.3400000000000007,0.10000000000000001,0.16877637130801704,5,10,1,0,2008-01-17
2008-11-28,2008-10-31,2008-11-12,0.14499999999999999,2.00875,94.541666666666671,0.03152765567422966,-0.016878796644489547,5.9299999999999997,-0.060221870047543535,-0.13430656934306573,-0.18206896551724139,-0.22280471821756231,-0.19647696476964771,-1.7000000000000002,1.6000000000000001,0.29763827837114815,4.7000000000000002,11,1,1,2008-01-17
2008-12-31,2008-11-30,2008-12-10,0.14499999999999999,2,94.5,0.032291549769947192,-0.012545713124746172,5.8600000000000003,-0.011804384485666009,-0.15925394548063121,-0.20917678812415652,-0.21552878179384194,-0.20596205962059611,-1.6099999999999994,2.6000000000000001,0.27145774884973611,4.7000000000000002,12,1,1,2008-01-17
2009-01-30,2008-12-31,2009-01-21,0,2.145,94.75833333333334,0.032802117355558158,-0.012212742784534325,6.2300000000000004,0.063139931740614275,-0.012678288431061668,-0.125,-0.14187327823691454,-0.15582655826558256,-1.0299999999999994,-1.5,0.16401058677779079,4.2999999999999998,1,0,1,2008-01-17
2009-02-27,2009-01-31,2009-02-11,0,2.145,94.40000000000002,0.030347185249530506,-0.012842365967365876,6.2800000000000002,0.0080256821829856051,0.059021922428330598,-0.083211678832116664,-0.14905149051490507,0,-1.0999999999999996,-2.1000000000000001,0.50173592624765251,4.0999999999999996,2,0,0,2008-01-17
2009-03-31,2009-02-28,2009-03-11,0,2.145,93.649999999999991,0.037570100422931407,-0.0046348922314219942,6.0999999999999996,-0.02866242038216571,0.040955631399317349,-0.12482065997130565,-0.14685314685314699,-0.02866242038216571,-1.0500000000000007,-0.29999999999999999,0.52785050211465689,4,3,0,0,2008-01-17
2009-04-30,2009-03-31,2009-04-15,0,2.145,93.458333333333329,0.036407497781721254,0.0015129037470071882,6.3200000000000003,0.036065573770492021,0.014446227929374,0.0015847860538829028,-0.098430813124108396,0.0063694267515923553,-0.6899999999999995,-1.7,0.45703748890860629,4.0999999999999996,4,0,0,2008-01-17
2009-05-29,2009-04-30,2009-05-13,0,2.145,93.250000000000014,0.038772510106578562,0.0031411609789828709,6.7000000000000002,0.060126582278480889,0.066878980891719841,0.12984822934232731,-0.075862068965517171,0.066878980891719841,-0.54999999999999982,-1.6000000000000001,0.53386255053289267,3.7000000000000002,5,0,0,2008-01-17
2009-06-30,2009-05-31,2009-06-10,0,2.145,93.491666666666674,0.034845592466410391,0.0047060729699075488,7.0599999999999996,0.053731343283581978,0.15737704918032791,0.20477815699658697,-0.047233468286099978,0.12420382165605082,-0.35000000000000053,-2.1000000000000001,0.2092279623320521,3.7000000000000002,6,0,0,2008-01-17
2009-07-31,2009-06-30,2009-07-10,0,2.145,93.266666666666666,0.03409482993444346,0.0063752008372517377,7.2400000000000002,0.025495750708215414,0.14556962025316444,0.1621187800963082,0.016853932584269593,0.15286624203821653,0.12000000000000011,-1,0.25547414967221743,3.6000000000000001,7,0,0,2008-01-17
2009-08-31,2009-07-31,2009-08-11,0,0.14499999999999999,93.116666666666674,0.032299998194522228,0.0055228656962940104,7.6200000000000001,0.052486187845303789,0.13731343283582098,0.21337579617834401,0.11240875912408765,0.21337579617834401,0.77000000000000046,-0.20000000000000001,0.41149999097261114,3.5,8,0,0,2008-01-17
2009-09-30,2009-08-31,2009-09-10,0,0.14499999999999999,93.216666666666654,0.030751811594202927,0.005127489366703486,7.8200000000000003,0.026246719160105014,0.10764872521246471,0.28196721311475414,0.12195121951219523,0.24522292993630579,0.85000000000000053,4.0999999999999996,0.17875905797101463,3.3999999999999999,9,0,0,2008-01-17
2009-10-30,2009-09-30,2009-10-14,0,0.14499999999999999,92.674999999999997,0.035244717355968902,0.0073843076108381922,8.1300000000000008,0.039641943734015417,0.1229281767955801,0.28639240506329111,0.28843106180665634,0.29458598726114649,1.8200000000000012,20.100000000000001,0.36622358677984435,3.7000000000000002,10,1,0,2008-01-17
2009-11-30,2009-10-31,2009-11-10,0,0.14499999999999999,92.541666666666671,0.039630801592122733,0.010518882497462245,8.3399999999999999,0.025830258302582898,0.094488188976378007,0.24477611940298494,0.40640809443507586,0.32802547770700619,2.4100000000000001,18.699999999999999,0.41815400796061397,3.3999999999999999,11,1,1,2008-01-17
2009-12-31,2009-11-30,2009-12-09,0,0.14499999999999999,92.408333333333346,0.040413099605924652,0.010588814508365907,8.5600000000000005,0.026378896882494063,0.094629156010230142,0.21246458923512757,0.46075085324232079,0.36305732484076425,2.7000000000000002,17,0.39206549802962309,3.5,12,1,1,2008-01-17
2010-01-29,2009-12-31,2010-01-20,0.1613,0,91.741666666666674,0.040811319211580876,0.029299559698036548,8.5500000000000007,-0.0011682242990653791,0.051660516605166018,0.18093922651933703,0.37239165329052981,0.36146496815286633,2.3200000000000003,21.399999999999999,0.45905659605790411,4.2000000000000002,1,0,1,2010-01-25
2010-02-26,2010-01-31,2010-02-17,0.1613,0,92.125,0.04577100897470765,0.042105418508379122,8.7699999999999996,0.025730994152046716,0.05155875299760182,0.15091863517060355,0.39649681528662417,0,2.4899999999999993,20.300000000000001,0.34885504487353852,3.6000000000000001,2,0,0,2010-01-25
2010-03-31,2010-02-28,2010-03-17,0.1613,0,92.225000000000009,0.048106016394473095,0.049732915822435109,9.0099999999999998,0.027366020524515422,0.052570093457943834,0.15217391304347827,0.47704918032786892,0.027366020524515422,2.9100000000000001,19.199999999999999,0.52053008197236517,3.5,3,0,0,2010-01-25
2010-04-30,2010-03-31,2010-04-14,0.1613,0,92.033333333333317,0.052465419910640243,0.04551654347060885,9.2599999999999998,0.027746947835738167,0.083040935672514582,0.13899138991389903,0.46518987341772133,0.05587229190421894,2.9399999999999995,20.800000000000001,0.65232709955320112,3.7999999999999998,4,0,0,2010-01-25
2010-05-31,2010-04-30,2010-05-19,0.1613,0,92.158333333333346,0.054581638068282423,0.049888533630577214,9.5199999999999996,0.028077753779697678,0.085518814139110555,0.14148681055155876,0.4208955223880595,0.085518814139110555,2.8199999999999994,20.100000000000001,0.53790819034141202,3.6000000000000001,5,0,0,2010-01-25
2010-06-30,2010-05-31,2010-06-16,0.1613,0,92.183333333333337,0.060230542463238779,0.053386208868136276,9.3699999999999992,-0.015756302521008458,0.039955604883462836,0.094626168224298812,0.32719546742209626,0.068415051311288444,2.3099999999999996,19.5,0.32115271231619419,3.5,6,0,0,2010-01-25
2010-07-30,2010-06-30,2010-07-14,0.1613,0,92.016666666666694,0.06353554777019732,0.057276981552139672,9.4399999999999995,0.0074706510138740079,0.019438444924406051,0.10409356725146179,0.30386740331491713,0.076396807297605562,2.1999999999999993,18.699999999999999,0.50267773885098677,3.5,7,0,0,2010-01-25
2010-08-31,2010-07-31,2010-08-18,0.1613,0,92.091666666666683,0.0637155449839093,0.062727786047944267,9.7799999999999994,0.036016949152542388,0.027310924369747802,0.11516533637400217,0.2834645669291338,0.11516533637400217,2.1599999999999993,18.300000000000001,0.52357772491954624,3.3999999999999999,8,0,0,2010-01-25
2010-09-30,2010-08-31,2010-09-16,0.1613,0,91.891666666666652,0.07282393778285523,0.058950353365929464,9.8599999999999994,0.0081799591002045258,0.052294557097118499,0.094339622641509413,0.26086956521739113,0.12428734321550738,2.0399999999999991,18.199999999999999,0.50911968891427639,3.7000000000000002,9,0,0,2010-01-25
2010-10-29,2010-09-30,2010-10-14,0.1613,0,92.033333333333346,0.065298360998927052,0.065847497225629548,10.119999999999999,0.026369168356997985,0.072033898305084776,0.092872570194384441,0.24477244772447704,0.153933865450399,1.9899999999999984,17.600000000000001,0.43149180499463496,3.5,10,1,0,2010-01-25
2010-11-30,2010-10-31,2010-11-17,0.1613,0,92.391666666666666,0.06847833670550485,0.06524429303517354,9.3100000000000005,-0.080039525691699476,-0.048057259713701339,-0.022058823529411686,0.116306954436451,0.061573546180159644,0.97000000000000064,16.899999999999999,0.34739168352752398,3.3999999999999999,11,1,1,2010-01-25
2010-12-31,2010-11-30,2010-12-15,1.1613,0,92.266666666666666,0.065627013565992653,0.069127741259961573,9.3800000000000008,0.0075187969924812581,-0.04868154158214999,0.0010672358591250486,0.095794392523364413,0.069555302166476762,0.82000000000000028,17.199999999999999,0.59313506782996317,3.2999999999999998,12,1,1,2010-12-16
2011-01-31,2010-12-31,2011-01-20,1.3987000000000001,0.1613,92.375,0.066329648837899713,0.033842989666426293,9.1300000000000008,-0.026652452025586304,-0.097826086956521618,-0.032838983050847315,0.067836257309941583,0.041049030786773244,0.58000000000000007,17.100000000000001,0.5216482441894984,3.3999999999999999,1,0,1,2011-01-25
2011-02-28,2011-01-31,2011-02-16,1.3987000000000001,0.1613,92.25833333333334,0.061590339722084941,0.027814166247707606,9.3100000000000005,0.019715224534501585,0,-0.048057259713701339,0.061573546180159644,0,0.54000000000000092,17.699999999999999,0.49795169861042454,3.2999999999999998,2,0,0,2011-01-25
2011-03-31,2011-02-28,2011-03-16,1.3987000000000001,0.1613,92.175000000000011,0.060109476858236865,0.022621512546060707,9.5099999999999998,0.021482277121374738,0.013859275053304865,-0.035496957403651108,0.055493895671476112,0.021482277121374738,0.5,17.899999999999999,0.63054738429118407,3.2999999999999998,3,0,0,2011-01-25
2011-04-29,2011-03-31,2011-04-14,1.3987000000000001,0.1613,92.225000000000009,0.055425627467927674,0.023973347361038178,9.6400000000000006,0.013669821240799296,0.055859802847754603,-0.047430830039525529,0.04103671706263512,0.035445757250268439,0.38000000000000078,18,0.63712813733963847,3.6000000000000001,4,0,0,2011-01-25
2011-05-31,2011-04-30,2011-05-18,1.3987000000000001,0.1613,92.283333333333346,0.053476025530273086,0.024398080563257984,9.9100000000000001,0.028008298755186622,0.064446831364124657,0.064446831364124657,0.040966386554621925,0.064446831364124657,0.39000000000000057,18.100000000000001,0.49738012765136513,3.2999999999999998,5,0,0,2011-01-25
2011-06-30,2011-05-31,2011-06-16,1.3987000000000001,0.1613,92.074999999999989,0.05034881204109154,0.02237933530033942,9.9700000000000006,0.0060544904137236344,0.048370136698212551,0.062899786780383771,0.064034151547492257,0.070891514500537101,0.60000000000000142,18.5,0.39674406020545799,3.2000000000000002,6,0,0,2011-01-25
2011-07-29,2011-06-30,2011-07-14,1.3987000000000001,0.1613,92.408333333333317,0.047537667698658304,0.020198381912889252,9.8800000000000008,-0.0090270812437311942,0.024896265560165887,0.082146768893756938,0.046610169491525522,0.061224489795918435,0.44000000000000128,18.399999999999999,0.23768833849329152,3.2999999999999998,7,0,0,2011-01-25
2011-08-31,2011-07-31,2011-08-17,1.3987000000000001,0.1613,92.700000000000003,0.04715631628274064,0.021480668778161904,9.9100000000000001,0.0030364372469635637,0,0.064446831364124657,0.013292433537832382,0.064446831364124657,0.13000000000000078,17.399999999999999,0.26578158141370289,3.1000000000000001,8,0,0,2011-01-25
2011-09-30,2011-08-31,2011-09-15,1.3987000000000001,0.1613,93.074999999999989,0.046452384462901897,0.025812151035591757,9.6500000000000004,-0.026236125126135157,-0.032096288866599876,0.014721345951629994,-0.021298174442190621,0.036519871106337254,-0.20999999999999908,16.800000000000001,0.23226192231450948,3.2000000000000002,9,0,0,2011-01-25
2011-10-31,2011-09-30,2011-10-12,1.3987000000000001,0.1613,92.950000000000003,0.045189922131516624,0.019577085630912316,9.3699999999999992,-0.029015544041450902,-0.051619433198380693,-0.028008298755186845,-0.07411067193675891,0.0064446831364122215,-0.75,16.899999999999999,0.40594961065758284,3.1000000000000001,10,1,0,2011-01-25
2011-11-30,2011-10-31,2011-11-16,1.3987000000000001,0.1613,93.016666666666652,0.046377615984850795,0.025290592391638667,9.6300000000000008,0.0277481323372466,-0.028254288597376331,-0.028254288597376331,0.034371643394199847,0.034371643394199847,0.32000000000000028,16.699999999999999,0.23188807992425398,2.8999999999999999,11,1,1,2011-01-25
2011-12-30,2011-11-30,2011-12-14,0.3987,1.1613,92.966666666666654,0.047653677389833726,0.024531574115006727,9.7100000000000009,0.0083073727933540287,0.0062176165803109473,-0.026078234704112302,0.035181236673774041,0.042964554242749697,0.33000000000000007,17,0.53326838694916889,3.3999999999999999,12,1,1,2011-01-25
2012-01-31,2011-12-31,2012-01-19,0.40720000000000001,1.3987000000000001,92.88333333333334,0.047473614397654851,0.046267130857648109,9.4700000000000006,-0.024716786817713721,0.01067235859124871,-0.041497975708502,0.037239868565169809,0.017185821697099923,0.33999999999999986,16.5,0.47736807198827413,3.2000000000000002,1,0,1,2012-01-24
2012-02-29,2012-01-31,2012-02-15,0.40720000000000001,1.3987000000000001,93.108333333333348,0.051247713613796764,0.049245268720160107,9.7799999999999994,0.032734952481520363,0.015576323987538832,-0.013118062563067689,0.050483351235230733,0,0.46999999999999886,15.9,0.31123856806898353,3.1000000000000001,2,0,0,2012-01-24
2012-03-30,2012-02-29,2012-03-14,0.40720000000000001,1.3987000000000001,93.25833333333334,0.053864925578163136,0.050542903814740026,10.06,0.028629856850715951,0.036045314109165671,0.042487046632124326,0.057833859095688833,0.028629856850715951,0.55000000000000071,15.800000000000001,0.50932462789081556,3,3,0,0,2012-01-24
2012-04-30,2012-03-31,2012-04-11,0.40720000000000001,1.3987000000000001,93.858333333333334,0.057380273774637836,0.055468412869110084,10.23,0.016898608349900535,0.080253431890179527,0.091782283884738636,0.061203319502074693,0.046012269938650485,0.58999999999999986,14.800000000000001,0.28690136887318918,3.2999999999999998,4,0,0,2012-01-24
2012-05-31,2012-04-30,2012-05-16,0.40720000000000001,1.3987000000000001,94.166666666666671,0.058109818720294193,0.059641347333969863,10.33,0.0097751710654936375,0.056237218813905976,0.07268951194184825,0.042381432896064553,0.056237218813905976,0.41999999999999993,13.9,0.33554909360147123,2.8999999999999999,5,0,0,2012-01-24
2012-06-29,2012-05-31,2012-06-13,0.40720000000000001,1.3987000000000001,94.533333333333346,0.05750970912261244,0.0634018513476724,10.220000000000001,-0.010648596321393922,0.015904572564612307,0.052523171987641559,0.025075225677031021,0.044989775051124781,0.25,13.5,0.2875485456130622,3,6,0,0,2012-01-24
2012-07-31,2012-06-30,2012-07-12,0.40720000000000001,1.3987000000000001,94.916666666666671,0.057486030437489788,0.066049265364873211,10.32,0.0097847358121330164,0.0087976539589442737,0.08975712777191136,0.044534412955465452,0.055214723926380493,0.4399999999999995,12.9,0.28743015218744894,3,7,0,0,2012-01-24
2012-08-31,2012-07-31,2012-08-15,0.40720000000000001,1.3987000000000001,95.041666666666686,0.053998461224425753,0.070909385681667603,10.49,0.016472868217054293,0.015488867376573179,0.072597137014315027,0.058526740665993948,0.072597137014315027,0.58000000000000007,13,0.26999230612212877,2.7000000000000002,8,0,0,2012-01-24
2012-09-28,2012-08-31,2012-09-13,0.40720000000000001,1.3987000000000001,94.950000000000003,0.050088843314834319,0.071915388910941624,10.630000000000001,0.013346043851286904,0.040117416829745567,0.056660039761431413,0.10155440414507777,0.086912065439672892,0.98000000000000043,14.9,0.2504442165741716,2.8999999999999999,9,0,0,2012-01-24
2012-10-31,2012-09-30,2012-10-10,0.40720000000000001,1.3987000000000001,95.083333333333329,0.048672913010779695,0.079747388222647819,10.84,0.019755409219190945,0.050387596899224674,0.059628543499511188,0.1568836712913555,0.10838445807770958,1.4700000000000006,14.800000000000001,0.34336456505389845,2.8999999999999999,10,1,0,2012-01-24
2012-11-30,2012-10-31,2012-11-14,1.4072,1.3987000000000001,95.066666666666677,0.040796268272516034,0.078958944281524612,9.9299999999999997,-0.083948339483394863,-0.053384175405147838,-0.038722168441432725,0.031152647975077663,0.015337423312883569,0.29999999999999893,15,0.20398134136258017,2.3999999999999999,11,1,1,2012-11-19
2012-12-31,2012-11-30,2012-12-12,1.4072,0.3987,95.358333333333334,0.036306204422259514,0.078497364612790443,10.08,0.015105740181268867,-0.051740357478833543,-0.013698630136986356,0.038105046343975157,0.030674846625766916,0.36999999999999922,14.300000000000001,0.30153102211129784,2.7000000000000002,12,1,1,2012-11-19
2013-01-31,2012-12-31,2013-01-18,1.2845,0.40720000000000001,95.549999999999997,0.036113781863377437,0.080948859810122231,9.9399999999999995,-0.013888888888888951,-0.083025830258302569,-0.036821705426356655,0.049630411826821375,0.016359918200409052,0.46999999999999886,14.5,0.30556890931688718,3.1000000000000001,1,0,1,2013-01-23
2013-02-28,2013-01-31,2013-02-13,1.2845,0.40720000000000001,95.233333333333306,0.026751592356687892,0.080256600502958131,10.210000000000001,0.027162977867203342,0.028197381671702049,-0.026692087702573808,0.043967280163599298,0,0.43000000000000149,15.4,0.37875796178343973,2.5,2,0,0,2013-01-23
2013-03-29,2013-02-28,2013-03-13,1.2845,0.40720000000000001,95.25,0.019636558809998483,0.082280383112725453,10.390000000000001,0.017629774730656189,0.030753968253968367,-0.022577610536218318,0.032803180914512842,0.017629774730656189,0.33000000000000007,15.300000000000001,0.32818279404999212,2.6000000000000001,3,0,0,2013-01-23
2013-04-30,2013-03-31,2013-04-10,1.2845,0.40720000000000001,95.158333333333346,0.016651227771787847,0.081153344452304044,10.59,0.019249278152069227,0.065392354124748531,-0.023062730627306238,0.035190615835777095,0.037218413320274202,0.35999999999999943,15.199999999999999,0.13825613885893895,2.7999999999999998,4,0,0,2013-01-23
2013-05-31,2013-04-30,2013-05-15,1.2845,0.40720000000000001,94.841666666666683,0.012324500022572238,0.079076232087357479,10.85,0.02455146364494798,0.062683643486777463,0.092648539778449113,0.050338818973862498,0.062683643486777463,0.51999999999999957,16.5,0.29662250011286134,2.5,5,0,0,2013-01-23
2013-06-28,2013-05-31,2013-06-12,1.2845,0.40720000000000001,94.483333333333334,0.011519493951703375,0.077466636797132393,10.98,0.011981566820276512,0.05678537054860433,0.089285714285714413,0.074363992172211235,0.075416258570029315,0.75999999999999979,17.5,0.19759746975851672,2.6000000000000001,6,0,0,2013-01-23
2013-07-31,2013-06-30,2013-07-11,1.2845,0.40720000000000001,94.074999999999989,0.0086974667789561089,0.077471785596005427,10.869999999999999,-0.010018214936247882,0.026440037771482405,0.093561368209255535,0.053294573643410725,0.064642507345739286,0.54999999999999893,18.300000000000001,0.043487333894780544,2.7000000000000002,7,0,0,2013-01-23
2013-08-30,2013-07-31,2013-08-14,1.2845,0.40720000000000001,93.725000000000009,0.009355540327145917,0.072459014325273907,11.15,0.02575896964121438,0.027649769585253559,0.092066601371204593,0.062917063870352674,0.092066601371204593,0.66000000000000014,18.899999999999999,0.21177770163572945,2.3999999999999999,8,0,0,2013-01-23
2013-09-30,2013-08-31,2013-09-12,1.2845,0.40720000000000001,93.63333333333334,0.0098619476414811835,0.072318951557223787,11.07,-0.0071748878923766357,0.0081967213114753079,0.065447545717035593,0.041392285983066657,0.084231145935357521,0.4399999999999995,17.699999999999999,0.079309738207405639,2.7000000000000002,9,0,0,2013-01-23
2013-10-31,2013-09-30,2013-10-09,1.2845,0.40720000000000001,93.708333333333357,0.014492645356003697,0.065886818280807669,11.32,0.02258355916892496,0.041398344066237547,0.068932955618508096,0.044280442804428111,0.10871694417237987,0.48000000000000043,17.5,0.1274632267800182,2.7999999999999998,10,1,0,2013-01-23
2013-11-29,2013-10-31,2013-11-13,0.28449999999999998,1.4072,93.291666666666671,0.018167101358036009,0.063599918461642924,11.68,0.03180212014134276,0.047533632286995475,0.07649769585253452,0.17623363544813686,0.14397649363369225,1.75,17.899999999999999,0.31583550679018002,2.3999999999999999,11,1,1,2013-01-23
2013-12-31,2013-11-30,2013-12-11,0.28449999999999998,1.4072,93.383333333333326,0.023639647776021677,0.063797571199074143,11.85,0.014554794520547976,0.07046070460704601,0.079234972677595605,0.17559523809523814,0.16062683643486775,1.7699999999999996,18,0.18319823888010825,2.7999999999999998,12,1,1,2013-01-23
2014-01-31,2013-12-31,2014-01-22,1,1.2845,93.583333333333329,0.023847784592867516,0.059061730807991264,10.390000000000001,-0.12320675105485224,-0.082155477031802038,-0.04415823367065308,0.045271629778672162,0.017629774730656189,0.45000000000000107,17.699999999999999,0.12423892296433729,2.8999999999999999,1,0,1,2014-01-27
2014-02-28,2014-01-31,2014-02-12,1,1.2845,93.63333333333334,0.027325546208315732,0.056411908437777214,10.51,0.011549566891241536,-0.10017123287671237,-0.05739910313901353,0.029382957884426908,0,0.29999999999999893,18,0.35162773104157852,2.3999999999999999,2,0,0,2014-01-27
2014-03-31,2014-02-28,2014-03-12,1,1.2845,94.116666666666674,0.026093953271520087,0.05196310426425832,10.720000000000001,0.019980970504281714,-0.095358649789029415,-0.031616982836494945,0.031761308950914335,0.019980970504281714,0.33000000000000007,17.199999999999999,0.13046976635760044,2.6000000000000001,3,0,0,2014-01-27
2014-04-30,2014-03-31,2014-04-09,1,1.2845,93.858333333333334,0.029777064117405549,0.054725203486278184,10.859999999999999,0.013059701492537101,0.045235803657362794,-0.040636042402826922,0.025495750708215192,0.033301617507136116,0.26999999999999957,17.899999999999999,0.35888532058702788,2.7000000000000002,4,0,0,2014-01-27
2014-05-30,2014-04-30,2014-05-14,1,1.2845,93.616666666666674,0.028555714115828357,0.053483684762904327,11.130000000000001,0.024861878453038777,0.05899143672692686,-0.047089041095890294,0.025806451612903292,0.05899143672692686,0.28000000000000114,18.100000000000001,0.52277857057914145,2.2000000000000002,5,0,0,2014-01-27
2014-06-30,2014-05-31,2014-06-11,1,1.2845,93.575000000000003,0.025688522039373884,0.054836103553564719,11.380000000000001,0.022461814914645162,0.061567164179104461,-0.039662447257383882,0.03642987249544638,0.082778306374881261,0.40000000000000036,17.699999999999999,0.29344261019686929,2.3999999999999999,6,0,0,2014-01-27
2014-07-31,2014-06-30,2014-07-10,1,1.2845,93.72499999999998,0.025342830121763749,0.052862108100439897,11.48,0.0087873462214411724,0.057090239410681587,0.10490856592877762,0.056117755289788462,0.092293054234062755,0.61000000000000121,17.300000000000001,0.12671415060881874,2.5,7,0,0,2014-01-27
2014-08-29,2014-07-31,2014-08-13,1,1.2845,93.633333333333326,0.02198394190748898,0.052206236986672039,11.52,0.0034843205574912606,0.035040431266846195,0.096098953377735441,0.033183856502241982,0.096098953377735441,0.36999999999999922,17.5,0.3299197095374452,2.1000000000000001,8,0,0,2014-01-27
2014-09-30,2014-08-31,2014-09-11,1,1.2845,93.416666666666671,0.019597711754936409,0.054804382945845331,11.77,0.02170138888888884,0.034270650263620306,0.097947761194029814,0.063233965672989889,0.11988582302568984,0.69999999999999929,17.699999999999999,0.25798855877468219,2.3999999999999999,9,0,0,2014-01-27
2014-10-31,2014-09-30,2014-10-10,1,1.2845,93.283333333333346,0.018961568766062031,0.055994022322888082,11.77,0,0.025261324041811806,0.083793738489871039,0.039752650176678284,0.11988582302568984,0.44999999999999929,18.100000000000001,0.2298078438303103,2.6000000000000001,10,1,0,2014-01-27
2014-11-28,2014-10-31,2014-11-12,1,0.28449999999999998,93.391666666666666,0.017806141978034873,0.055597823246197331,12.01,0.020390824129141949,0.042534722222222321,0.079065588499550588,0.028253424657534332,0.14272121788772596,0.33000000000000007,17.899999999999999,0.24903070989017451,2.1000000000000001,11,1,1,2014-01-27
2014-12-31,2014-11-30,2014-12-10,1,0.28449999999999998,93.241666666666674,0.016373675658586384,0.057657146824662275,12.210000000000001,0.016652789342214813,0.037383177570093462,0.07293497363796142,0.0303797468354432,0.16175071360608961,0.36000000000000121,17.699999999999999,0.23686837829293164,2.3999999999999999,12,1,1,2014-01-27
2015-01-30,2014-12-31,2015-01-28,0,1,92.533333333333317,0.015149952103750586,0.075831761795187136,11.789999999999999,-0.034398034398034572,0.0016992353440952179,0.027003484320557325,0.13474494706448503,0.12178877259752618,1.3999999999999986,19.100000000000001,0.50574976051875264,2.6000000000000001,1,0,1,2014-01-27
2015-02-27,2015-01-31,2015-02-18,0.68620000000000003,1,92.649999999999991,0.01779139297181076,0.084549748853587126,11.890000000000001,0.0084817642069552335,-0.0099916736053288213,0.03211805555555558,0.1313035204567079,0,1.3800000000000008,17.899999999999999,0.2339569648590541,2.2000000000000002,2,0,0,2015-02-02
2015-03-31,2015-02-28,2015-03-18,0.68620000000000003,1,92.450000000000003,0.021458252412954071,0.090185006656567257,12.1,0.01766190075693852,-0.009009009009009139,0.028037383177570208,0.12873134328358193,0.01766190075693852,1.379999999999999,18.300000000000001,0.16729126206477049,2.2999999999999998,3,0,0,2015-02-02
2015-04-30,2015-03-31,2015-04-15,0.68620000000000003,1,92.299999999999997,0.016441594987017805,0.083607928838503875,12.26,0.013223140495867813,0.039864291772688798,0.041631265930331285,0.12891344383057102,0.03111858704793935,1.4000000000000004,18.199999999999999,0.38220797493508901,2.5,4,0,0,2015-02-02
2015-05-29,2015-04-30,2015-05-21,0.68620000000000003,1,92.341666666666654,0.017790816990157943,0.088268757252426999,12.5,0.019575856443719397,0.051303616484440706,0.04079933388842627,0.12309074573225498,0.051303616484440706,1.3699999999999992,18.5,0.44395408495078942,2.2000000000000002,5,0,0,2015-02-02
2015-06-30,2015-05-31,2015-06-17,0.68620000000000003,1,92.475000000000009,0.020270172650437068,0.094521003103019252,12.6,0.0080000000000000071,0.041322314049586861,0.031941031941031817,0.10720562390158173,0.059714045416316086,1.2199999999999989,18.199999999999999,0.18635086325218547,2.3999999999999999,6,0,0,2015-02-02
2015-07-31,2015-06-30,2015-07-17,0.68620000000000003,1,92.258333333333326,0.020695519333592705,0.1036891067207879,12.56,-0.0031746031746030523,0.024469820554649413,0.065309584393554054,0.094076655052264702,0.056349873843565934,1.0800000000000001,18.699999999999999,0.14347759666796339,2.6000000000000001,7,0,0,2015-02-02
2015-08-31,2015-07-31,2015-08-19,0.68620000000000003,1,92.383333333333326,0.024168333489785976,0.11018815611479416,12.789999999999999,0.018312101910827883,0.023199999999999887,0.07569386038687953,0.11024305555555558,0.07569386038687953,1.2699999999999996,18.399999999999999,0.26584166744893017,2.2000000000000002,8,0,0,2015-02-02
2015-09-30,2015-08-31,2015-09-17,0.68620000000000003,1,92.324999999999989,0.029682183450372879,0.1120156264739991,12.69,-0.0078186082877247376,0.0071428571428571175,0.048760330578512479,0.078164825828377138,0.06728343145500415,0.91999999999999993,18.5,0.34341091725186468,2.5,9,0,0,2015-02-02
2015-10-30,2015-09-30,2015-10-16,0.68620000000000003,1,92.308333333333337,0.031262646701740282,0.12435321952945322,12.76,0.0055161544523247841,0.015923566878980777,0.040783034257748874,0.084112149532710401,0.073170731707316916,0.99000000000000021,18.100000000000001,0.30131323350870171,2.3999999999999999,10,1,0,2015-02-02
2015-11-30,2015-10-31,2015-11-18,0.68620000000000003,1,92.408333333333346,0.035546137657209487,0.13004797640793164,13.16,0.031347962382445083,0.028928850664581729,0.052799999999999958,0.095753538717735287,0.1068124474348191,1.1500000000000004,17.899999999999999,0.27773068828604741,2.2000000000000002,11,1,1,2015-02-02
2015-12-31,2015-11-30,2015-12-16,0.68620000000000003,1,92.424999999999997,0.036784386348182041,0.1346192771216157,13.279999999999999,0.0091185410334346795,0.046493301812450705,0.053968253968253999,0.087633087633087525,0.11690496215306978,1.0699999999999985,17.899999999999999,0.3289219317409105,2.5,12,1,1,2015-02-02
2016-01-29,2015-12-31,2016-01-27,0.68620000000000003,0,92.50833333333334,0.039479987805409067,0.10235545120238432,12.49,-0.059487951807228878,-0.021159874608150386,-0.0055732484076432831,0.059372349448685524,0.050462573591253168,0.70000000000000107,17.199999999999999,0.57739993902704501,2.5,1,0,1,2015-02-02
2016-02-29,2016-01-31,2016-02-17,0.88819999999999999,0.68620000000000003,92.508333333333326,0.042760397071166079,0.10431940922450122,12.529999999999999,0.0032025620496396456,-0.047872340425532012,-0.020328381548084473,0.05382674516400332,0,0.63999999999999879,17.300000000000001,0.35880198535583069,2.2999999999999998,2,0,0,2016-02-01
2016-03-31,2016-02-29,2016-03-16,0.88819999999999999,0.68620000000000003,92.391666666666666,0.049655973998952607,0.10868512474997361,12.58,0.0039904229848364281,-0.052710843373493965,-0.0086682427107958038,0.03966942148760344,0.0039904229848364281,0.48000000000000043,17.399999999999999,0.37827986999476276,2.5,3,0,0,2016-02-01
2016-04-29,2016-03-31,2016-04-14,0.88819999999999999,0.68620000000000003,93.024999999999991,0.053229063354001793,0.11949328795613523,12.970000000000001,0.031001589825119247,0.038430744595676636,0.016457680250783868,0.057911908646003374,0.035115722266560345,0.71000000000000085,16.5,0.26614531677000897,2.3999999999999999,4,0,0,2016-02-01
2016-05-31,2016-04-30,2016-05-18,0.88819999999999999,0.68620000000000003,93.816666666666663,0.058183289787572479,0.12237138443453865,13.140000000000001,0.013107170393215073,0.048683160415003979,-0.0015197568389057059,0.051200000000000134,0.048683160415003979,0.64000000000000057,14.699999999999999,0.29091644893786239,2.1000000000000001,5,0,0,2016-02-01
2016-06-30,2016-05-31,2016-06-15,0.88819999999999999,0.68620000000000003,93.941666666666663,0.0617264720043047,0.11886618678384187,13.27,0.0098934550989344672,0.054848966613672445,-0.00075301204819278045,0.053174603174603208,0.059058260175578692,0.66999999999999993,14.6,0.31863236002152362,2.2999999999999998,6,0,0,2016-02-01
2016-07-29,2016-06-30,2016-07-14,0.88819999999999999,0.68620000000000003,94.008333333333326,0.064597658952600057,0.11930026247787229,13.470000000000001,0.015071590052750716,0.038550501156515038,0.078462770216172872,0.072452229299363013,0.075019952114924182,0.91000000000000014,14.1,0.32298829476300028,2.2999999999999998,7,0,0,2016-02-01
2016-08-31,2016-07-31,2016-08-17,0.88819999999999999,0.68620000000000003,94.358333333333334,0.068150090951393905,0.12126521857345707,13.76,0.021529324424647278,0.047184170471841647,0.098164405426975243,0.075840500390930377,0.098164405426975243,0.97000000000000064,13.6,0.34075045475696952,2.2999999999999998,8,0,0,2016-02-01
2016-09-30,2016-08-31,2016-09-15,0.88819999999999999,0.68620000000000003,94.841666666666683,0.068747802854531415,0.12287355346743656,13.83,0.0050872093023255349,0.042200452147701517,0.099364069952305289,0.08983451536643039,0.10375099760574624,1.1400000000000006,12.800000000000001,0.34373901427265707,2.2999999999999998,9,0,0,2016-02-01
2016-10-31,2016-09-30,2016-10-13,0.88819999999999999,0.68620000000000003,94.941666666666663,0.065710361452537391,0.11315151604544971,13.94,0.0079537237888647194,0.034892353377876661,0.074787972243639089,0.092476489028213038,0.11252992817238638,1.1799999999999997,12.800000000000001,0.41355180726268709,2.2000000000000002,10,1,0,2016-02-01
2016-11-30,2016-10-31,2016-11-16,0.88819999999999999,0.68620000000000003,95.199999999999989,0.066486947047895706,0.11755025731159319,13.93,-0.00071736011477763206,0.012354651162790775,0.060121765601217625,0.058510638297872397,0.1117318435754191,0.76999999999999957,12.4,0.33243473523947853,2.1000000000000001,11,1,1,2016-02-01
2016-12-30,2016-11-30,2016-12-14,0.88819999999999999,0.68620000000000003,95.016666666666666,0.066360598089629796,0.11554205539885731,14.050000000000001,0.0086145010768126085,0.015907447577729661,0.058779201205727327,0.057981927710843539,0.12130885873902653,0.77000000000000135,13.1,0.58680299044814865,2.2999999999999998,12,1,1,2016-02-01
2017-01-31,2016-12-31,2017-01-25,0.88819999999999999,0.68620000000000003,95.058333333333337,0.065933452044272256,0.13564967905076841,13.720000000000001,-0.023487544483985823,-0.015781922525107572,0.018559762435040872,0.098478783026421102,0.094972067039106323,1.2300000000000004,13.199999999999999,0.68466726022136104,2.5,1,0,1,2016-02-01
2017-02-28,2017-01-31,2017-02-15,0.68079999999999996,0.88819999999999999,94.77500000000002,0.063009117275641291,0.13227198047674404,14.1,0.027696793002915276,0.012203876525484603,0.024709302325581328,0.12529928172386273,0,1.5700000000000003,14.199999999999999,0.63004558637820629,2.2000000000000002,2,0,0,2017-02-01
2017-03-31,2017-02-28,2017-03-17,0.68079999999999996,0.88819999999999999,94.524999999999991,0.059528366370471542,0.13172987447063078,14.49,0.027659574468085202,0.031316725978647542,0.047722342733188761,0.15182829888712246,0.027659574468085202,1.9100000000000001,14.5,0.5776418318523574,2.3999999999999999,3,0,0,2017-02-01
2017-04-28,2017-03-31,2017-04-18,0.68079999999999996,0.88819999999999999,94.341666666666683,0.061039638504427174,0.12716038957383335,14.67,0.012422360248447228,0.069241982507288524,0.052367288378766252,0.13107170393215095,0.04042553191489362,1.6999999999999993,14.9,0.33519819252213556,2.3999999999999999,4,0,0,2017-02-01
2017-05-31,2017-04-30,2017-05-17,0.68079999999999996,0.88819999999999999,93.550000000000011,0.061707024147393819,0.130953815354101,15.109999999999999,0.02999318336741652,0.071631205673758913,0.084709260588657465,0.14992389649923887,0.071631205673758913,1.9699999999999989,16.5,0.66353512073696885,2.2000000000000002,5,0,0,2017-02-01
2017-06-30,2017-05-31,2017-06-14,0.68079999999999996,0.88819999999999999,93.600000000000009,0.062425810581911767,0.1344554045664621,15.35,0.01588352084712108,0.059351276742581005,0.092526690391458999,0.15674453654860598,0.088652482269503619,2.0800000000000001,16.399999999999999,0.31212905290955884,2.3999999999999999,6,0,0,2017-02-01
2017-07-31,2017-06-30,2017-07-18,0.68079999999999996,0.88819999999999999,93.541666666666671,0.062687339186715763,0.12877145622861219,15.48,0.0084690553745929709,0.055214723926380493,0.12827988338192409,0.1492204899777283,0.097872340425531945,2.0099999999999998,16.600000000000001,0.34843669593357895,2.2999999999999998,7,0,0,2017-02-01
2017-08-31,2017-07-31,2017-08-16,0.68079999999999996,0.88819999999999999,92.941666666666663,0.069293729372937207,0.13475683685841311,15.880000000000001,0.025839793281653867,0.050959629384513594,0.12624113475177312,0.15406976744186052,0.12624113475177312,2.120000000000001,17.899999999999999,0.6414686468646863,2.2000000000000002,8,0,0,2017-02-01
2017-09-29,2017-08-31,2017-09-19,0.68079999999999996,0.88819999999999999,93.433333333333337,0.072858007473290964,0.13640807764781204,15.9,0.0012594458438286438,0.035830618892508159,0.097308488612836364,0.14967462039045554,0.12765957446808507,2.0700000000000003,16.899999999999999,0.36429003736645482,2.5,9,0,0,2017-02-01
2017-10-31,2017-09-30,2017-10-17,0.68079999999999996,0.88819999999999999,93.90000000000002,0.080990800833777188,0.1453368962699586,15.970000000000001,0.0044025157232705503,0.031653746770025748,0.08861622358554877,0.14562410329985664,0.13262411347517733,2.0300000000000011,16.300000000000001,0.40495400416888594,2.2999999999999998,10,1,0,2017-02-01
2017-11-30,2017-10-31,2017-11-15,0.68079999999999996,0.88819999999999999,93.516666666666666,0.086656712899296773,0.15144835037488513,16.309999999999999,0.021289918597369839,0.027078085642317173,0.079417604235605621,0.17085427135678377,0.15673758865248222,2.379999999999999,17.100000000000001,0.60828356449648391,2.2000000000000002,11,1,1,2017-02-01
2017-12-29,2017-11-30,2017-12-13,0.68079999999999996,0.88819999999999999,93.516666666666666,0.087814229817972489,0.15697435697954343,16.600000000000001,0.017780502759043637,0.044025157232704393,0.081433224755700362,0.18149466192170816,0.17730496453900724,2.5500000000000007,16.899999999999999,0.69407114908986212,2.3999999999999999,12,1,1,2017-02-01
2018-01-31,2017-12-31,2018-01-24,0.68079999999999996,0.88819999999999999,93.666666666666671,0.095488283425157361,0.16180015843449591,15.960000000000001,-0.038554216867469959,-0.00062617407639320444,0.031007751937984551,0.16326530612244894,0.13191489361702136,2.2400000000000002,17.800000000000001,0.74244141712578671,2.5,1,0,1,2017-02-01
2018-02-28,2018-01-31,2018-02-14,1.1247,0.68079999999999996,93.475000000000009,0.096238324314798174,0.17182302627112866,16.489999999999998,0.033208020050125242,0.011036174126302756,0.038413098236775634,0.16950354609929064,0,2.3899999999999988,20.5,0.91119162157399058,2.3999999999999999,2,0,0,2018-02-01
2018-03-30,2018-02-28,2018-03-14,1.1247,0.68079999999999996,93.258333333333326,0.098652336315955713,0.17961690452817836,16.59,0.0060642813826561337,-0.00060240963855429097,0.043396226415094219,0.14492753623188404,0.0060642813826561337,2.0999999999999996,20.199999999999999,0.90326168157977871,2.5,3,0,0,2018-02-01
2018-04-30,2018-03-31,2018-04-17,1.1247,0.68079999999999996,92.833333333333329,0.10075405921376079,0.19078418886128024,16.879999999999999,0.017480409885473058,0.057644110275689053,0.056981840951784601,0.15064758009543278,0.023650697392359143,2.2099999999999991,20.300000000000001,0.78877029606880411,2.7999999999999998,4,0,0,2018-02-01
2018-05-31,2018-04-30,2018-05-16,1.1247,0.68079999999999996,92.916666666666671,0.10635111223458038,0.19375194637032678,17.210000000000001,0.019549763033175571,0.043662825955124385,0.055180870631514445,0.13898080741230978,0.043662825955124385,2.1000000000000014,20.699999999999999,0.83675556117290162,2.5,5,0,0,2018-02-01
2018-06-29,2018-05-31,2018-06-13,1.1247,0.68079999999999996,92.408333333333317,0.10781156827668448,0.19713165756628692,17.75,0.031377106333526861,0.069921639541892677,0.069277108433734913,0.15635179153094469,0.076409945421467729,2.4000000000000004,22.399999999999999,0.82405784138342253,2.7999999999999998,6,0,0,2018-02-01
2018-07-31,2018-06-30,2018-07-17,1.1247,0.68079999999999996,92.183333333333323,0.11230647305131392,0.20619947176860864,18.039999999999999,0.016338028169013974,0.06872037914691953,0.13032581453634084,0.1653746770025839,0.093996361431170516,2.5599999999999987,23,0.73153236525656984,2.7999999999999998,7,0,0,2018-02-01
2018-08-31,2018-07-31,2018-08-15,1.1247,0.68079999999999996,92.075000000000003,0.11115569328016406,0.20840209102529084,18.629999999999999,0.032705099778270519,0.082510168506682025,0.12977562158884171,0.17317380352644829,0.12977562158884171,2.7499999999999982,24.800000000000001,0.91577846640082039,2.7999999999999998,8,0,0,2018-02-01
2018-09-28,2018-08-31,2018-09-13,1.1247,0.68079999999999996,91.11666666666666,0.11154442829724753,0.20901411755504262,19.170000000000002,0.02898550724637694,0.080000000000000071,0.15551537070524413,0.20566037735849063,0.16252274105518527,3.2700000000000014,27.300000000000001,0.74272214148623783,3.1000000000000001,9,0,0,2018-02-01
2018-10-31,2018-09-30,2018-10-16,1.1247,0.68079999999999996,90.299999999999997,0.10926664882357251,0.21170413790443865,19.489999999999998,0.016692749087115155,0.080376940133037644,0.15462085308056861,0.22041327489041929,0.18192844147968468,3.5199999999999978,28.899999999999999,0.84133324411786281,2.8999999999999999,10,1,0,2018-02-01
2018-11-30,2018-10-31,2018-11-14,1.1247,0.68079999999999996,90.583333333333329,0.10640657108937601,0.20748770336738542,19.359999999999999,-0.0066700872242174691,0.039184111647879716,0.12492736780941294,0.18700183936235448,0.1740448756822317,3.0500000000000007,26.600000000000001,0.53703285544687973,3,11,1,1,2018-02-01
2018-12-31,2018-11-30,2018-12-12,1.1247,0.68079999999999996,90.61666666666666,0.10628853267570881,0.20363258719105848,19.879999999999999,0.026859504132231482,0.037037037037036979,0.11999999999999988,0.19759036144578301,0.20557913887204382,3.2799999999999976,27,0.76644266337854416,3,12,1,1,2018-02-01
2019-01-31,2018-12-31,2019-01-23,1.1247,0.68079999999999996,90.516666666666652,0.10366994970787524,0.20189369787078792,17.710000000000001,-0.10915492957746475,-0.091328886608517124,-0.018292682926829174,0.10964912280701755,0.073984232868405275,1.75,24.699999999999999,0.84334974853937617,3.2000000000000002,1,0,1,2018-02-01
2019-02-28,2019-01-31,2019-02-13,2.5139999999999998,1.1247,90.61666666666666,0.10628948418250994,0.19676386887477659,18.82,0.062676453980801794,-0.027892561983471009,0.010198604401502998,0.14129775621588858,0,2.3300000000000018,25.5,0.90144742091255003,3.1000000000000001,2,0,0,2019-02-01
2019-03-29,2019-02-28,2019-03-13,2.5139999999999998,1.1247,90.875,0.10227185982466347,0.18994274334080163,19.239999999999998,0.022316684378320906,-0.032193158953722323,0.0036515388628062251,0.1597347799879445,0.022316684378320906,2.6499999999999986,27,0.76635929912331702,3.1000000000000001,3,0,0,2019-02-01
2019-04-30,2019-03-31,2019-04-16,2.6139999999999999,1.1247,90.59999999999998,0.10546464886687268,0.18424042027410081,19.890000000000001,0.033783783783783994,0.12309429700734054,0.020523345305284879,0.17831753554502372,0.056854410201912842,3.0100000000000016,27.100000000000001,0.97732324433436335,3.2000000000000002,4,0,0,2019-04-04
2019-05-31,2019-04-30,2019-05-15,2.6139999999999999,1.1247,90.391666666666666,0.10133147501842132,0.17818747253954292,20.739999999999998,0.042735042735042583,0.10201912858660989,0.071280991735537036,0.20511330621731538,0.10201912858660989,3.5299999999999976,28.800000000000001,0.93665737509210634,3,5,0,0,2019-04-04
2019-06-28,2019-05-31,2019-06-12,2.6139999999999999,1.1247,90.499999999999986,0.099517822438538017,0.1707074264197963,21.079999999999998,0.016393442622950838,0.095634095634095528,0.060362173038229328,0.1876056338028167,0.1200850159404887,3.3299999999999983,26.699999999999999,0.71758911219269039,3.2000000000000002,6,0,0,2019-04-04
2019-07-31,2019-06-30,2019-07-17,2.714,1.1247,90.50833333333334,0.097163470709020316,0.16532873150395044,21.98,0.042694497153700217,0.10507792860734044,0.24110671936758887,0.21840354767184045,0.16790648246546236,3.9400000000000013,28.300000000000001,0.6508173535451014,3.2999999999999998,7,0,0,2019-07-03
2019-08-30,2019-07-31,2019-08-14,2.714,1.1247,90.633333333333326,0.095397350073609166,0.15607049993122923,22.469999999999999,0.022292993630573132,0.083413693346190865,0.1939426142401699,0.2061191626409018,0.1939426142401699,3.8399999999999999,27.699999999999999,0.76198675036804597,3.1000000000000001,8,0,0,2019-07-03
2019-09-30,2019-08-31,2019-09-13,2.714,1.1247,90.725000000000009,0.092903560356145887,0.15255355693062111,23.050000000000001,0.025812194036493263,0.093453510436432685,0.19802494802494808,0.20239958268127278,0.2247608926673752,3.879999999999999,26.399999999999999,0.5945178017807291,3.1000000000000001,9,0,0,2019-07-03
2019-10-31,2019-09-30,2019-10-16,2.8140000000000001,1.1247,90.908333333333317,0.093233676429460344,0.1434945752322514,23.309999999999999,0.01127982646420822,0.060509554140127264,0.1719457013574659,0.19599794766546941,0.23857598299681171,3.8200000000000003,26.300000000000001,0.65116838214730188,2.8999999999999999,10,1,0,2019-10-04
2019-11-29,2019-10-31,2019-11-13,2.8140000000000001,1.1247,90.75,0.09141811368439412,0.13849137836491288,23.870000000000001,0.024024024024024149,0.06230529595015577,0.15091610414657675,0.23295454545454564,0.26833156216790655,4.5100000000000016,28.600000000000001,0.55709056842197058,3.2000000000000002,11,1,1,2019-10-04
2019-12-31,2019-11-30,2019-12-11,2.8140000000000001,1.1247,90.983333333333334,0.094777247371225393,0.13600332714666119,24.239999999999998,0.015500628403854133,0.051626898047722136,0.14990512333965844,0.21931589537223339,0.28799149840595106,4.3599999999999994,28.600000000000001,0.56888623685612727,2.7999999999999998,12,1,1,2019-10-04
2020-01-31,2019-12-31,2020-01-29,5.1639999999999997,1.1247,90.975000000000009,0.092333616892159132,0.15234637334061119,22.539999999999999,-0.07013201320132012,-0.033033033033033066,0.025477707006369421,0.27272727272727271,0.19766206163655675,4.8299999999999983,31.300000000000001,0.7916680844607954,2.7999999999999998,1,0,1,2020-01-07
2020-02-28,2020-01-31,2020-02-19,2.6500000000000004,2.5139999999999998,91.266666666666652,0.094118343577433539,0.14997020018817753,23.440000000000001,0.039929015084294583,-0.018014243820695386,0.043168669336893783,0.24548352816153041,0,4.620000000000001,28.800000000000001,0.66559171788716798,2.7999999999999998,2,0,0,2020-01-07
2020-03-31,2020-02-29,2020-03-17,2.6500000000000004,2.5139999999999998,91.216666666666683,0.096213469139880159,0.14489539748953972,23.850000000000001,0.017491467576791875,-0.016089108910890992,0.034707158351410028,0.23960498960498988,0.017491467576791875,4.610000000000003,26.300000000000001,0.76606734569940094,2.6000000000000001,3,0,0,2020-01-07
2020-04-30,2020-03-31,2020-04-15,2.6500000000000004,2.6139999999999999,90.391666666666652,0.082222257202974047,0.12775006640890174,23.68,-0.0071278825995807482,0.050576752440106398,0.015873015873015817,0.19054801407742583,0.010238907849829282,3.7899999999999991,26.800000000000001,1.3561112860148705,2.6000000000000001,4,0,0,2020-04-06
2020-05-29,2020-04-30,2020-05-20,2.6500000000000004,2.6139999999999999,90.058333333333337,0.083403783018427546,0.11594836251125296,25.739999999999998,0.086993243243243201,0.098122866894197802,0.078341013824884786,0.24108003857280624,0.098122866894197802,5,29.800000000000001,1.0470189150921374,2.6000000000000001,5,0,0,2020-04-06
2020-06-30,2020-05-31,2020-06-17,2.6500000000000004,2.6139999999999999,90.233333333333334,0.095740898198964253,0.1226767089530223,26.600000000000001,0.033411033411033575,0.11530398322851143,0.097359735973597594,0.26185958254269459,0.13481228668941969,5.5200000000000031,31.399999999999999,0.59370449099482114,2.6000000000000001,6,0,0,2020-04-06
2020-07-31,2020-06-30,2020-07-15,2.6500000000000004,2.714,89.75,0.096126607521795915,0.12346973264360317,27.629999999999999,0.038721804511278046,0.16680743243243246,0.22582076308784393,0.2570518653321201,0.17875426621160395,5.6499999999999986,31.199999999999999,0.93563303760897931,2.2999999999999998,7,0,0,2020-07-06
2020-08-31,2020-07-31,2020-08-19,2.6500000000000004,2.714,89.183333333333323,0.1010564112447192,0.12334995184408815,29.170000000000002,0.055736518277234914,0.13325563325563339,0.24445392491467577,0.29817534490431696,0.24445392491467577,6.7000000000000028,33.5,1.130282056223596,2.2000000000000002,8,0,0,2020-07-06
2020-09-30,2020-08-31,2020-09-17,2.6500000000000004,2.714,89.116666666666674,0.10480276607021177,0.12743881903906584,29.760000000000002,0.02022625985601656,0.1187969924812029,0.24779874213836472,0.29110629067245131,0.2696245733788396,6.7100000000000009,34.899999999999999,0.69401383035105912,2.3999999999999999,9,0,0,2020-07-06
2020-10-30,2020-09-30,2020-10-14,2.6500000000000004,2.8140000000000001,88.783333333333346,0.10408254372720838,0.13045862163019684,30.039999999999999,0.009408602150537515,0.087224031849439054,0.26858108108108114,0.28871728871728886,0.28156996587030703,6.7300000000000004,33.799999999999997,0.905412718636042,2.2000000000000002,10,1,0,2020-10-06
2020-11-30,2020-10-31,2020-11-24,2.6500000000000004,2.8140000000000001,88.666666666666671,0.10543966463718935,0.12172170739561361,30.199999999999999,0.0053262316910784868,0.035310250257113429,0.17327117327117336,0.26518642647674895,0.28839590443686003,6.3299999999999983,32.700000000000003,0.69719832318594699,2.1000000000000001,11,1,1,2020-10-06
2020-12-31,2020-11-30,2020-12-18,2.6500000000000004,2.8140000000000001,88.041666666666671,0.10400381410224568,0.12339010649749493,31.640000000000001,0.047682119205298079,0.063172043010752743,0.18947368421052624,0.30528052805280548,0.34982935153583616,7.4000000000000021,34.700000000000003,0.99001907051122873,2.1000000000000001,12,1,1,2020-10-06
2021-01-29,2020-12-31,2021-01-27,4.8999999999999995,5.1639999999999997,87.691666666666663,0.10295138888888888,0.079589333092056735,28.27,-0.10651074589127685,-0.058921438082556565,0.02316322837495477,0.254214729370009,0.20605802047781552,5.7300000000000004,35.600000000000001,1.0547569444444442,2,1,0,1,2021-01-07
2021-02-26,2021-01-31,2021-02-17,4.8999999999999995,2.6500000000000004,87.208333333333329,0.10627936148756678,0.080387256320538558,28.960000000000001,0.024407499115670417,-0.041059602649006544,-0.0071991772368872331,0.23549488054607504,0,5.5199999999999996,36.5,1.016396807437834,1.8999999999999999,2,0,0,2021-01-07
2021-03-31,2021-02-28,2021-03-17,4.8999999999999995,2.6500000000000004,87.300000000000011,0.10236224298883734,0.08370531635524503,29.109999999999999,0.0051795580110496342,-0.079962073324905236,-0.021841397849462485,0.22054507337526186,0.0051795580110496342,5.259999999999998,37.600000000000001,0.74181121494418645,1.8999999999999999,3,0,0,2021-01-07
2021-04-30,2021-03-31,2021-04-15,4.8999999999999995,2.6500000000000004,88.433333333333323,0.11940790590106243,0.11037103532386094,29.640000000000001,0.01820680178632772,0.048461266360099176,-0.013315579227696328,0.25168918918918926,0.023480662983425438,5.9600000000000009,38.5,0.86203952950531204,2.3999999999999999,4,0,0,2021-04-06
2021-05-31,2021-04-30,2021-05-19,4.8999999999999995,2.6500000000000004,89.483333333333348,0.12108286658049683,0.1255544503533601,30.34,0.023616734143049989,0.047651933701657434,0.0046357615894039306,0.1787101787101788,0.047651933701657434,4.6000000000000014,34.200000000000003,0.60541433290248414,1.8,5,0,0,2021-04-06
2021-06-30,2021-05-31,2021-06-16,4.8999999999999995,2.6500000000000004,89.433333333333337,0.10897128399033074,0.11660122838475662,30.899999999999999,0.018457481872115933,0.061490896599106781,-0.023388116308470375,0.16165413533834583,0.066988950276243076,4.2999999999999972,33.600000000000001,0.68985641995165392,1.8999999999999999,6,0,0,2021-04-06
2021-07-30,2021-06-30,2021-07-15,4.8999999999999986,2.6500000000000004,90.566666666666677,0.10670634994681927,0.11585098463138799,31.07,0.0055016181229774475,0.048245614035087758,0.099044923947647634,0.12450235251538189,0.07285911602209949,3.4400000000000013,31.300000000000001,0.53353174973409634,2,7,0,0,2021-07-06
2021-08-31,2021-07-31,2021-08-18,4.8999999999999986,2.6500000000000004,91.666666666666671,0.096673007742868577,0.11480085231929182,31.699999999999999,0.020276794335371662,0.044825313117996091,0.094613259668508309,0.086732944806307666,0.094613259668508309,2.5299999999999976,27.899999999999999,0.48336503871434289,1.8,8,0,0,2021-07-06
2021-09-30,2021-08-31,2021-09-17,4.8999999999999986,2.6500000000000004,92.725000000000009,0.090374546551046819,0.11175195218667344,31.469999999999999,-0.0072555205047318827,0.01844660194174752,0.081071796633459314,0.05745967741935476,0.086671270718231996,1.7099999999999973,24.899999999999999,0.4518727327552341,1.7,9,0,0,2021-07-06
2021-10-29,2021-09-30,2021-10-14,4.8999999999999986,2.6500000000000004,93.708333333333329,0.082263040011630428,0.11279843020235547,30.879999999999999,-0.018748013981569778,-0.0061152236884455258,0.041835357624831149,0.027962716378162389,0.066298342541436295,0.83999999999999986,22.800000000000001,0.41131520005815214,1.8999999999999999,10,1,0,2021-10-06
2021-11-30,2021-10-31,2021-11-17,4.8999999999999986,2.6500000000000004,94.091666666666654,0.076376473987395554,0.12251357458846845,31.129999999999999,0.0080958549222798215,-0.017981072555205091,0.026038233355306417,0.030794701986754935,0.074930939226519166,0.92999999999999972,23.5,0.38188236993697777,1.6000000000000001,11,1,1,2021-10-06
2021-12-31,2021-11-30,2021-12-15,6.3999999999999986,2.6500000000000004,94.533333333333346,0.069653621232568685,0.12069867041521842,31.399999999999999,0.0086733054930934195,-0.0022243406418811507,0.016181229773462702,-0.0075853350189634128,0.084254143646408819,-0.24000000000000199,20.399999999999999,0.55326810616284317,1.8,12,1,1,2021-12-17
2022-01-31,2021-12-31,2022-01-26,1.9000000000000001,4.8999999999999995,95.316666666666663,0.066173461356839436,0.14386706993322451,30.350000000000001,-0.03343949044585981,-0.017163212435233111,-0.023173479240424788,0.073576229218252687,0.047997237569060713,2.0800000000000018,18.600000000000001,0.40086730678419746,2.1000000000000001,1,0,1,2022-01-06
2022-02-28,2022-01-31,2022-02-16,1.9000000000000001,4.8999999999999995,95.866666666666674,0.052478989728311554,0.14171126901180053,29.66,-0.022734761120263625,-0.047221329906842247,-0.064353312302839139,0.024171270718231996,0,0.69999999999999929,15.6,0.41739494864155746,1.8,2,0,0,2022-01-06
2022-03-31,2022-02-28,2022-03-16,1.9000000000000001,4.8999999999999995,96.058333333333337,0.043523494222876602,0.14801227514043203,29.300000000000001,-0.012137559002022957,-0.06687898089171973,-0.068954559898315781,0.006526966678117585,-0.012137559002022957,0.19000000000000128,13.9,0.33261747111438289,1.8999999999999999,3,0,0,2022-01-06
2022-04-29,2022-03-31,2022-04-14,1.9000000000000001,4.8999999999999995,96.600000000000009,0.02414684748288054,0.12800018856139439,28.309999999999999,-0.033788395904436941,-0.067215815485996755,-0.083225388601036232,-0.044871794871794934,-0.045515846257585979,-1.3300000000000018,12.1,0.1207342374144027,2.2999999999999998,4,0,0,2022-04-06
2022-05-31,2022-04-30,2022-05-18,1.9000000000000001,4.8999999999999995,96.558333333333337,0.0096505724155895312,0.11862574774603418,27.02,-0.045566937477922953,-0.089008766014834761,-0.13202698361708964,-0.10942649967040208,-0.089008766014834761,-3.3200000000000003,9.1999999999999993,0.07325286207794765,2.1000000000000001,5,0,0,2022-04-06
2022-06-30,2022-05-31,2022-06-21,1.9000000000000001,4.8999999999999995,96.841666666666683,0.0033756705752634453,0.12016307846362917,27.18,0.0059215396002960663,-0.072354948805460784,-0.1343949044585987,-0.12038834951456312,-0.083614295347269052,-3.7199999999999989,7.9000000000000004,0.016878352876317226,2.2000000000000002,6,0,0,2022-04-06
2022-07-29,2022-06-30,2022-07-15,1.9000000000000004,4.8999999999999986,96.358333333333348,-0.0015891214729512049,0.11497527806465158,25.920000000000002,-0.046357615894039639,-0.084422465559872761,-0.14596375617792423,-0.16575474734470541,-0.12609575185434929,-5.1499999999999986,4.7000000000000002,0.064999999999999863,2.5,7,0,0,2022-07-06
2022-08-31,2022-07-31,2022-08-17,1.9000000000000004,4.8999999999999986,95.783333333333317,-0.00089041584940197094,0.1123660060937679,27.84,0.074074074074073959,0.030347890451517312,-0.061362103843560334,-0.12176656151419551,-0.061362103843560334,-3.8599999999999994,7.2999999999999998,0.31000000000000016,2.2000000000000002,8,0,0,2022-07-06
2022-09-30,2022-08-31,2022-09-15,1.9000000000000004,4.8999999999999986,94.808333333333337,0.002325493696026637,0.10533716355852696,26.940000000000001,-0.032327586206896464,-0.0088300220750551217,-0.080546075085324187,-0.14394661582459478,-0.091706001348617616,-4.5299999999999976,8.1999999999999993,0.13162746848013346,2.2999999999999998,9,0,0,2022-07-06
2022-10-31,2022-09-30,2022-10-13,1.9000000000000004,4.8999999999999986,96.149999999999991,0.0083998690275295385,0.092304560801093949,24.41,-0.093912397921306678,-0.058256172839506237,-0.13776050865418576,-0.209520725388601,-0.17700606877950098,-6.4699999999999989,5,0.041999345137647692,2.8999999999999999,10,1,0,2022-10-06
2022-11-30,2022-10-31,2022-11-16,1.9000000000000004,4.8999999999999986,96.041666666666671,0.01886119802370545,0.097513634028787211,24.68,0.011061040557148738,-0.1135057471264368,-0.086602516654330164,-0.20719563122389972,-0.16790289952798387,-6.4499999999999993,5.0999999999999996,0.099305990118526963,2.6000000000000001,11,1,1,2022-10-06
2022-12-30,2022-11-30,2022-12-14,0.40000000000000002,6.3999999999999986,96.066666666666677,0.027697406049187467,0.098509146936915482,26.390000000000001,0.06928687196110217,-0.020415738678544959,-0.029065489330389993,-0.15955414012738844,-0.11024949426837494,-5.009999999999998,6.7000000000000002,0.32848703024593717,2.6000000000000001,12,1,1,2022-10-06
2023-01-31,2022-12-31,2023-01-25,0.40000000000000002,1.9000000000000001,95.958333333333329,0.033530322395589396,0.1007624145569892,26.32,-0.0026525198938992522,0.078246620237607534,0.015432098765431945,-0.13278418451400331,-0.11260957518543491,-4.0300000000000011,4.4000000000000004,0.3026516119779471,3.2999999999999998,1,0,1,2023-01-05
2023-02-28,2023-01-31,2023-02-15,0.40000000000000002,1.9000000000000001,96.216666666666683,0.054492758521623053,0.10539988312125947,28.050000000000001,0.065729483282674694,0.13654781199351707,0.0075431034482758008,-0.054281861092380312,0,-1.6099999999999994,7.0999999999999996,0.27246379260811526,2.8999999999999999,2,0,0,2023-01-05
