date,candidate,endpoint,fold,fold_status,selected_alpha,y_hat,y_true,target_end,available,control_y_hat,naive,control_warmup
2012-03-30,D1,cash_dividend_12m,0,unscorable,,,1.2845,2013-03-29,2013-03-29,0.40720000000000001,0.4332551094890511,False
2012-04-30,D1,cash_dividend_12m,0,unscorable,,,1.2845,2013-04-30,2013-04-30,0.40720000000000001,0.43306630434782611,False
2012-05-31,D1,cash_dividend_12m,0,unscorable,,,1.2845,2013-05-31,2013-05-31,0.40720000000000001,0.4328802158273381,False
2012-06-29,D1,cash_dividend_12m,0,unscorable,,,1.2845,2013-06-28,2013-06-28,0.40720000000000001,0.43269678571428571,False
2012-07-31,D1,cash_dividend_12m,0,unscorable,,,1.2845,2013-07-31,2013-07-31,0.40720000000000001,0.4325159574468086,False
2012-08-31,D1,cash_dividend_12m,0,unscorable,,,1.2845,2013-08-30,2013-08-30,0.40720000000000001,0.4323376760563381,False
2012-09-28,D1,cash_dividend_12m,1,unscorable,,,1.2845,2013-09-30,2013-09-30,0.40720000000000001,0.43216188811188821,False
2012-10-31,D1,cash_dividend_12m,1,unscorable,,,1.2845,2013-10-31,2013-10-31,0.40720000000000001,0.43198854166666661,False
2012-11-30,D1,cash_dividend_12m,1,unscorable,,,0.28449999999999998,2013-11-29,2013-11-29,1.4072,0.43871413793103448,False
2012-12-31,D1,cash_dividend_12m,1,unscorable,,,0.28449999999999998,2013-12-31,2013-12-31,1.4072,0.44534760273972601,False
2013-01-31,D1,cash_dividend_12m,1,unscorable,,,1,2014-01-31,2014-01-31,1.2845,0.45105612244897952,False
2013-02-28,D1,cash_dividend_12m,1,unscorable,,,1,2014-02-28,2014-02-28,1.2845,0.45668750000000002,False
2013-03-29,D1,cash_dividend_12m,2,unscorable,,,1,2014-03-31,2014-03-31,1.2845,0.4622432885906041,False
2013-04-30,D1,cash_dividend_12m,2,unscorable,,,1,2014-04-30,2014-04-30,1.2845,0.467725,False
2013-05-31,D1,cash_dividend_12m,2,unscorable,,,1,2014-05-30,2014-05-30,1.2845,0.47313410596026489,False
2013-06-28,D1,cash_dividend_12m,2,unscorable,,,1,2014-06-30,2014-06-30,1.2845,0.47847203947368411,False
2013-07-31,D1,cash_dividend_12m,2,unscorable,,,1,2014-07-31,2014-07-31,1.2845,0.48374019607843127,False
2013-08-30,D1,cash_dividend_12m,2,unscorable,,,1,2014-08-29,2014-08-29,1.2845,0.48893993506493511,False
2013-09-30,D1,cash_dividend_12m,3,unscorable,,,1,2014-09-30,2014-09-30,1.2845,0.4940725806451613,False
2013-10-31,D1,cash_dividend_12m,3,unscorable,,,1,2014-10-31,2014-10-31,1.2845,0.49913942307692288,False
2013-11-29,D1,cash_dividend_12m,3,unscorable,,,1,2014-11-28,2014-11-28,0.28449999999999992,0.49777229299363052,False
2013-12-31,D1,cash_dividend_12m,3,unscorable,,,1,2014-12-31,2014-12-31,0.28449999999999992,0.49642246835443021,False
2014-01-31,D1,cash_dividend_12m,3,unscorable,,,0,2015-01-30,2015-01-30,1,0.4995896226415093,False
2014-02-28,D1,cash_dividend_12m,3,unscorable,,,0.68620000000000003,2015-02-27,2015-02-27,1,0.50271718749999994,False
2014-03-31,D1,cash_dividend_12m,4,unscorable,,,0.68620000000000003,2015-03-31,2015-03-31,1,0.50580590062111785,False
2014-04-30,D1,cash_dividend_12m,4,unscorable,,,0.68620000000000003,2015-04-30,2015-04-30,1,0.50885648148148144,False
2014-05-30,D1,cash_dividend_12m,4,unscorable,,,0.68620000000000003,2015-05-29,2015-05-29,1,0.51186963190184043,False
2014-06-30,D1,cash_dividend_12m,4,unscorable,,,0.68620000000000003,2015-06-30,2015-06-30,1,0.51484603658536565,False
2014-07-31,D1,cash_dividend_12m,4,unscorable,,,0.68620000000000003,2015-07-31,2015-07-31,1,0.51778636363636354,False
2014-08-29,D1,cash_dividend_12m,4,unscorable,,,0.68620000000000003,2015-08-31,2015-08-31,1,0.52069126506024077,False
2014-09-30,D1,cash_dividend_12m,5,unscorable,,,0.68620000000000003,2015-09-30,2015-09-30,1,0.523561377245509,False
2014-10-31,D1,cash_dividend_12m,5,unscorable,,,0.68620000000000003,2015-10-30,2015-10-30,1,0.52639732142857143,False
2014-11-28,D1,cash_dividend_12m,5,unscorable,,,0.68620000000000003,2015-11-30,2015-11-30,1,0.52919970414201167,False
2014-12-31,D1,cash_dividend_12m,5,unscorable,,,0.68620000000000003,2015-12-31,2015-12-31,1,0.53196911764705868,False
2015-01-30,D1,cash_dividend_12m,5,unscorable,,,0.68620000000000003,2016-01-29,2016-01-29,0,0.52885818713450294,False
2015-02-27,D1,cash_dividend_12m,5,unscorable,,,0.88819999999999999,2016-02-29,2016-02-29,0.68620000000000003,0.52977296511627903,False
2015-03-31,D1,cash_dividend_12m,6,unscorable,,,0.88819999999999999,2016-03-31,2016-03-31,0.68620000000000003,0.53067716763005768,False
2015-04-30,D1,cash_dividend_12m,6,unscorable,,,0.88819999999999999,2016-04-29,2016-04-29,0.68620000000000003,0.53157097701149425,False
2015-05-29,D1,cash_dividend_12m,6,unscorable,,,0.88819999999999999,2016-05-31,2016-05-31,0.68620000000000003,0.53245457142857133,False
2015-06-30,D1,cash_dividend_12m,6,unscorable,,,0.88819999999999999,2016-06-30,2016-06-30,0.68620000000000003,0.53332812499999993,False
2015-07-31,D1,cash_dividend_12m,6,unscorable,,,0.88819999999999999,2016-07-29,2016-07-29,0.68620000000000003,0.53419180790960452,False
2015-08-31,D1,cash_dividend_12m,6,unscorable,,,0.88819999999999999,2016-08-31,2016-08-31,0.68620000000000003,0.53504578651685375,False
2015-09-30,D1,cash_dividend_12m,7,unscorable,,,0.88819999999999999,2016-09-30,2016-09-30,0.68620000000000003,0.5358902234636872,False
2015-10-30,D1,cash_dividend_12m,7,unscorable,,,0.88819999999999999,2016-10-31,2016-10-31,0.68620000000000003,0.53672527777777757,False
2015-11-30,D1,cash_dividend_12m,7,unscorable,,,0.88819999999999999,2016-11-30,2016-11-30,0.68620000000000003,0.53755110497237557,False
2015-12-31,D1,cash_dividend_12m,7,unscorable,,,0.88819999999999999,2016-12-30,2016-12-30,0.68620000000000003,0.53836785714285695,False
2016-01-29,D1,cash_dividend_12m,7,unscorable,,,0.88819999999999999,2017-01-31,2017-01-31,0.68620000000000003,0.53917568306010932,False
2016-02-29,D1,cash_dividend_12m,7,unscorable,,,0.68079999999999996,2017-02-28,2017-02-28,0.88819999999999988,0.54107255434782586,False
2016-03-31,D1,cash_dividend_12m,8,scorable,100,0.82338580116218929,0.68079999999999996,2017-03-31,2017-03-31,0.88819999999999988,0.54294891891891894,False
2016-04-29,D1,cash_dividend_12m,8,scorable,100,0.79067464695890011,0.68079999999999996,2017-04-28,2017-04-28,0.88819999999999988,0.5448051075268816,False
2016-05-31,D1,cash_dividend_12m,8,scorable,100,0.74978570420478774,0.68079999999999996,2017-05-31,2017-05-31,0.88819999999999988,0.54664144385026725,False
2016-06-30,D1,cash_dividend_12m,8,scorable,100,0.74332955534887546,0.68079999999999996,2017-06-30,2017-06-30,0.88819999999999988,0.54845824468085091,False
2016-07-29,D1,cash_dividend_12m,8,scorable,100,0.73988627595905565,0.68079999999999996,2017-07-31,2017-07-31,0.88819999999999988,0.55025582010581997,False
2016-08-31,D1,cash_dividend_12m,8,scorable,100,0.72180905916250038,0.68079999999999996,2017-08-31,2017-08-31,0.88819999999999988,0.55203447368421033,False
2016-09-30,D1,cash_dividend_12m,9,scorable,100,0.68577436750593623,0.68079999999999996,2017-09-29,2017-09-29,0.88819999999999988,0.55379450261780094,False
2016-10-31,D1,cash_dividend_12m,9,scorable,100,0.6805913207373282,0.68079999999999996,2017-10-31,2017-10-31,0.88819999999999988,0.55553619791666675,False
2016-11-30,D1,cash_dividend_12m,9,scorable,100,0.66720178325175528,0.68079999999999996,2017-11-30,2017-11-30,0.88819999999999988,0.55725984455958555,False
2016-12-30,D1,cash_dividend_12m,9,scorable,100,0.67670403566087134,0.68079999999999996,2017-12-29,2017-12-29,0.88819999999999988,0.55896572164948455,False
2017-01-31,D1,cash_dividend_12m,9,scorable,100,0.67454443284061738,0.68079999999999996,2018-01-31,2018-01-31,0.88819999999999988,0.56065410256410253,False
2017-02-28,D1,cash_dividend_12m,9,scorable,100,0.61690287147210487,1.1247,2018-02-28,2018-02-28,0.68079999999999985,0.56126709183673473,False
2017-03-31,D1,cash_dividend_12m,10,scorable,100,0.6274137592979584,1.1247,2018-03-30,2018-03-30,0.68079999999999985,0.56187385786802035,False
2017-04-28,D1,cash_dividend_12m,10,scorable,100,0.63701077230451586,1.1247,2018-04-30,2018-04-30,0.68079999999999985,0.56247449494949497,False
2017-05-31,D1,cash_dividend_12m,10,scorable,100,0.67845241937829248,1.1247,2018-05-31,2018-05-31,0.68079999999999985,0.56306909547738704,False
2017-06-30,D1,cash_dividend_12m,10,scorable,100,0.67583505219468565,1.1247,2018-06-29,2018-06-29,0.68079999999999985,0.56365774999999996,False
2017-07-31,D1,cash_dividend_12m,10,scorable,100,0.67888864724222731,1.1247,2018-07-31,2018-07-31,0.68079999999999985,0.56424054726368156,False
2017-08-31,D1,cash_dividend_12m,10,scorable,100,0.71029705344551086,1.1247,2018-08-31,2018-08-31,0.68079999999999985,0.56481757425742585,False
2017-09-29,D1,cash_dividend_12m,11,scorable,100,0.69296440610110122,1.1247,2018-09-28,2018-09-28,0.68079999999999985,0.56538891625615773,False
2017-10-31,D1,cash_dividend_12m,11,scorable,100,0.66619743283881527,1.1247,2018-10-31,2018-10-31,0.68079999999999985,0.56595465686274515,False
2017-11-30,D1,cash_dividend_12m,11,scorable,100,0.68818458944712202,1.1247,2018-11-30,2018-11-30,0.68079999999999985,0.56651487804878065,False
2017-12-29,D1,cash_dividend_12m,11,scorable,100,0.68818458944712202,1.1247,2018-12-31,2018-12-31,0.68079999999999985,0.56706966019417493,False
2018-01-31,D1,cash_dividend_12m,11,scorable,100,0.67958091946995858,1.1247,2019-01-31,2019-01-31,0.68079999999999985,0.56761908212560397,False
2018-02-28,D1,cash_dividend_12m,11,scorable,100,0.83318927125237829,2.5139999999999998,2019-02-28,2019-02-28,1.1247,0.5702973557692308,False
2018-03-30,D1,cash_dividend_12m,12,scorable,100,0.85408331436464191,2.5139999999999998,2019-03-29,2019-03-29,1.1247,0.57294999999999996,False
2018-04-30,D1,cash_dividend_12m,12,scorable,100,0.88967237305061886,2.6139999999999999,2019-04-30,2019-04-30,1.1247,0.57557738095238098,False
2018-05-31,D1,cash_dividend_12m,12,scorable,100,0.8826941262494461,2.6139999999999999,2019-05-31,2019-05-31,1.1247,0.57817985781990533,False
2018-06-29,D1,cash_dividend_12m,12,scorable,100,0.92526143173659703,2.6139999999999999,2019-06-28,2019-06-28,1.1247,0.58075778301886805,False
2018-07-31,D1,cash_dividend_12m,12,scorable,100,0.944102698099761,2.714,2019-07-31,2019-07-31,1.1247,0.58331150234741802,False
2018-08-31,D1,cash_dividend_12m,12,scorable,100,0.95317441894128341,2.714,2019-08-30,2019-08-30,1.1247,0.58584135514018698,False
2018-09-28,D1,cash_dividend_12m,13,scorable,100,1.0869514107334493,2.714,2019-09-30,2019-09-30,1.1247,0.5883476744186048,False
2018-10-31,D1,cash_dividend_12m,13,scorable,100,1.1761475162366535,2.8140000000000001,2019-10-31,2019-10-31,1.1247,0.59083078703703695,False
2018-11-30,D1,cash_dividend_12m,13,scorable,100,1.145201928613093,2.8140000000000001,2019-11-29,2019-11-29,1.1247,0.59329101382488492,False
2018-12-31,D1,cash_dividend_12m,13,scorable,100,1.1415612712456153,2.8140000000000001,2019-12-31,2019-12-31,1.1247,0.59572866972477057,False
2019-01-31,D1,cash_dividend_12m,13,scorable,100,1.1524832433480496,5.1639999999999997,2020-01-31,2020-01-31,1.1247,0.59814406392694075,False
2019-02-28,D1,cash_dividend_12m,13,scorable,100,1.4904004565259628,2.6500000000000004,2020-02-28,2020-02-28,2.5139999999999998,0.60685250000000013,False
2019-03-29,D1,cash_dividend_12m,14,scorable,1,-0.052706555767721319,2.6500000000000004,2020-03-31,2020-03-31,2.5139999999999998,0.61548212669683255,False
2019-04-30,D1,cash_dividend_12m,14,scorable,1,-0.085664024509950032,2.6500000000000004,2020-04-30,2020-04-30,2.6139999999999999,0.62448445945945952,False
2019-05-31,D1,cash_dividend_12m,14,scorable,1,-0.075101663195556334,2.6500000000000004,2020-05-29,2020-05-29,2.6139999999999999,0.63340605381165915,False
2019-06-28,D1,cash_dividend_12m,14,scorable,1,-0.080594091079040808,2.6500000000000004,2020-06-30,2020-06-30,2.6139999999999999,0.6422479910714286,False
2019-07-31,D1,cash_dividend_12m,14,scorable,1,-0.12791637120884802,2.6500000000000004,2020-07-31,2020-07-31,2.714,0.65145577777777774,False
2019-08-30,D1,cash_dividend_12m,14,scorable,1,-0.13425378799748389,2.6500000000000004,2020-08-31,2020-08-31,2.714,0.66058207964601756,False
2019-09-30,D1,cash_dividend_12m,15,scorable,10,0.078785445326689629,2.6500000000000004,2020-09-30,2020-09-30,2.714,0.66962797356828185,False
2019-10-31,D1,cash_dividend_12m,15,scorable,10,0.055771411232617751,2.6500000000000004,2020-10-30,2020-10-30,2.8140000000000001,0.6790331140350877,False
2019-11-29,D1,cash_dividend_12m,15,scorable,10,0.05229818817623455,2.6500000000000004,2020-11-30,2020-11-30,2.8140000000000001,0.68835611353711768,False
2019-12-31,D1,cash_dividend_12m,15,scorable,10,0.057416622154062846,2.6500000000000004,2020-12-31,2020-12-31,2.8140000000000001,0.69759804347826082,False
2020-01-31,D1,cash_dividend_12m,15,scorable,10,-0.57810420764642512,4.8999999999999995,2021-01-29,2021-01-29,5.1639999999999997,0.71693311688311667,False
2020-02-28,D1,cash_dividend_12m,15,scorable,10,-0.16945592473861248,4.8999999999999995,2021-02-26,2021-02-26,2.6500000000000004,0.72526530172413795,False
2020-03-31,D1,cash_dividend_12m,16,scorable,10,0.16492160747275086,4.8999999999999995,2021-03-31,2021-03-31,2.6500000000000004,0.7335259656652362,False
2020-04-30,D1,cash_dividend_12m,16,scorable,10,0.1597306219073058,4.8999999999999995,2021-04-30,2021-04-30,2.6500000000000004,0.74171602564102568,False
2020-05-29,D1,cash_dividend_12m,16,scorable,10,0.16516826161800502,4.8999999999999995,2021-05-31,2021-05-31,2.6500000000000004,0.74983638297872346,False
2020-06-30,D1,cash_dividend_12m,16,scorable,10,0.16231350076988793,4.8999999999999995,2021-06-30,2021-06-30,2.6500000000000004,0.75788792372881375,False
2020-07-31,D1,cash_dividend_12m,16,scorable,10,0.15154893450097573,4.8999999999999986,2021-07-30,2021-07-30,2.6500000000000004,0.76587151898734185,False
2020-08-31,D1,cash_dividend_12m,16,scorable,10,0.16079292200916484,4.8999999999999986,2021-08-31,2021-08-31,2.6500000000000004,0.77378802521008416,False
2020-09-30,D1,cash_dividend_12m,17,scorable,100,2.218452727016651,4.8999999999999986,2021-09-30,2021-09-30,2.6500000000000004,0.78163828451882866,False
2020-10-30,D1,cash_dividend_12m,17,scorable,100,2.2416270336749116,4.8999999999999986,2021-10-29,2021-10-29,2.6500000000000004,0.789423125,False
2020-11-30,D1,cash_dividend_12m,17,scorable,100,2.2507192309443633,4.8999999999999986,2021-11-30,2021-11-30,2.6500000000000004,0.7971433609958507,False
2020-12-31,D1,cash_dividend_12m,17,scorable,100,2.2994274306021381,6.3999999999999986,2021-12-31,2021-12-31,2.6500000000000004,0.80479979338842966,False
2021-01-29,D1,cash_dividend_12m,17,scorable,100,3.4541672246967119,1.9000000000000001,2022-01-31,2022-01-31,4.9000000000000004,0.82165246913580248,False
2021-02-26,D1,cash_dividend_12m,17,scorable,100,3.562312370721485,1.9000000000000001,2022-02-28,2022-02-28,4.9000000000000004,0.83836700819672128,False
2021-03-31,D1,cash_dividend_12m,18,scorable,100,4.5891685415870995,1.9000000000000001,2022-03-31,2022-03-31,4.9000000000000004,0.85494510204081653,False
2021-04-30,D1,cash_dividend_12m,18,scorable,100,4.4098397036215857,1.9000000000000001,2022-04-29,2022-04-29,4.9000000000000004,0.8713884146341464,False
2021-05-31,D1,cash_dividend_12m,18,scorable,100,4.243696809624117,1.9000000000000001,2022-05-31,2022-05-31,4.9000000000000004,0.88769858299595161,False
2021-06-30,D1,cash_dividend_12m,18,scorable,100,4.2516083760049508,1.9000000000000001,2022-06-30,2022-06-30,4.9000000000000004,0.90387721774193541,False
2021-07-30,D1,cash_dividend_12m,18,scorable,100,4.0722795380394325,1.9000000000000004,2022-07-29,2022-07-29,4.8999999999999995,0.91992590361445803,False
2021-08-31,D1,cash_dividend_12m,18,scorable,100,3.8982250776611371,1.9000000000000004,2022-08-31,2022-08-31,4.8999999999999995,0.93584619999999996,False
2021-09-30,D1,cash_dividend_12m,19,scorable,100,4.0282486976938054,1.9000000000000004,2022-09-30,2022-09-30,4.8999999999999995,0.95163964143426305,False
2021-10-29,D1,cash_dividend_12m,19,scorable,100,3.8883098342345614,1.9000000000000004,2022-10-31,2022-10-31,4.8999999999999995,0.96730773809523818,False
2021-11-30,D1,cash_dividend_12m,19,scorable,100,3.8337573959368902,1.9000000000000004,2022-11-30,2022-11-30,4.8999999999999995,0.98285197628458498,False
2021-12-31,D1,cash_dividend_12m,19,scorable,100,4.7381577087012436,0.40000000000000002,2022-12-30,2022-12-30,6.3999999999999995,1.0041793307086615,False
2022-01-31,D1,cash_dividend_12m,19,scorable,100,1.9778965276435487,0.40000000000000002,2023-01-31,2023-01-31,1.8999999999999999,1.0076923529411763,False
2022-02-28,D1,cash_dividend_12m,19,scorable,100,1.8996256379121044,0.40000000000000002,2023-02-28,2023-02-28,1.8999999999999999,1.0111779296875001,False
2022-03-31,D1,cash_dividend_12m,20,scorable,100,2.3153759973595993,0.40000000000000002,2023-03-31,2023-03-31,1.8999999999999999,1.0146363813229573,False
2022-04-29,D1,cash_dividend_12m,20,scorable,100,2.2465405826539957,0.40000000000000002,2023-04-28,2023-04-28,1.8999999999999999,1.0180680232558139,False
2022-05-31,D1,cash_dividend_12m,20,scorable,100,2.2518356145544272,0.40000000000000002,2023-05-31,2023-05-31,1.8999999999999999,1.021473166023166,False
2022-06-30,D1,cash_dividend_12m,20,scorable,100,2.2158293976314947,0.40000000000000002,2023-06-30,2023-06-30,1.8999999999999999,1.0248521153846155,False
2022-07-29,D1,cash_dividend_12m,20,scorable,100,2.2772517676764945,0.40000000000000002,2023-07-31,2023-07-31,1.9000000000000004,1.0282051724137933,False
2022-08-31,D1,cash_dividend_12m,20,scorable,100,2.3503232079024468,0.40000000000000002,2023-08-31,2023-08-31,1.9000000000000004,1.0315326335877866,False
2012-03-30,D2,cash_dividend_12m,0,unscorable,,,1.2845,2013-03-29,2013-03-29,0.40720000000000001,0.4332551094890511,False
2012-04-30,D2,cash_dividend_12m,0,unscorable,,,1.2845,2013-04-30,2013-04-30,0.40720000000000001,0.43306630434782611,False
2012-05-31,D2,cash_dividend_12m,0,unscorable,,,1.2845,2013-05-31,2013-05-31,0.40720000000000001,0.4328802158273381,False
2012-06-29,D2,cash_dividend_12m,0,unscorable,,,1.2845,2013-06-28,2013-06-28,0.40720000000000001,0.43269678571428571,False
2012-07-31,D2,cash_dividend_12m,0,unscorable,,,1.2845,2013-07-31,2013-07-31,0.40720000000000001,0.4325159574468086,False
2012-08-31,D2,cash_dividend_12m,0,unscorable,,,1.2845,2013-08-30,2013-08-30,0.40720000000000001,0.4323376760563381,False
2012-09-28,D2,cash_dividend_12m,1,unscorable,,,1.2845,2013-09-30,2013-09-30,0.40720000000000001,0.43216188811188821,False
2012-10-31,D2,cash_dividend_12m,1,unscorable,,,1.2845,2013-10-31,2013-10-31,0.40720000000000001,0.43198854166666661,False
2012-11-30,D2,cash_dividend_12m,1,unscorable,,,0.28449999999999998,2013-11-29,2013-11-29,1.4072,0.43871413793103448,False
2012-12-31,D2,cash_dividend_12m,1,unscorable,,,0.28449999999999998,2013-12-31,2013-12-31,1.4072,0.44534760273972601,False
2013-01-31,D2,cash_dividend_12m,1,unscorable,,,1,2014-01-31,2014-01-31,1.2845,0.45105612244897952,False
2013-02-28,D2,cash_dividend_12m,1,unscorable,,,1,2014-02-28,2014-02-28,1.2845,0.45668750000000002,False
2013-03-29,D2,cash_dividend_12m,2,unscorable,,,1,2014-03-31,2014-03-31,1.2845,0.4622432885906041,False
2013-04-30,D2,cash_dividend_12m,2,unscorable,,,1,2014-04-30,2014-04-30,1.2845,0.467725,False
2013-05-31,D2,cash_dividend_12m,2,unscorable,,,1,2014-05-30,2014-05-30,1.2845,0.47313410596026489,False
2013-06-28,D2,cash_dividend_12m,2,unscorable,,,1,2014-06-30,2014-06-30,1.2845,0.47847203947368411,False
2013-07-31,D2,cash_dividend_12m,2,unscorable,,,1,2014-07-31,2014-07-31,1.2845,0.48374019607843127,False
2013-08-30,D2,cash_dividend_12m,2,unscorable,,,1,2014-08-29,2014-08-29,1.2845,0.48893993506493511,False
2013-09-30,D2,cash_dividend_12m,3,unscorable,,,1,2014-09-30,2014-09-30,1.2845,0.4940725806451613,False
2013-10-31,D2,cash_dividend_12m,3,unscorable,,,1,2014-10-31,2014-10-31,1.2845,0.49913942307692288,False
2013-11-29,D2,cash_dividend_12m,3,unscorable,,,1,2014-11-28,2014-11-28,0.28449999999999992,0.49777229299363052,False
2013-12-31,D2,cash_dividend_12m,3,unscorable,,,1,2014-12-31,2014-12-31,0.28449999999999992,0.49642246835443021,False
2014-01-31,D2,cash_dividend_12m,3,unscorable,,,0,2015-01-30,2015-01-30,1,0.4995896226415093,False
2014-02-28,D2,cash_dividend_12m,3,unscorable,,,0.68620000000000003,2015-02-27,2015-02-27,1,0.50271718749999994,False
2014-03-31,D2,cash_dividend_12m,4,unscorable,,,0.68620000000000003,2015-03-31,2015-03-31,1,0.50580590062111785,False
2014-04-30,D2,cash_dividend_12m,4,unscorable,,,0.68620000000000003,2015-04-30,2015-04-30,1,0.50885648148148144,False
2014-05-30,D2,cash_dividend_12m,4,unscorable,,,0.68620000000000003,2015-05-29,2015-05-29,1,0.51186963190184043,False
2014-06-30,D2,cash_dividend_12m,4,unscorable,,,0.68620000000000003,2015-06-30,2015-06-30,1,0.51484603658536565,False
2014-07-31,D2,cash_dividend_12m,4,unscorable,,,0.68620000000000003,2015-07-31,2015-07-31,1,0.51778636363636354,False
2014-08-29,D2,cash_dividend_12m,4,unscorable,,,0.68620000000000003,2015-08-31,2015-08-31,1,0.52069126506024077,False
2014-09-30,D2,cash_dividend_12m,5,unscorable,,,0.68620000000000003,2015-09-30,2015-09-30,1,0.523561377245509,False
2014-10-31,D2,cash_dividend_12m,5,unscorable,,,0.68620000000000003,2015-10-30,2015-10-30,1,0.52639732142857143,False
2014-11-28,D2,cash_dividend_12m,5,unscorable,,,0.68620000000000003,2015-11-30,2015-11-30,1,0.52919970414201167,False
2014-12-31,D2,cash_dividend_12m,5,unscorable,,,0.68620000000000003,2015-12-31,2015-12-31,1,0.53196911764705868,False
2015-01-30,D2,cash_dividend_12m,5,unscorable,,,0.68620000000000003,2016-01-29,2016-01-29,0,0.52885818713450294,False
2015-02-27,D2,cash_dividend_12m,5,unscorable,,,0.88819999999999999,2016-02-29,2016-02-29,0.68620000000000003,0.52977296511627903,False
2015-03-31,D2,cash_dividend_12m,6,unscorable,,,0.88819999999999999,2016-03-31,2016-03-31,0.68620000000000003,0.53067716763005768,False
2015-04-30,D2,cash_dividend_12m,6,unscorable,,,0.88819999999999999,2016-04-29,2016-04-29,0.68620000000000003,0.53157097701149425,False
2015-05-29,D2,cash_dividend_12m,6,unscorable,,,0.88819999999999999,2016-05-31,2016-05-31,0.68620000000000003,0.53245457142857133,False
2015-06-30,D2,cash_dividend_12m,6,unscorable,,,0.88819999999999999,2016-06-30,2016-06-30,0.68620000000000003,0.53332812499999993,False
2015-07-31,D2,cash_dividend_12m,6,unscorable,,,0.88819999999999999,2016-07-29,2016-07-29,0.68620000000000003,0.53419180790960452,False
2015-08-31,D2,cash_dividend_12m,6,unscorable,,,0.88819999999999999,2016-08-31,2016-08-31,0.68620000000000003,0.53504578651685375,False
2015-09-30,D2,cash_dividend_12m,7,unscorable,,,0.88819999999999999,2016-09-30,2016-09-30,0.68620000000000003,0.5358902234636872,False
2015-10-30,D2,cash_dividend_12m,7,unscorable,,,0.88819999999999999,2016-10-31,2016-10-31,0.68620000000000003,0.53672527777777757,False
2015-11-30,D2,cash_dividend_12m,7,unscorable,,,0.88819999999999999,2016-11-30,2016-11-30,0.68620000000000003,0.53755110497237557,False
2015-12-31,D2,cash_dividend_12m,7,unscorable,,,0.88819999999999999,2016-12-30,2016-12-30,0.68620000000000003,0.53836785714285695,False
2016-01-29,D2,cash_dividend_12m,7,unscorable,,,0.88819999999999999,2017-01-31,2017-01-31,0.68620000000000003,0.53917568306010932,False
2016-02-29,D2,cash_dividend_12m,7,unscorable,,,0.68079999999999996,2017-02-28,2017-02-28,0.88819999999999988,0.54107255434782586,False
2016-03-31,D2,cash_dividend_12m,8,unscorable,,,0.68079999999999996,2017-03-31,2017-03-31,0.88819999999999988,0.54294891891891894,False
2016-04-29,D2,cash_dividend_12m,8,unscorable,,,0.68079999999999996,2017-04-28,2017-04-28,0.88819999999999988,0.5448051075268816,False
2016-05-31,D2,cash_dividend_12m,8,unscorable,,,0.68079999999999996,2017-05-31,2017-05-31,0.88819999999999988,0.54664144385026725,False
2016-06-30,D2,cash_dividend_12m,8,unscorable,,,0.68079999999999996,2017-06-30,2017-06-30,0.88819999999999988,0.54845824468085091,False
2016-07-29,D2,cash_dividend_12m,8,unscorable,,,0.68079999999999996,2017-07-31,2017-07-31,0.88819999999999988,0.55025582010581997,False
2016-08-31,D2,cash_dividend_12m,8,unscorable,,,0.68079999999999996,2017-08-31,2017-08-31,0.88819999999999988,0.55203447368421033,False
2016-09-30,D2,cash_dividend_12m,9,unscorable,,,0.68079999999999996,2017-09-29,2017-09-29,0.88819999999999988,0.55379450261780094,False
2016-10-31,D2,cash_dividend_12m,9,unscorable,,,0.68079999999999996,2017-10-31,2017-10-31,0.88819999999999988,0.55553619791666675,False
2016-11-30,D2,cash_dividend_12m,9,unscorable,,,0.68079999999999996,2017-11-30,2017-11-30,0.88819999999999988,0.55725984455958555,False
2016-12-30,D2,cash_dividend_12m,9,unscorable,,,0.68079999999999996,2017-12-29,2017-12-29,0.88819999999999988,0.55896572164948455,False
2017-01-31,D2,cash_dividend_12m,9,unscorable,,,0.68079999999999996,2018-01-31,2018-01-31,0.88819999999999988,0.56065410256410253,False
2017-02-28,D2,cash_dividend_12m,9,unscorable,,,1.1247,2018-02-28,2018-02-28,0.68079999999999985,0.56126709183673473,False
2017-03-31,D2,cash_dividend_12m,10,scorable,10,1.3851988357936544,1.1247,2018-03-30,2018-03-30,0.68079999999999985,0.56187385786802035,False
2017-04-28,D2,cash_dividend_12m,10,scorable,10,1.3819769761125951,1.1247,2018-04-30,2018-04-30,0.68079999999999985,0.56247449494949497,False
2017-05-31,D2,cash_dividend_12m,10,scorable,10,1.5627621410574171,1.1247,2018-05-31,2018-05-31,0.68079999999999985,0.56306909547738704,False
2017-06-30,D2,cash_dividend_12m,10,scorable,10,1.5843764649485033,1.1247,2018-06-29,2018-06-29,0.68079999999999985,0.56365774999999996,False
2017-07-31,D2,cash_dividend_12m,10,scorable,10,1.5467867233122283,1.1247,2018-07-31,2018-07-31,0.68079999999999985,0.56424054726368156,False
2017-08-31,D2,cash_dividend_12m,10,scorable,10,1.7179525751337557,1.1247,2018-08-31,2018-08-31,0.68079999999999985,0.56481757425742585,False
2017-09-29,D2,cash_dividend_12m,11,scorable,100,1.2417993305381614,1.1247,2018-09-28,2018-09-28,0.68079999999999985,0.56538891625615773,False
2017-10-31,D2,cash_dividend_12m,11,scorable,100,1.2462517021212565,1.1247,2018-10-31,2018-10-31,0.68079999999999985,0.56595465686274515,False
2017-11-30,D2,cash_dividend_12m,11,scorable,100,1.3349056483201938,1.1247,2018-11-30,2018-11-30,0.68079999999999985,0.56651487804878065,False
2017-12-29,D2,cash_dividend_12m,11,scorable,100,1.3604540974119672,1.1247,2018-12-31,2018-12-31,0.68079999999999985,0.56706966019417493,False
2018-01-31,D2,cash_dividend_12m,11,scorable,100,1.3856381717096862,1.1247,2019-01-31,2019-01-31,0.68079999999999985,0.56761908212560397,False
2018-02-28,D2,cash_dividend_12m,11,scorable,100,1.5871442761762315,2.5139999999999998,2019-02-28,2019-02-28,1.1247,0.5702973557692308,False
2018-03-30,D2,cash_dividend_12m,12,scorable,100,1.5126394469031257,2.5139999999999998,2019-03-29,2019-03-29,1.1247,0.57294999999999996,False
2018-04-30,D2,cash_dividend_12m,12,scorable,100,1.6060224832321279,2.6139999999999999,2019-04-30,2019-04-30,1.1247,0.57557738095238098,False
2018-05-31,D2,cash_dividend_12m,12,scorable,100,1.6224974641923096,2.6139999999999999,2019-05-31,2019-05-31,1.1247,0.57817985781990533,False
2018-06-29,D2,cash_dividend_12m,12,scorable,100,1.6989751913590754,2.6139999999999999,2019-06-28,2019-06-28,1.1247,0.58075778301886805,False
2018-07-31,D2,cash_dividend_12m,12,scorable,100,1.7688036597153829,2.714,2019-07-31,2019-07-31,1.1247,0.58331150234741802,False
2018-08-31,D2,cash_dividend_12m,12,scorable,100,1.7854231163668199,2.714,2019-08-30,2019-08-30,1.1247,0.58584135514018698,False
2018-09-28,D2,cash_dividend_12m,13,scorable,100,1.6866228788386008,2.714,2019-09-30,2019-09-30,1.1247,0.5883476744186048,False
2018-10-31,D2,cash_dividend_12m,13,scorable,100,1.7871013293771347,2.8140000000000001,2019-10-31,2019-10-31,1.1247,0.59083078703703695,False
2018-11-30,D2,cash_dividend_12m,13,scorable,100,1.7369158941587319,2.8140000000000001,2019-11-29,2019-11-29,1.1247,0.59329101382488492,False
2018-12-31,D2,cash_dividend_12m,13,scorable,100,1.7224433834331503,2.8140000000000001,2019-12-31,2019-12-31,1.1247,0.59572866972477057,False
2019-01-31,D2,cash_dividend_12m,13,scorable,100,1.7250201674014751,5.1639999999999997,2020-01-31,2020-01-31,1.1247,0.59814406392694075,False
2019-02-28,D2,cash_dividend_12m,13,scorable,100,2.0732007983457001,2.6500000000000004,2020-02-28,2020-02-28,2.5139999999999998,0.60685250000000013,False
2019-03-29,D2,cash_dividend_12m,14,scorable,100,2.0273939805122292,2.6500000000000004,2020-03-31,2020-03-31,2.5139999999999998,0.61548212669683255,False
2019-04-30,D2,cash_dividend_12m,14,scorable,100,2.0751474064580959,2.6500000000000004,2020-04-30,2020-04-30,2.6139999999999999,0.62448445945945952,False
2019-05-31,D2,cash_dividend_12m,14,scorable,100,2.0703726188714628,2.6500000000000004,2020-05-29,2020-05-29,2.6139999999999999,0.63340605381165915,False
2019-06-28,D2,cash_dividend_12m,14,scorable,100,2.0345160105896629,2.6500000000000004,2020-06-30,2020-06-30,2.6139999999999999,0.6422479910714286,False
2019-07-31,D2,cash_dividend_12m,14,scorable,100,2.0429234759270587,2.6500000000000004,2020-07-31,2020-07-31,2.714,0.65145577777777774,False
2019-08-30,D2,cash_dividend_12m,14,scorable,100,2.0004674861183713,2.6500000000000004,2020-08-31,2020-08-31,2.714,0.66058207964601756,False
2019-09-30,D2,cash_dividend_12m,15,scorable,100,2.0399742277645099,2.6500000000000004,2020-09-30,2020-09-30,2.714,0.66962797356828185,False
2019-10-31,D2,cash_dividend_12m,15,scorable,100,2.039745945980981,2.6500000000000004,2020-10-30,2020-10-30,2.8140000000000001,0.6790331140350877,False
2019-11-29,D2,cash_dividend_12m,15,scorable,100,2.0221343189207612,2.6500000000000004,2020-11-30,2020-11-30,2.8140000000000001,0.68835611353711768,False
2019-12-31,D2,cash_dividend_12m,15,scorable,100,2.0171783897751343,2.6500000000000004,2020-12-31,2020-12-31,2.8140000000000001,0.69759804347826082,False
2020-01-31,D2,cash_dividend_12m,15,scorable,100,2.9090042453863427,4.8999999999999995,2021-01-29,2021-01-29,5.1639999999999997,0.71693311688311667,False
2020-02-28,D2,cash_dividend_12m,15,scorable,100,2.0840165354231659,4.8999999999999995,2021-02-26,2021-02-26,2.6500000000000004,0.72526530172413795,False
2020-03-31,D2,cash_dividend_12m,16,scorable,100,2.1688232542743631,4.8999999999999995,2021-03-31,2021-03-31,2.6500000000000004,0.7335259656652362,False
2020-04-30,D2,cash_dividend_12m,16,scorable,100,2.1342329019330637,4.8999999999999995,2021-04-30,2021-04-30,2.6500000000000004,0.74171602564102568,False
2020-05-29,D2,cash_dividend_12m,16,scorable,100,2.1310870679530223,4.8999999999999995,2021-05-31,2021-05-31,2.6500000000000004,0.74983638297872346,False
2020-06-30,D2,cash_dividend_12m,16,scorable,100,2.1828550393206299,4.8999999999999995,2021-06-30,2021-06-30,2.6500000000000004,0.75788792372881375,False
2020-07-31,D2,cash_dividend_12m,16,scorable,100,2.2259207530034941,4.8999999999999986,2021-07-30,2021-07-30,2.6500000000000004,0.76587151898734185,False
2020-08-31,D2,cash_dividend_12m,16,scorable,100,2.2857667083566264,4.8999999999999986,2021-08-31,2021-08-31,2.6500000000000004,0.77378802521008416,False
2020-09-30,D2,cash_dividend_12m,17,scorable,100,2.613412069716547,4.8999999999999986,2021-09-30,2021-09-30,2.6500000000000004,0.78163828451882866,False
2020-10-30,D2,cash_dividend_12m,17,scorable,100,2.6418851952847886,4.8999999999999986,2021-10-29,2021-10-29,2.6500000000000004,0.789423125,False
2020-11-30,D2,cash_dividend_12m,17,scorable,100,2.6360847147532298,4.8999999999999986,2021-11-30,2021-11-30,2.6500000000000004,0.7971433609958507,False
2020-12-31,D2,cash_dividend_12m,17,scorable,100,2.6778328805010094,6.3999999999999986,2021-12-31,2021-12-31,2.6500000000000004,0.80479979338842966,False
2021-01-29,D2,cash_dividend_12m,17,scorable,100,3.6690753034244898,1.9000000000000001,2022-01-31,2022-01-31,4.9000000000000004,0.82165246913580248,False
2021-02-26,D2,cash_dividend_12m,17,scorable,100,3.7104440062879123,1.9000000000000001,2022-02-28,2022-02-28,4.9000000000000004,0.83836700819672128,False
2021-03-31,D2,cash_dividend_12m,18,scorable,100,4.2601467012795791,1.9000000000000001,2022-03-31,2022-03-31,4.9000000000000004,0.85494510204081653,False
2021-04-30,D2,cash_dividend_12m,18,scorable,100,4.3190079010264562,1.9000000000000001,2022-04-29,2022-04-29,4.9000000000000004,0.8713884146341464,False
2021-05-31,D2,cash_dividend_12m,18,scorable,100,4.2530627113010766,1.9000000000000001,2022-05-31,2022-05-31,4.9000000000000004,0.88769858299595161,False
2021-06-30,D2,cash_dividend_12m,18,scorable,100,4.1531649837534657,1.9000000000000001,2022-06-30,2022-06-30,4.9000000000000004,0.90387721774193541,False
2021-07-30,D2,cash_dividend_12m,18,scorable,100,4.0025597969526867,1.9000000000000004,2022-07-29,2022-07-29,4.8999999999999995,0.91992590361445803,False
2021-08-31,D2,cash_dividend_12m,18,scorable,100,3.8049218343957927,1.9000000000000004,2022-08-31,2022-08-31,4.8999999999999995,0.93584619999999996,False
2021-09-30,D2,cash_dividend_12m,19,scorable,100,3.8065306366780303,1.9000000000000004,2022-09-30,2022-09-30,4.8999999999999995,0.95163964143426305,False
2021-10-29,D2,cash_dividend_12m,19,scorable,100,3.6670359937068979,1.9000000000000004,2022-10-31,2022-10-31,4.8999999999999995,0.96730773809523818,False
2021-11-30,D2,cash_dividend_12m,19,scorable,100,3.6233953391450329,1.9000000000000004,2022-11-30,2022-11-30,4.8999999999999995,0.98285197628458498,False
2021-12-31,D2,cash_dividend_12m,19,scorable,100,4.3687795233922966,0.40000000000000002,2022-12-30,2022-12-30,6.3999999999999995,1.0041793307086615,False
2022-01-31,D2,cash_dividend_12m,19,scorable,100,1.9675634638480126,0.40000000000000002,2023-01-31,2023-01-31,1.8999999999999999,1.0076923529411763,False
2022-02-28,D2,cash_dividend_12m,19,scorable,100,1.828638263479303,0.40000000000000002,2023-02-28,2023-02-28,1.8999999999999999,1.0111779296875001,False
2022-03-31,D2,cash_dividend_12m,20,scorable,100,2.2970646417189444,0.40000000000000002,2023-03-31,2023-03-31,1.8999999999999999,1.0146363813229573,False
2022-04-29,D2,cash_dividend_12m,20,scorable,100,2.0879975001352458,0.40000000000000002,2023-04-28,2023-04-28,1.8999999999999999,1.0180680232558139,False
2022-05-31,D2,cash_dividend_12m,20,scorable,100,1.9833752985878894,0.40000000000000002,2023-05-31,2023-05-31,1.8999999999999999,1.021473166023166,False
2022-06-30,D2,cash_dividend_12m,20,scorable,100,1.9315094956428098,0.40000000000000002,2023-06-30,2023-06-30,1.8999999999999999,1.0248521153846155,False
2022-07-29,D2,cash_dividend_12m,20,scorable,100,1.9262801345830107,0.40000000000000002,2023-07-31,2023-07-31,1.9000000000000004,1.0282051724137933,False
2022-08-31,D2,cash_dividend_12m,20,scorable,100,1.9670651914915038,0.40000000000000002,2023-08-31,2023-08-31,1.9000000000000004,1.0315326335877866,False
2016-10-31,B1,bvps_growth_12m,0,scorable,100,0.10114491737145262,0.14562410329985664,2017-09-29,2017-10-17,0.073305946681205103,0.073305946681205103,False
2016-11-30,B1,bvps_growth_12m,0,scorable,100,0.10223473991081067,0.17085427135678377,2017-10-31,2017-11-15,0.073196351804291501,0.073196351804291501,False
2016-12-30,B1,bvps_growth_12m,0,scorable,100,0.096801947362259444,0.18149466192170816,2017-11-30,2017-12-13,0.073084481038898502,0.073084481038898502,False
2017-01-31,B1,bvps_growth_12m,0,scorable,100,0.089504891924047994,0.16326530612244894,2017-12-29,2018-01-24,0.0732698409074206,0.0732698409074206,False
2017-02-28,B1,bvps_growth_12m,0,scorable,100,0.083315257690944916,0.16950354609929064,2018-01-31,2018-02-14,0.073646865840873099,0.073646865840873099,False
2017-03-31,B1,bvps_growth_12m,0,scorable,100,0.083766743022317042,0.14492753623188404,2018-02-28,2018-03-14,0.074209322193723795,0.074209322193723795,False
2017-04-28,B1,bvps_growth_12m,1,scorable,100,0.084919364762548202,0.15064758009543278,2018-03-30,2018-04-17,0.074615482063284,0.074615482063284,False
2017-05-31,B1,bvps_growth_12m,1,scorable,100,0.075048143143047613,0.13898080741230978,2018-04-30,2018-05-16,0.075149584293326202,0.075149584293326202,False
2017-06-30,B1,bvps_growth_12m,1,scorable,100,0.075801749336952301,0.15635179153094469,2018-05-31,2018-06-13,0.075724196633152094,0.075724196633152094,False
2017-07-31,B1,bvps_growth_12m,1,scorable,100,0.077729079062334616,0.1653746770025839,2018-06-29,2018-07-17,0.076238156726470802,0.076238156726470802,False
2017-08-31,B1,bvps_growth_12m,1,scorable,100,0.066678489441159394,0.17317380352644829,2018-07-31,2018-08-15,0.076778654023105505,0.076778654023105505,False
2017-09-29,B1,bvps_growth_12m,1,scorable,100,0.071023254708793268,0.20566037735849063,2018-08-31,2018-09-13,0.077281384825638899,0.077281384825638899,False
2017-10-31,B1,bvps_growth_12m,2,scorable,100,0.07440338232892639,0.22041327489041929,2018-09-28,2018-10-16,0.077749485637106194,0.077749485637106194,False
2017-11-30,B1,bvps_growth_12m,2,scorable,100,0.066075323824131893,0.18700183936235448,2018-10-31,2018-11-14,0.078382851526355699,0.078382851526355699,False
2017-12-29,B1,bvps_growth_12m,2,scorable,100,0.068680963271961146,0.19759036144578301,2018-11-30,2018-12-12,0.0790795529479459,0.0790795529479459,False
2018-01-31,B1,bvps_growth_12m,2,scorable,100,0.054012584300907669,0.10964912280701755,2018-12-31,2019-01-23,0.079644558002808299,0.079644558002808299,False
2018-02-28,B1,bvps_growth_12m,2,scorable,100,0.032023281318458136,0.14129775621588858,2019-01-31,2019-02-13,0.080243617923451596,0.080243617923451596,False
2018-03-30,B1,bvps_growth_12m,2,scorable,100,0.034842051553887685,0.1597347799879445,2019-02-28,2019-03-13,0.080671988243375001,0.080671988243375001,False
2018-04-30,B1,bvps_growth_12m,3,scorable,100,0.021604812315404349,0.17831753554502372,2019-03-29,2019-04-16,0.081132353979243801,0.081132353979243801,False
2018-05-31,B1,bvps_growth_12m,3,scorable,100,0.017486357607050466,0.20511330621731538,2019-04-30,2019-05-15,0.081510448446126496,0.081510448446126496,False
2018-06-29,B1,bvps_growth_12m,3,scorable,100,0.0009925167153509995,0.1876056338028167,2019-05-31,2019-06-12,0.081996431193430502,0.081996431193430502,False
2018-07-31,B1,bvps_growth_12m,3,scorable,100,-0.00042797741261170474,0.21840354767184045,2019-06-28,2019-07-17,0.082534355359941206,0.082534355359941206,False
2018-08-31,B1,bvps_growth_12m,3,scorable,100,-0.019016423735814351,0.2061191626409018,2019-07-31,2019-08-14,0.083115377463572698,0.083115377463572698,False
2018-09-28,B1,bvps_growth_12m,3,scorable,100,-0.043138142211904644,0.20239958268127278,2019-08-30,2019-09-13,0.083895918864177202,0.083895918864177202,False
2018-10-31,B1,bvps_growth_12m,4,scorable,100,-0.072799173986592858,0.19599794766546941,2019-09-30,2019-10-16,0.084759952763077503,0.084759952763077503,False
2018-11-30,B1,bvps_growth_12m,4,scorable,100,-0.049259673158004738,0.23295454545454564,2019-10-31,2019-11-13,0.085402983496406307,0.085402983496406307,False
2018-12-31,B1,bvps_growth_12m,4,scorable,100,-0.054293906431765793,0.21931589537223339,2019-11-29,2019-12-11,0.086104154608589903,0.086104154608589903,False
2019-01-31,B1,bvps_growth_12m,4,scorable,100,-0.038415299701421601,0.27272727272727271,2019-12-31,2020-01-29,0.086250396647089403,0.086250396647089403,False
2019-02-28,B1,bvps_growth_12m,4,scorable,100,-0.044991951549513839,0.24548352816153041,2020-01-31,2020-02-19,0.086590195162946207,0.086590195162946207,False
2019-03-29,B1,bvps_growth_12m,4,scorable,100,-0.062545068067881862,0.23960498960498988,2020-02-28,2020-03-17,0.087038934947148705,0.087038934947148705,False
2019-04-30,B1,bvps_growth_12m,5,scorable,1,-0.17956429844808303,0.19054801407742583,2020-03-31,2020-04-15,0.087595511780062502,0.087595511780062502,False
2019-05-31,B1,bvps_growth_12m,5,scorable,1,-0.19650063961806452,0.24108003857280624,2020-04-30,2020-05-20,0.088307740837257995,0.088307740837257995,False
2019-06-28,B1,bvps_growth_12m,5,scorable,1,-0.1545385493054936,0.26185958254269459,2020-05-29,2020-06-17,0.088905920915363798,0.088905920915363798,False
2019-07-31,B1,bvps_growth_12m,5,scorable,1,-0.15752604560929084,0.2570518653321201,2020-06-30,2020-07-15,0.089681355806121105,0.089681355806121105,False
2019-08-30,B1,bvps_growth_12m,5,scorable,1,-0.14746280332443151,0.29817534490431696,2020-07-31,2020-08-19,0.090374437989661494,0.090374437989661494,False
2019-09-30,B1,bvps_growth_12m,5,scorable,1,-0.123066028014766,0.29110629067245131,2020-08-31,2020-09-17,0.091037308668310099,0.091037308668310099,False
2019-10-31,B1,bvps_growth_12m,6,scorable,1,-0.081521087137526566,0.28871728871728886,2020-09-30,2020-10-14,0.091654724191822801,0.091654724191822801,False
2019-11-29,B1,bvps_growth_12m,6,scorable,1,-0.1245519550241016,0.26518642647674895,2020-10-30,2020-11-24,0.092481038936049198,0.092481038936049198,False
2019-12-31,B1,bvps_growth_12m,6,scorable,1,-0.12329033185282243,0.30528052805280548,2020-11-30,2020-12-18,0.093218450892073604,0.093218450892073604,False
2020-01-31,B1,bvps_growth_12m,6,scorable,1,-0.15941645778860977,0.254214729370009,2020-12-31,2021-01-27,0.094256074139675905,0.094256074139675905,False
2020-02-28,B1,bvps_growth_12m,6,scorable,1,-0.11745392356485196,0.23549488054607504,2021-01-29,2021-02-17,0.095125197438651998,0.095125197438651998,False
2020-03-31,B1,bvps_growth_12m,6,scorable,1,-0.071904970176195793,0.22054507337526186,2021-02-26,2021-03-17,0.095950796251031104,0.095950796251031104,False
2020-04-30,B1,bvps_growth_12m,7,scorable,100,0.012512149868187786,0.25168918918918926,2021-03-31,2021-04-15,0.096488280443226507,0.096488280443226507,False
2020-05-29,B1,bvps_growth_12m,7,scorable,100,-0.016787328959049677,0.1787101787101788,2021-04-30,2021-05-19,0.097305183031529296,0.097305183031529296,False
2020-06-30,B1,bvps_growth_12m,7,scorable,100,-0.031768748920481163,0.16165413533834583,2021-05-31,2021-06-16,0.098229645950131297,0.098229645950131297,False
2020-07-31,B1,bvps_growth_12m,7,scorable,100,-0.033006637168575201,0.12450235251538189,2021-06-30,2021-07-15,0.099116920918745799,0.099116920918745799,False
2020-08-31,B1,bvps_growth_12m,7,scorable,100,-0.052353510825630514,0.086732944806307666,2021-07-30,2021-08-18,0.10022280105199891,0.10022280105199891,False
2020-09-30,B1,bvps_growth_12m,7,scorable,100,-0.063299142105733272,0.05745967741935476,2021-08-31,2021-09-17,0.1012774059670291,0.1012774059670291,False
2020-10-30,B1,bvps_growth_12m,8,scorable,100,-0.011371868952666023,0.027962716378162389,2021-09-30,2021-10-14,0.10230729543268979,0.10230729543268979,False
2020-11-30,B1,bvps_growth_12m,8,scorable,100,-0.0032573595495049151,0.030794701986754935,2021-10-29,2021-11-17,0.10319734532910541,0.10319734532910541,False
2020-12-31,B1,bvps_growth_12m,8,scorable,100,-0.019590487771458512,-0.0075853350189634128,2021-11-30,2021-12-15,0.1042956234960821,0.1042956234960821,False
2021-01-29,B1,bvps_growth_12m,8,scorable,100,-0.022864377650475873,0.073576229218252687,2021-12-31,2022-01-26,0.1051059970413466,0.1051059970413466,False
2021-02-26,B1,bvps_growth_12m,8,scorable,100,-0.025883283855676356,0.024171270718231996,2022-01-31,2022-02-16,0.10580701254406009,0.10580701254406009,False
2021-03-31,B1,bvps_growth_12m,8,scorable,100,-0.032174043966089375,0.006526966678117585,2022-02-28,2022-03-16,0.1064205850618741,0.1064205850618741,False
2021-04-30,B1,bvps_growth_12m,9,scorable,100,0.037292744461155602,-0.044871794871794934,2022-03-31,2022-04-14,0.1071932904029768,0.1071932904029768,False
2021-05-31,B1,bvps_growth_12m,9,scorable,100,0.056919821481345653,-0.10942649967040208,2022-04-29,2022-05-18,0.1075716866374065,0.1075716866374065,False
2021-06-30,B1,bvps_growth_12m,9,scorable,100,0.055445291513959945,-0.12038834951456312,2022-05-31,2022-06-21,0.10785633110425349,0.10785633110425349,False
2021-07-30,B1,bvps_growth_12m,9,scorable,100,0.08480127920104627,-0.16575474734470541,2022-06-30,2022-07-15,0.1079434830488144,0.1079434830488144,False
2021-08-31,B1,bvps_growth_12m,9,scorable,100,0.095460360304983172,-0.12176656151419551,2022-07-29,2022-08-17,0.10783301149546801,0.10783301149546801,False
2021-09-30,B1,bvps_growth_12m,9,scorable,100,0.1020013734617176,-0.14394661582459478,2022-08-31,2022-09-15,0.10757200976450371,0.10757200976450371,False
2021-10-29,B1,bvps_growth_12m,10,scorable,100,0.13569022179005516,-0.209520725388601,2022-09-30,2022-10-13,0.10716165258209991,0.10716165258209991,False
2021-11-30,B1,bvps_growth_12m,10,scorable,100,0.13792104257939197,-0.20719563122389972,2022-10-31,2022-11-16,0.1067700271944314,0.1067700271944314,False
2021-12-31,B1,bvps_growth_12m,10,scorable,100,0.12146890235237394,-0.15955414012738844,2022-11-30,2022-12-14,0.1061865814688529,0.1061865814688529,False
2022-01-31,B1,bvps_growth_12m,10,scorable,100,0.10616374848528468,-0.13278418451400331,2022-12-30,2023-01-25,0.10602104668585489,0.10602104668585489,False
2022-02-28,B1,bvps_growth_12m,10,scorable,100,0.08802446043788717,-0.054281861092380312,2023-01-31,2023-02-15,0.10560766397894771,0.10560766397894771,False
2022-03-31,B1,bvps_growth_12m,10,scorable,100,0.079295130884968312,-0.067576791808873771,2023-02-28,2023-03-15,0.1051097710276873,0.1051097710276873,False
2022-04-29,B1,bvps_growth_12m,11,scorable,100,0.064296271393758153,-0.01200989049805723,2023-03-31,2023-04-13,0.1043598631981898,0.1043598631981898,False
2022-05-31,B1,bvps_growth_12m,11,scorable,100,0.041109894652739454,0.058475203552923904,2023-04-28,2023-05-17,0.103296249452575,0.103296249452575,False
2022-06-30,B1,bvps_growth_12m,11,scorable,100,0.032129138081919029,0.036423841059602724,2023-05-31,2023-06-14,0.1021888999527376,0.1021888999527376,False
2022-07-29,B1,bvps_growth_12m,11,scorable,100,0.01199157268434245,0.069058641975308532,2023-06-30,2023-07-13,0.1008689805079226,0.1008689805079226,False
2022-08-31,B1,bvps_growth_12m,11,scorable,100,0.031953682879170511,0.035201149425287293,2023-07-31,2023-08-16,0.099777629811735796,0.099777629811735796,False
2022-09-30,B1,bvps_growth_12m,11,scorable,100,0.036346825529832205,0.073867854491462381,2023-08-31,2023-09-15,0.098588731052534198,0.098588731052534198,False
2016-10-31,B2,bvps_growth_12m,0,unscorable,,,0.14562410329985664,2017-09-29,2017-10-17,0.073305946681205103,0.073305946681205103,False
2016-11-30,B2,bvps_growth_12m,0,unscorable,,,0.17085427135678377,2017-10-31,2017-11-15,0.073196351804291501,0.073196351804291501,False
2016-12-30,B2,bvps_growth_12m,0,unscorable,,,0.18149466192170816,2017-11-30,2017-12-13,0.073084481038898502,0.073084481038898502,False
2017-01-31,B2,bvps_growth_12m,0,unscorable,,,0.16326530612244894,2017-12-29,2018-01-24,0.0732698409074206,0.0732698409074206,False
2017-02-28,B2,bvps_growth_12m,0,unscorable,,,0.16950354609929064,2018-01-31,2018-02-14,0.073646865840873099,0.073646865840873099,False
2017-03-31,B2,bvps_growth_12m,0,unscorable,,,0.14492753623188404,2018-02-28,2018-03-14,0.074209322193723795,0.074209322193723795,False
2017-04-28,B2,bvps_growth_12m,1,scorable,100,0.10112019230584809,0.15064758009543278,2018-03-30,2018-04-17,0.074615482063284,0.074615482063284,False
2017-05-31,B2,bvps_growth_12m,1,scorable,100,0.076595309873016409,0.13898080741230978,2018-04-30,2018-05-16,0.075149584293326202,0.075149584293326202,False
2017-06-30,B2,bvps_growth_12m,1,scorable,100,0.078974717691768809,0.15635179153094469,2018-05-31,2018-06-13,0.075724196633152094,0.075724196633152094,False
2017-07-31,B2,bvps_growth_12m,1,scorable,100,0.07777385678695134,0.1653746770025839,2018-06-29,2018-07-17,0.076238156726470802,0.076238156726470802,False
2017-08-31,B2,bvps_growth_12m,1,scorable,100,0.056172453696692139,0.17317380352644829,2018-07-31,2018-08-15,0.076778654023105505,0.076778654023105505,False
2017-09-29,B2,bvps_growth_12m,1,scorable,100,0.070641491469850298,0.20566037735849063,2018-08-31,2018-09-13,0.077281384825638899,0.077281384825638899,False
2017-10-31,B2,bvps_growth_12m,2,scorable,100,0.085860693534390131,0.22041327489041929,2018-09-28,2018-10-16,0.077749485637106194,0.077749485637106194,False
2017-11-30,B2,bvps_growth_12m,2,scorable,100,0.071515880169495893,0.18700183936235448,2018-10-31,2018-11-14,0.078382851526355699,0.078382851526355699,False
2017-12-29,B2,bvps_growth_12m,2,scorable,100,0.074381325544061974,0.19759036144578301,2018-11-30,2018-12-12,0.0790795529479459,0.0790795529479459,False
2018-01-31,B2,bvps_growth_12m,2,scorable,100,0.063697069774047543,0.10964912280701755,2018-12-31,2019-01-23,0.079644558002808299,0.079644558002808299,False
2018-02-28,B2,bvps_growth_12m,2,scorable,100,0.037298865401625164,0.14129775621588858,2019-01-31,2019-02-13,0.080243617923451596,0.080243617923451596,False
2018-03-30,B2,bvps_growth_12m,2,scorable,100,0.037903727208707313,0.1597347799879445,2019-02-28,2019-03-13,0.080671988243375001,0.080671988243375001,False
2018-04-30,B2,bvps_growth_12m,3,scorable,100,0.044254967273413832,0.17831753554502372,2019-03-29,2019-04-16,0.081132353979243801,0.081132353979243801,False
2018-05-31,B2,bvps_growth_12m,3,scorable,100,0.041513355301180457,0.20511330621731538,2019-04-30,2019-05-15,0.081510448446126496,0.081510448446126496,False
2018-06-29,B2,bvps_growth_12m,3,scorable,100,0.018424228893176006,0.1876056338028167,2019-05-31,2019-06-12,0.081996431193430502,0.081996431193430502,False
2018-07-31,B2,bvps_growth_12m,3,scorable,100,0.014551378496776103,0.21840354767184045,2019-06-28,2019-07-17,0.082534355359941206,0.082534355359941206,False
2018-08-31,B2,bvps_growth_12m,3,scorable,100,-0.0040702297296896575,0.2061191626409018,2019-07-31,2019-08-14,0.083115377463572698,0.083115377463572698,False
2018-09-28,B2,bvps_growth_12m,3,scorable,100,-0.04141989107831006,0.20239958268127278,2019-08-30,2019-09-13,0.083895918864177202,0.083895918864177202,False
2018-10-31,B2,bvps_growth_12m,4,scorable,100,-0.05854735297768867,0.19599794766546941,2019-09-30,2019-10-16,0.084759952763077503,0.084759952763077503,False
2018-11-30,B2,bvps_growth_12m,4,scorable,100,-0.034197274345370697,0.23295454545454564,2019-10-31,2019-11-13,0.085402983496406307,0.085402983496406307,False
2018-12-31,B2,bvps_growth_12m,4,scorable,100,-0.038854171329307456,0.21931589537223339,2019-11-29,2019-12-11,0.086104154608589903,0.086104154608589903,False
2019-01-31,B2,bvps_growth_12m,4,scorable,100,-0.027463775832770702,0.27272727272727271,2019-12-31,2020-01-29,0.086250396647089403,0.086250396647089403,False
2019-02-28,B2,bvps_growth_12m,4,scorable,100,-0.033056827050880387,0.24548352816153041,2020-01-31,2020-02-19,0.086590195162946207,0.086590195162946207,False
2019-03-29,B2,bvps_growth_12m,4,scorable,100,-0.045616609172638302,0.23960498960498988,2020-02-28,2020-03-17,0.087038934947148705,0.087038934947148705,False
2019-04-30,B2,bvps_growth_12m,5,scorable,100,-0.055853637747076176,0.19054801407742583,2020-03-31,2020-04-15,0.087595511780062502,0.087595511780062502,False
2019-05-31,B2,bvps_growth_12m,5,scorable,100,-0.072839196430466227,0.24108003857280624,2020-04-30,2020-05-20,0.088307740837257995,0.088307740837257995,False
2019-06-28,B2,bvps_growth_12m,5,scorable,100,-0.052649142924605333,0.26185958254269459,2020-05-29,2020-06-17,0.088905920915363798,0.088905920915363798,False
2019-07-31,B2,bvps_growth_12m,5,scorable,100,-0.054624013866967455,0.2570518653321201,2020-06-30,2020-07-15,0.089681355806121105,0.089681355806121105,False
2019-08-30,B2,bvps_growth_12m,5,scorable,100,-0.052025684675961928,0.29817534490431696,2020-07-31,2020-08-19,0.090374437989661494,0.090374437989661494,False
2019-09-30,B2,bvps_growth_12m,5,scorable,100,-0.037861385511460968,0.29110629067245131,2020-08-31,2020-09-17,0.091037308668310099,0.091037308668310099,False
2019-10-31,B2,bvps_growth_12m,6,scorable,100,-0.0065820144298859712,0.28871728871728886,2020-09-30,2020-10-14,0.091654724191822801,0.091654724191822801,False
2019-11-29,B2,bvps_growth_12m,6,scorable,100,-0.032195978181841028,0.26518642647674895,2020-10-30,2020-11-24,0.092481038936049198,0.092481038936049198,False
2019-12-31,B2,bvps_growth_12m,6,scorable,100,-0.030484250660515272,0.30528052805280548,2020-11-30,2020-12-18,0.093218450892073604,0.093218450892073604,False
2020-01-31,B2,bvps_growth_12m,6,scorable,100,-0.064396257562742365,0.254214729370009,2020-12-31,2021-01-27,0.094256074139675905,0.094256074139675905,False
2020-02-28,B2,bvps_growth_12m,6,scorable,100,-0.03666297841889718,0.23549488054607504,2021-01-29,2021-02-17,0.095125197438651998,0.095125197438651998,False
2020-03-31,B2,bvps_growth_12m,6,scorable,100,-0.014886898533205697,0.22054507337526186,2021-02-26,2021-03-17,0.095950796251031104,0.095950796251031104,False
2020-04-30,B2,bvps_growth_12m,7,scorable,100,0.015429294371480176,0.25168918918918926,2021-03-31,2021-04-15,0.096488280443226507,0.096488280443226507,False
2020-05-29,B2,bvps_growth_12m,7,scorable,100,-0.014888386296112818,0.1787101787101788,2021-04-30,2021-05-19,0.097305183031529296,0.097305183031529296,False
2020-06-30,B2,bvps_growth_12m,7,scorable,100,-0.025320158031098841,0.16165413533834583,2021-05-31,2021-06-16,0.098229645950131297,0.098229645950131297,False
2020-07-31,B2,bvps_growth_12m,7,scorable,100,-0.027544828901340038,0.12450235251538189,2021-06-30,2021-07-15,0.099116920918745799,0.099116920918745799,False
2020-08-31,B2,bvps_growth_12m,7,scorable,100,-0.047695885271706775,0.086732944806307666,2021-07-30,2021-08-18,0.10022280105199891,0.10022280105199891,False
2020-09-30,B2,bvps_growth_12m,7,scorable,100,-0.057613681437724093,0.05745967741935476,2021-08-31,2021-09-17,0.1012774059670291,0.1012774059670291,False
2020-10-30,B2,bvps_growth_12m,8,scorable,100,0.0070048836027339217,0.027962716378162389,2021-09-30,2021-10-14,0.10230729543268979,0.10230729543268979,False
2020-11-30,B2,bvps_growth_12m,8,scorable,100,0.016281872187522861,0.030794701986754935,2021-10-29,2021-11-17,0.10319734532910541,0.10319734532910541,False
2020-12-31,B2,bvps_growth_12m,8,scorable,100,-0.0030633283876219247,-0.0075853350189634128,2021-11-30,2021-12-15,0.1042956234960821,0.1042956234960821,False
2021-01-29,B2,bvps_growth_12m,8,scorable,100,-0.0079907512148696264,0.073576229218252687,2021-12-31,2022-01-26,0.1051059970413466,0.1051059970413466,False
2021-02-26,B2,bvps_growth_12m,8,scorable,100,-0.010004948377086195,0.024171270718231996,2022-01-31,2022-02-16,0.10580701254406009,0.10580701254406009,False
2021-03-31,B2,bvps_growth_12m,8,scorable,100,-0.018143039959198762,0.006526966678117585,2022-02-28,2022-03-16,0.1064205850618741,0.1064205850618741,False
2021-04-30,B2,bvps_growth_12m,9,scorable,100,0.069632571396385901,-0.044871794871794934,2022-03-31,2022-04-14,0.1071932904029768,0.1071932904029768,False
2021-05-31,B2,bvps_growth_12m,9,scorable,100,0.097660845902230356,-0.10942649967040208,2022-04-29,2022-05-18,0.1075716866374065,0.1075716866374065,False
2021-06-30,B2,bvps_growth_12m,9,scorable,100,0.088674622287228902,-0.12038834951456312,2022-05-31,2022-06-21,0.10785633110425349,0.10785633110425349,False
2021-07-30,B2,bvps_growth_12m,9,scorable,100,0.11427990537092107,-0.16575474734470541,2022-06-30,2022-07-15,0.1079434830488144,0.1079434830488144,False
2021-08-31,B2,bvps_growth_12m,9,scorable,100,0.11972422185765003,-0.12176656151419551,2022-07-29,2022-08-17,0.10783301149546801,0.10783301149546801,False
2021-09-30,B2,bvps_growth_12m,9,scorable,100,0.12204564862761665,-0.14394661582459478,2022-08-31,2022-09-15,0.10757200976450371,0.10757200976450371,False
2021-10-29,B2,bvps_growth_12m,10,scorable,1,0.20789377598758357,-0.209520725388601,2022-09-30,2022-10-13,0.10716165258209991,0.10716165258209991,False
2021-11-30,B2,bvps_growth_12m,10,scorable,1,0.21691474617446552,-0.20719563122389972,2022-10-31,2022-11-16,0.1067700271944314,0.1067700271944314,False
2021-12-31,B2,bvps_growth_12m,10,scorable,1,0.19065111567557919,-0.15955414012738844,2022-11-30,2022-12-14,0.1061865814688529,0.1061865814688529,False
2022-01-31,B2,bvps_growth_12m,10,scorable,1,0.17555171210351297,-0.13278418451400331,2022-12-30,2023-01-25,0.10602104668585489,0.10602104668585489,False
2022-02-28,B2,bvps_growth_12m,10,scorable,1,0.14920144621795117,-0.054281861092380312,2023-01-31,2023-02-15,0.10560766397894771,0.10560766397894771,False
2022-03-31,B2,bvps_growth_12m,10,scorable,1,0.14004911529406455,-0.067576791808873771,2023-02-28,2023-03-15,0.1051097710276873,0.1051097710276873,False
2022-04-29,B2,bvps_growth_12m,11,scorable,10,0.12166732355939154,-0.01200989049805723,2023-03-31,2023-04-13,0.1043598631981898,0.1043598631981898,False
2022-05-31,B2,bvps_growth_12m,11,scorable,10,0.091884573369945308,0.058475203552923904,2023-04-28,2023-05-17,0.103296249452575,0.103296249452575,False
2022-06-30,B2,bvps_growth_12m,11,scorable,10,0.078818361469443404,0.036423841059602724,2023-05-31,2023-06-14,0.1021888999527376,0.1021888999527376,False
2022-07-29,B2,bvps_growth_12m,11,scorable,10,0.053700464759548108,0.069058641975308532,2023-06-30,2023-07-13,0.1008689805079226,0.1008689805079226,False
2022-08-31,B2,bvps_growth_12m,11,scorable,10,0.046064779889921803,0.035201149425287293,2023-07-31,2023-08-16,0.099777629811735796,0.099777629811735796,False
2022-09-30,B2,bvps_growth_12m,11,scorable,10,0.052006575066263952,0.073867854491462381,2023-08-31,2023-09-15,0.098588731052534198,0.098588731052534198,False
2006-03-31,B3,pgr_drip_return_6m,0,unscorable,,,-0.057914988288796376,2006-09-29,2006-09-29,0.1536421092999061,0.1536421092999061,False
2006-04-28,B3,pgr_drip_return_6m,0,unscorable,,,-0.11563278878951366,2006-10-31,2006-10-31,0.1506038710078112,0.1506038710078112,False
2006-05-31,B3,pgr_drip_return_6m,0,unscorable,,,-0.15563830995497951,2006-11-30,2006-11-30,0.14711507471181359,0.14711507471181359,False
2006-06-30,B3,pgr_drip_return_6m,0,unscorable,,,-0.057250325229427412,2006-12-29,2006-12-29,0.143520561318629,0.143520561318629,False
2006-07-31,B3,pgr_drip_return_6m,0,unscorable,,,-0.042959022461494412,2007-01-31,2007-01-31,0.1407167057412145,0.1407167057412145,False
2006-08-31,B3,pgr_drip_return_6m,0,unscorable,,,-0.020706520027079178,2007-02-28,2007-02-28,0.13730193668592611,0.13730193668592611,False
2006-09-29,B3,pgr_drip_return_6m,1,unscorable,,,-0.11049350739240082,2007-03-30,2007-03-30,0.1347666519459946,0.1347666519459946,False
2006-10-31,B3,pgr_drip_return_6m,1,unscorable,,,-0.03799116908970035,2007-04-30,2007-04-30,0.1315564027057958,0.1315564027057958,False
2006-11-30,B3,pgr_drip_return_6m,1,unscorable,,,-0.0070341656284894638,2007-05-31,2007-05-31,0.1279210265961658,0.1279210265961658,False
2006-12-29,B3,pgr_drip_return_6m,1,unscorable,,,-0.011973575557390537,2007-06-29,2007-06-29,0.12560638469834581,0.12560638469834581,False
2007-01-31,B3,pgr_drip_return_6m,1,unscorable,,,-0.10670081092616301,2007-07-31,2007-07-31,0.1235253302889651,0.1235253302889651,False
2007-02-28,B3,pgr_drip_return_6m,1,unscorable,,,-0.049948656280823234,2007-08-31,2007-08-31,0.1217664052851109,0.1217664052851109,False
2007-03-30,B3,pgr_drip_return_6m,2,unscorable,,,-0.032725156258822108,2007-09-28,2007-09-28,0.118968093084177,0.118968093084177,False
2007-04-30,B3,pgr_drip_return_6m,2,unscorable,,,-0.13142079639529447,2007-10-31,2007-10-31,0.11709953043924989,0.11709953043924989,False
2007-05-31,B3,pgr_drip_return_6m,2,unscorable,,,-0.12015439986198384,2007-11-30,2007-11-30,0.1156391340149235,0.1156391340149235,False
2007-06-29,B3,pgr_drip_return_6m,2,unscorable,,,-0.13937019963388919,2007-12-31,2007-12-31,0.1141552652989664,0.1141552652989664,False
2007-07-31,B3,pgr_drip_return_6m,2,unscorable,,,-0.039846495326965159,2008-01-31,2008-01-31,0.1116166897101718,0.1116166897101718,False
2007-08-31,B3,pgr_drip_return_6m,2,unscorable,,,-0.091880542722731051,2008-02-29,2008-02-29,0.109780719869365,0.109780719869365,False
2007-09-28,B3,pgr_drip_return_6m,3,unscorable,,,-0.17141166263509588,2008-03-31,2008-03-31,0.1081795302499472,0.1081795302499472,False
2007-10-31,B3,pgr_drip_return_6m,3,unscorable,,,0.019735988555237061,2008-04-30,2008-04-30,0.1055173043983334,0.1055173043983334,False
2007-11-30,B3,pgr_drip_return_6m,3,unscorable,,,0.098612586298459926,2008-05-30,2008-05-30,0.1030373955603079,0.1030373955603079,False
2007-12-31,B3,pgr_drip_return_6m,3,unscorable,,,0.028982431032732681,2008-06-30,2008-06-30,0.10040253039515359,0.10040253039515359,False
2008-01-31,B3,pgr_drip_return_6m,3,unscorable,,,0.040894220283533178,2008-07-31,2008-07-31,0.098894476355130795,0.098894476355130795,False
2008-02-29,B3,pgr_drip_return_6m,3,unscorable,,,0.0076377523186033081,2008-08-29,2008-08-29,0.096864954875579098,0.096864954875579098,False
2008-03-31,B3,pgr_drip_return_6m,4,unscorable,,,0.087092731829573999,2008-09-30,2008-09-30,0.094040990480729905,0.094040990480729905,False
2008-04-30,B3,pgr_drip_return_6m,4,unscorable,,,-0.2344420600858369,2008-10-31,2008-10-31,0.093266980044006007,0.093266980044006007,False
2008-05-30,B3,pgr_drip_return_6m,4,unscorable,,,-0.25124626121635096,2008-11-28,2008-11-28,0.093322089386835394,0.093322089386835394,False
2008-06-30,B3,pgr_drip_return_6m,4,unscorable,,,-0.27145811789038266,2008-12-31,2008-12-31,0.092665562260773202,0.092665562260773202,False
2008-07-31,B3,pgr_drip_return_6m,4,unscorable,,,-0.36354112100576219,2009-01-30,2009-01-30,0.092142619412518195,0.092142619412518195,False
2008-08-29,B3,pgr_drip_return_6m,4,unscorable,,,-0.3735787763941526,2009-02-27,2009-02-27,0.091297570741579098,0.091297570741579098,False
2008-09-30,B3,pgr_drip_return_6m,5,unscorable,,,-0.2259365994236312,2009-03-31,2009-03-31,0.091255938673143397,0.091255938673143397,False
2008-10-31,B3,pgr_drip_return_6m,5,unscorable,,,0.083391730903994432,2009-04-30,2009-04-30,0.088062821038251402,0.088062821038251402,False
2008-11-28,B3,pgr_drip_return_6m,5,unscorable,,,0.073901464713715059,2009-05-29,2009-05-29,0.084768558103740704,0.084768558103740704,False
2008-12-31,B3,pgr_drip_return_6m,5,unscorable,,,0.068133427963094517,2009-06-30,2009-06-30,0.0813433016037972,0.0813433016037972,False
2009-01-30,B3,pgr_drip_return_6m,5,unscorable,,,0.28230452674897122,2009-07-31,2009-07-31,0.077106307102753804,0.077106307102753804,False
2009-02-27,B3,pgr_drip_return_6m,5,unscorable,,,0.4382022471910112,2009-08-31,2009-08-31,0.072854561032028295,0.072854561032028295,False
2009-03-31,B3,pgr_drip_return_6m,6,unscorable,,,0.21518987341772156,2009-09-30,2009-09-30,0.070062120280106194,0.070062120280106194,False
2009-04-30,B3,pgr_drip_return_6m,6,unscorable,,,0.034928848641655907,2009-10-30,2009-10-30,0.070185542600697801,0.070185542600697801,False
2009-05-29,B3,pgr_drip_return_6m,6,unscorable,,,0.029758214507129566,2009-11-30,2009-11-30,0.070219633629257594,0.070219633629257594,False
2009-06-30,B3,pgr_drip_return_6m,6,unscorable,,,0.19534883720930218,2009-12-31,2009-12-31,0.070200668123201498,0.070200668123201498,False
2009-07-31,B3,pgr_drip_return_6m,6,unscorable,,,0.074347849218419082,2010-01-29,2010-01-29,0.072111513696406698,0.072111513696406698,False
2009-08-31,B3,pgr_drip_return_6m,6,unscorable,,,0.040491767289474678,2010-02-26,2010-02-26,0.075380180959751394,0.075380180959751394,False
2009-09-30,B3,pgr_drip_return_6m,7,unscorable,,,0.19203609500342456,2010-03-31,2010-03-31,0.076617434875308602,0.076617434875308602,False
2009-10-30,B3,pgr_drip_return_6m,7,unscorable,,,0.26761625592066296,2010-04-30,2010-04-30,0.0762517455223818,0.0762517455223818,False
2009-11-30,B3,pgr_drip_return_6m,7,unscorable,,,0.19067339433648112,2010-05-31,2010-05-31,0.075847453948336196,0.075847453948336196,False
2009-12-31,B3,pgr_drip_return_6m,7,unscorable,,,0.093725963144448032,2010-06-30,2010-06-30,0.076877638286792796,0.076877638286792796,False
2010-01-29,B3,pgr_drip_return_6m,7,unscorable,,,0.18455971049457198,2010-07-30,2010-07-30,0.076856016158003193,0.076856016158003193,False
2010-02-26,B3,pgr_drip_return_6m,7,unscorable,,,0.16034985422740533,2010-08-31,2010-08-31,0.076547844557422501,0.076547844557422501,False
2010-03-31,B3,pgr_drip_return_6m,8,unscorable,,,0.10742086144265706,2010-09-30,2010-09-30,0.077518334056968702,0.077518334056968702,False
2010-04-30,B3,pgr_drip_return_6m,8,unscorable,,,0.053260328521652633,2010-10-29,2010-10-29,0.079102483405832799,0.079102483405832799,False
2010-05-31,B3,pgr_drip_return_6m,8,unscorable,,,0.054109239407861054,2010-11-30,2010-11-30,0.080024557049887798,0.080024557049887798,False
2010-06-30,B3,pgr_drip_return_6m,8,unscorable,,,0.068114115476359371,2010-12-31,2010-12-31,0.080136863657220295,0.080136863657220295,False
2010-07-30,B3,pgr_drip_return_6m,8,unscorable,,,0.070044198042061856,2011-01-31,2011-01-31,0.080985829891670302,0.080985829891670302,False
2010-08-31,B3,pgr_drip_return_6m,8,unscorable,,,0.0974253215523877,2011-02-28,2011-02-28,0.081625862345990702,0.081625862345990702,False
2010-09-30,B3,pgr_drip_return_6m,9,unscorable,,,0.045412576580755593,2011-03-31,2011-03-31,0.081832222338763999,0.081832222338763999,False
2010-10-29,B3,pgr_drip_return_6m,9,unscorable,,,0.10835949565833114,2011-04-29,2011-04-29,0.081605461276723495,0.081605461276723495,False
2010-11-30,B3,pgr_drip_return_6m,9,unscorable,,,0.11709747673944904,2011-05-31,2011-05-31,0.081388955592716694,0.081388955592716694,False
2010-12-31,B3,pgr_drip_return_6m,9,unscorable,,,0.055731070696799945,2011-06-30,2011-06-30,0.081285245904307593,0.081285245904307593,False
2011-01-31,B3,pgr_drip_return_6m,9,unscorable,,,0.0010172939979653517,2011-07-29,2011-07-29,0.081198105998398801,0.081198105998398801,False
2011-02-28,B3,pgr_drip_return_6m,9,unscorable,,,-0.1071953010279002,2011-08-31,2011-08-31,0.081322930733429402,0.081322930733429402,False
2011-03-31,B3,pgr_drip_return_6m,10,scorable,1,-0.10228062078567253,-0.14901772879731667,2011-09-30,2011-09-30,0.081048805892569298,0.081048805892569298,False
2011-04-29,B3,pgr_drip_return_6m,10,scorable,1,-0.099777035180579191,-0.11257976298997274,2011-10-31,2011-10-31,0.081255705057461505,0.081255705057461505,False
2011-05-31,B3,pgr_drip_return_6m,10,scorable,1,-0.14595333393862425,-0.18535681186283592,2011-11-30,2011-11-30,0.081525192062589194,0.081525192062589194,False
2011-06-30,B3,pgr_drip_return_6m,10,scorable,1,-0.12699913684367176,-0.051070038910505655,2011-12-30,2011-12-30,0.081332698619560898,0.081332698619560898,False
2011-07-29,B3,pgr_drip_return_6m,10,scorable,1,-0.12976645491430899,0.058403481142348612,2012-01-31,2012-01-31,0.080737769696438005,0.080737769696438005,False
2011-08-31,B3,pgr_drip_return_6m,10,scorable,1,-0.17176691186357307,0.19785796253716392,2012-02-29,2012-02-29,0.079355908882288398,0.079355908882288398,False
2011-09-30,B3,pgr_drip_return_6m,11,scorable,1,-0.14104912353279619,0.33069479224784071,2012-03-30,2012-03-30,0.077688948023313206,0.077688948023313206,False
2011-10-31,B3,pgr_drip_return_6m,11,scorable,1,-0.17874993282997098,0.12637355597850974,2012-04-30,2012-04-30,0.076310189247854598,0.076310189247854598,False
2011-11-30,B3,pgr_drip_return_6m,11,scorable,1,-0.14420518048714825,0.25326780476002453,2012-05-31,2012-05-31,0.0744276928369864,0.0744276928369864,False
2011-12-30,B3,pgr_drip_return_6m,11,scorable,1,-0.12553002272877362,0.088528959507944371,2012-06-29,2012-06-29,0.073531280467361404,0.073531280467361404,False
2012-01-31,B3,pgr_drip_return_6m,11,scorable,1,-0.073598241832891251,-0.031815956926088962,2012-07-31,2012-07-31,0.073423991110446396,0.073423991110446396,False
2012-02-29,B3,pgr_drip_return_6m,11,scorable,1,-0.14031249500175619,-0.08866075594960332,2012-08-31,2012-08-31,0.074300286683874006,0.074300286683874006,False
2012-03-30,B3,pgr_drip_return_6m,12,scorable,10,-0.038118190173863073,-0.10526315789473695,2012-09-28,2012-09-28,0.076093255254251396,0.076093255254251396,False
2012-04-30,B3,pgr_drip_return_6m,12,scorable,10,-0.02947546293440205,0.049744304974430387,2012-10-31,2012-10-31,0.076442424009281001,0.076442424009281001,False
2012-05-31,B3,pgr_drip_return_6m,12,scorable,10,-0.0378679882339025,0.026948187533282653,2012-11-30,2012-11-30,0.077661909393768894,0.077661909393768894,False
2012-06-29,B3,pgr_drip_return_6m,12,scorable,10,-0.035186570652252488,0.045348630503718956,2012-12-31,2012-12-31,0.077736341243865997,0.077736341243865997,False
2012-07-31,B3,pgr_drip_return_6m,12,scorable,10,-0.041984118912086713,0.20978195764512497,2013-01-31,2013-01-31,0.076991087514818701,0.076991087514818701,False
2012-08-31,B3,pgr_drip_return_6m,12,scorable,10,-0.045830496420512123,0.33842814234667729,2013-02-28,2013-02-28,0.0758718183022212,0.0758718183022212,False
2012-09-28,B3,pgr_drip_return_6m,13,scorable,100,0.034197043360958385,0.28838401073347142,2013-03-29,2013-03-29,0.074656147321033595,0.074656147321033595,False
2012-10-31,B3,pgr_drip_return_6m,13,scorable,100,0.048736986598845095,0.17964971329657642,2013-04-30,2013-04-30,0.074490068372056198,0.074490068372056198,False
2012-11-30,B3,pgr_drip_return_6m,13,scorable,100,0.070203168579194244,0.21454992750621393,2013-05-31,2013-05-31,0.074175221479084202,0.074175221479084202,False
2012-12-31,B3,pgr_drip_return_6m,13,scorable,100,0.060346108112679923,0.23445129107981222,2013-06-28,2013-06-28,0.073985572854246298,0.073985572854246298,False
2013-01-31,B3,pgr_drip_return_6m,13,scorable,100,0.043505354111772275,0.14891736632788333,2013-07-31,2013-07-31,0.074873130924774906,0.074873130924774906,False
2013-02-28,B3,pgr_drip_return_6m,13,scorable,100,0.019662737893506047,0.014158576051779947,2013-08-30,2013-08-30,0.076584527102839195,0.076584527102839195,False
2013-03-29,B3,pgr_drip_return_6m,14,scorable,100,0.037245600762309816,0.081123862287297177,2013-09-30,2013-09-30,0.077950975384327104,0.077950975384327104,False
2013-04-30,B3,pgr_drip_return_6m,14,scorable,100,0.038833688604765715,0.050019849146486717,2013-10-31,2013-10-31,0.078602890370944103,0.078602890370944103,False
2013-05-31,B3,pgr_drip_return_6m,14,scorable,100,0.044054000692130529,0.095723813260102153,2013-11-29,2013-11-29,0.079468795066073197,0.079468795066073197,False
2013-06-28,B3,pgr_drip_return_6m,14,scorable,100,0.04648096607502479,0.064909520062942594,2013-12-31,2013-12-31,0.080449696939577903,0.080449696939577903,False
2013-07-31,B3,pgr_drip_return_6m,14,scorable,100,0.046568556391318787,-0.070111662531017416,2014-01-31,2014-01-31,0.080880311212460296,0.080880311212460296,False
2013-08-30,B3,pgr_drip_return_6m,14,scorable,100,0.042689942798429088,0.016254487435181542,2014-02-28,2014-02-28,0.080463300367706103,0.080463300367706103,False
2013-09-30,B3,pgr_drip_return_6m,15,scorable,100,0.046159965401686681,-0.086861805129173963,2014-03-31,2014-03-31,0.080467403236771803,0.080467403236771803,False
2013-10-31,B3,pgr_drip_return_6m,15,scorable,100,0.069421409389001348,-0.064299652417830422,2014-04-30,2014-04-30,0.080279455372017,0.080279455372017,False
2013-11-29,B3,pgr_drip_return_6m,15,scorable,100,0.10656303725714157,-0.067695159557880857,2014-05-30,2014-05-30,0.080374206033907103,0.080374206033907103,False
2013-12-31,B3,pgr_drip_return_6m,15,scorable,100,0.10706127729865508,-0.029237222493654347,2014-06-30,2014-06-30,0.080279909168230495,0.080279909168230495,False
2014-01-31,B3,pgr_drip_return_6m,15,scorable,100,0.047983986547400242,0.040877796901893415,2014-07-31,2014-07-31,0.079368445097325893,0.079368445097325893,False
2014-02-28,B3,pgr_drip_return_6m,15,scorable,100,0.030201693325656739,0.021641486320947312,2014-08-29,2014-08-29,0.078988240533096096,0.078988240533096096,False
2014-03-31,B3,pgr_drip_return_6m,16,scorable,100,0.048479659537492809,0.061718098415346034,2014-09-30,2014-09-30,0.077995126487214295,0.077995126487214295,False
2014-04-30,B3,pgr_drip_return_6m,16,scorable,100,0.056071345376176182,0.1101303068516184,2014-10-31,2014-10-31,0.0771481337556367,0.0771481337556367,False
2014-05-30,B3,pgr_drip_return_6m,16,scorable,100,0.057599241071467883,0.088294047143427701,2014-11-28,2014-11-28,0.076291072848456098,0.076291072848456098,False
2014-06-30,B3,pgr_drip_return_6m,16,scorable,100,0.058469149793184141,0.069279493269992054,2014-12-31,2014-12-31,0.075670318169973105,0.075670318169973105,False
2014-07-31,B3,pgr_drip_return_6m,16,scorable,100,0.062049869828564655,0.072757337742868966,2015-01-30,2015-01-30,0.075466853133317593,0.075466853133317593,False
2014-08-29,B3,pgr_drip_return_6m,16,scorable,100,0.058821711268006234,0.093313757471864545,2015-02-27,2015-02-27,0.075153914954175893,0.075153914954175893,False
2014-09-30,B3,pgr_drip_return_6m,17,scorable,100,0.065312036863307291,0.089739144254389558,2015-03-31,2015-03-31,0.075076251274760697,0.075076251274760697,False
2014-10-31,B3,pgr_drip_return_6m,17,scorable,100,0.079921446933559501,0.043932725313512444,2015-04-30,2015-04-30,0.075277711364282907,0.075277711364282907,False
2014-11-28,B3,pgr_drip_return_6m,17,scorable,100,0.10310144834940331,0.0302113066186811,2015-05-29,2015-05-29,0.075352090425877996,0.075352090425877996,False
2014-12-31,B3,pgr_drip_return_6m,17,scorable,100,0.10125338176469156,0.076226223214266531,2015-06-30,2015-06-30,0.0753175870329469,0.0753175870329469,False
2015-01-30,B3,pgr_drip_return_6m,17,scorable,100,0.08094126030623558,0.20641681609438622,2015-07-31,2015-07-31,0.075303122347692195,0.075303122347692195,False
2015-02-27,B3,pgr_drip_return_6m,17,scorable,100,0.054320695908968909,0.12757973733583494,2015-08-31,2015-08-31,0.075404305691086401,0.075404305691086401,False
2015-03-31,B3,pgr_drip_return_6m,18,scorable,100,0.043721321047851432,0.13466518682944884,2015-09-30,2015-09-30,0.075484388588088105,0.075484388588088105,False
2015-04-30,B3,pgr_drip_return_6m,18,scorable,100,0.040631616294638045,0.23343261355174993,2015-10-30,2015-10-30,0.075309101569895995,0.075309101569895995,False
2015-05-29,B3,pgr_drip_return_6m,18,scorable,100,0.03658147855176682,0.13825896122896864,2015-11-30,2015-11-30,0.0750599424817677,0.0750599424817677,False
2015-06-30,B3,pgr_drip_return_6m,18,scorable,100,0.038269410054429118,0.12288135593220351,2015-12-31,2015-12-31,0.075066350617660593,0.075066350617660593,False
2015-07-31,B3,pgr_drip_return_6m,18,scorable,100,0.04218297554997464,0.024590163934426146,2016-01-29,2016-01-29,0.075784112724090802,0.075784112724090802,False
2015-08-31,B3,pgr_drip_return_6m,18,scorable,100,0.035378480009247419,0.098923236738768461,2016-02-29,2016-02-29,0.076065610683937204,0.076065610683937204,False
2015-09-30,B3,pgr_drip_return_6m,19,scorable,100,0.054549208821108516,0.16724433465927624,2016-03-31,2016-03-31,0.076382365149588599,0.076382365149588599,False
2015-10-30,B3,pgr_drip_return_6m,19,scorable,100,0.066143836959641863,0.011970124962269679,2016-04-29,2016-04-29,0.077226721323793796,0.077226721323793796,False
2015-11-30,B3,pgr_drip_return_6m,19,scorable,100,0.075691760426086274,0.098812493573264604,2016-05-31,2016-05-31,0.077553096938259999,0.077553096938259999,False
2015-12-31,B3,pgr_drip_return_6m,19,scorable,100,0.078096883418144844,0.024541560754716807,2016-06-30,2016-06-30,0.077794204698866096,0.077794204698866096,False
2016-01-29,B3,pgr_drip_return_6m,19,scorable,100,0.084932558041776643,0.069888391167999941,2016-07-29,2016-07-29,0.077512701837678596,0.077512701837678596,False
2016-02-29,B3,pgr_drip_return_6m,19,scorable,100,0.054520289702114838,0.0040485829959515662,2016-08-31,2016-08-31,0.077625388863473796,0.077625388863473796,False
2016-03-31,B3,pgr_drip_return_6m,20,scorable,10,0.11388941900521463,-0.095087618500431015,2016-09-30,2016-09-30,0.078094598003765905,0.078094598003765905,False
2016-04-29,B3,pgr_drip_return_6m,20,scorable,10,0.069109578563083335,-0.034969325153374253,2016-10-31,2016-10-31,0.077750199706674794,0.077750199706674794,False
2016-05-31,B3,pgr_drip_return_6m,20,scorable,10,0.074691191131029996,0.0060150375939851397,2016-11-30,2016-11-30,0.077859330762978393,0.077859330762978393,False
2016-06-30,B3,pgr_drip_return_6m,20,scorable,10,0.074436034392069098,0.12058080808080818,2016-12-30,2016-12-30,0.077584496896956401,0.077584496896956401,False
2016-07-29,B3,pgr_drip_return_6m,20,scorable,10,0.068299123299726927,0.16887111657951404,2017-01-31,2017-01-31,0.077545029688090003,0.077545029688090003,False
2016-08-31,B3,pgr_drip_return_6m,20,scorable,10,0.059498610837116397,0.23292839885072447,2017-02-28,2017-02-28,0.077170047817211707,0.077170047817211707,False
2016-09-30,B3,pgr_drip_return_6m,21,scorable,10,0.036628546735207497,0.26609335338345841,2017-03-31,2017-03-31,0.076295643419660206,0.076295643419660206,False
2016-10-31,B3,pgr_drip_return_6m,21,scorable,10,0.074532146250099129,0.28517530698966098,2017-04-28,2017-04-28,0.075733699133937807,0.075733699133937807,False
2016-11-30,B3,pgr_drip_return_6m,21,scorable,10,0.10177504904356251,0.28722983242860489,2017-05-31,2017-05-31,0.075383354101073705,0.075383354101073705,False
2016-12-30,B3,pgr_drip_return_6m,21,scorable,10,0.096639034950488673,0.26422273684210529,2017-06-30,2017-06-30,0.075609341370972402,0.075609341370972402,False
2017-01-31,B3,pgr_drip_return_6m,21,scorable,10,0.10401859184092346,0.26489430470914099,2017-07-31,2017-07-31,0.076073330302358202,0.076073330302358202,False
2017-02-28,B3,pgr_drip_return_6m,21,scorable,10,0.053498331137262364,0.23943661971830998,2017-08-31,2017-08-31,0.076849840542696599,0.076849840542696599,False
2017-03-31,B3,pgr_drip_return_6m,22,scorable,100,0.057953483607404641,0.23583460949464019,2017-09-29,2017-09-29,0.077782074596099399,0.077782074596099399,False
2017-04-28,B3,pgr_drip_return_6m,22,scorable,100,0.054097067416155838,0.2311178247734138,2017-10-31,2017-10-31,0.0787987080882247,0.0787987080882247,False
2017-05-31,B3,pgr_drip_return_6m,22,scorable,100,0.042715984634278253,0.22576832151300241,2017-11-30,2017-11-30,0.079815445280129002,0.079815445280129002,False
2017-06-30,B3,pgr_drip_return_6m,22,scorable,100,0.046329625463075952,0.27738716262190954,2017-12-29,2017-12-29,0.080710626307128899,0.080710626307128899,False
2017-07-31,B3,pgr_drip_return_6m,22,scorable,100,0.043921945998216111,0.16116052520118584,2018-01-31,2018-01-31,0.081600402531293206,0.081600402531293206,False
2017-08-31,B3,pgr_drip_return_6m,22,scorable,100,0.038819975568735066,0.21681355331204033,2018-02-28,2018-02-28,0.082359230498538494,0.082359230498538494,False
2017-09-29,B3,pgr_drip_return_6m,23,scorable,10,0.028531732729947849,0.28417650161668995,2018-03-30,2018-03-30,0.083093562455457598,0.083093562455457598,False
2017-10-31,B3,pgr_drip_return_6m,23,scorable,10,0.053682311324814741,0.27261455691080094,2018-04-30,2018-04-30,0.083798439895066898,0.083798439895066898,False
2017-11-30,B3,pgr_drip_return_6m,23,scorable,10,0.058463591557568251,0.22717365378145216,2018-05-31,2018-05-31,0.084471282935910205,0.084471282935910205,False
2017-12-29,B3,pgr_drip_return_6m,23,scorable,10,0.052925951000036345,0.071791796350392678,2018-06-29,2018-06-29,0.085381263500466806,0.085381263500466806,False
2018-01-31,B3,pgr_drip_return_6m,23,scorable,10,0.09880051390157972,0.11431849289676843,2018-07-31,2018-07-31,0.085737034682160401,0.085737034682160401,False
2018-02-28,B3,pgr_drip_return_6m,23,scorable,10,0.044758366958328299,0.17016115058048875,2018-08-31,2018-08-31,0.086349541778561703,0.086349541778561703,False
2018-03-30,B3,pgr_drip_return_6m,24,scorable,100,0.088800557284418435,0.16592811422944376,2018-09-28,2018-09-28,0.087269667173157595,0.087269667173157595,False
2018-04-30,B3,pgr_drip_return_6m,24,scorable,100,0.073478038681403623,0.11692358150213189,2018-10-31,2018-10-31,0.0881277453663874,0.0881277453663874,False
2018-05-31,B3,pgr_drip_return_6m,24,scorable,100,0.074376801036446213,0.063191659983961479,2018-11-30,2018-11-30,0.088768509921295605,0.088768509921295605,False
2018-06-29,B3,pgr_drip_return_6m,24,scorable,100,0.063524410701762901,0.0084530853761624059,2018-12-31,2018-12-31,0.088690635088401498,0.088690635088401498,False
2018-07-31,B3,pgr_drip_return_6m,24,scorable,100,0.058072374765202134,0.090696509103056711,2019-01-31,2019-01-31,0.088807657270174895,0.088807657270174895,False
2018-08-31,B3,pgr_drip_return_6m,24,scorable,100,0.050069103431068879,0.11107947970439347,2019-02-28,2019-02-28,0.089177445876130801,0.089177445876130801,False
2018-09-28,B3,pgr_drip_return_6m,25,scorable,100,0.045124578576164934,0.053551802657520797,2019-03-29,2019-03-29,0.089524733968227299,0.089524733968227299,False
2018-10-31,B3,pgr_drip_return_6m,25,scorable,100,0.055188304103715134,0.16298183490545193,2019-04-30,2019-04-30,0.089648152200362,0.089648152200362,False
2018-11-30,B3,pgr_drip_return_6m,25,scorable,100,0.083961966137914179,0.24337308059228646,2019-05-31,2019-05-31,0.089529513221813101,0.089529513221813101,False
2018-12-31,B3,pgr_drip_return_6m,25,scorable,100,0.073962534208994346,0.39310933711262708,2019-06-28,2019-06-28,0.089167564883216505,0.089167564883216505,False
2019-01-31,B3,pgr_drip_return_6m,25,scorable,100,0.15026753480641383,0.3023799966850782,2019-07-31,2019-07-31,0.089174360190860197,0.089174360190860197,False
2019-02-28,B3,pgr_drip_return_6m,25,scorable,100,0.086469718612415106,0.051613544648385412,2019-08-30,2019-08-30,0.089271285498442196,0.089271285498442196,False
2019-03-29,B3,pgr_drip_return_6m,26,scorable,1,0.19576292767341394,0.07231991749741562,2019-09-30,2019-09-30,0.089113930948482203,0.089113930948482203,False
2019-04-30,B3,pgr_drip_return_6m,26,scorable,1,0.15158956169437265,-0.088109585991447581,2019-10-31,2019-10-31,0.089437912983381204,0.089437912983381204,False
2019-05-31,B3,pgr_drip_return_6m,26,scorable,1,0.14778011319142736,-0.076229757664960096,2019-11-29,2019-11-29,0.090110118955472496,0.090110118955472496,False
2019-06-28,B3,pgr_drip_return_6m,26,scorable,1,0.15980321794051083,-0.095030564096590942,2019-12-31,2019-12-31,0.091427506860503605,0.091427506860503605,False
2019-07-31,B3,pgr_drip_return_6m,26,scorable,1,0.11918613853761663,0.020191748548724187,2020-01-31,2020-01-31,0.092340721102168399,0.092340721102168399,False
2019-08-30,B3,pgr_drip_return_6m,26,scorable,1,0.14238232943595908,-0.0030149665506256085,2020-02-28,2020-02-28,0.092165172927798605,0.092165172927798605,False
2019-09-30,B3,pgr_drip_return_6m,27,scorable,1,0.09835484445796526,-0.014734229353228989,2020-03-31,2020-03-31,0.0920800001577112,0.0920800001577112,False
2019-10-31,B3,pgr_drip_return_6m,27,scorable,1,0.17775304491052038,0.2352514771167411,2020-04-30,2020-04-30,0.091309959191261794,0.091309959191261794,False
2019-11-29,B3,pgr_drip_return_6m,27,scorable,1,0.18725454751065951,0.098449952190076795,2020-05-29,2020-05-29,0.090597024225916103,0.090597024225916103,False
2019-12-31,B3,pgr_drip_return_6m,27,scorable,1,0.19311015962523947,0.11515862079177186,2020-06-30,2020-06-30,0.089810466648278395,0.089810466648278395,False
2020-01-31,B3,pgr_drip_return_6m,27,scorable,1,0.2831791907415952,0.12248277299572163,2020-07-31,2020-07-31,0.089516716782879396,0.089516716782879396,False
2020-02-28,B3,pgr_drip_return_6m,27,scorable,1,0.21844550911237176,0.28378559716016061,2020-08-31,2020-08-31,0.0891279281974445,0.0891279281974445,False
2020-03-31,B3,pgr_drip_return_6m,28,scorable,1,0.31088745561729059,0.26242816423455695,2020-09-30,2020-09-30,0.0886933585005798,0.0886933585005798,False
2020-04-30,B3,pgr_drip_return_6m,28,scorable,1,0.27591194853638085,0.11154413621885362,2020-10-30,2020-10-30,0.089304017328147106,0.089304017328147106,False
2020-05-29,B3,pgr_drip_return_6m,28,scorable,1,0.24737960932438693,0.14103495114139752,2020-11-30,2020-11-30,0.089341967265333597,0.089341967265333597,False
2020-06-30,B3,pgr_drip_return_6m,28,scorable,1,0.24402051798701815,0.27243408260232638,2020-12-31,2020-12-31,0.089448647651806504,0.089448647651806504,False
2020-07-31,B3,pgr_drip_return_6m,28,scorable,1,0.17488872867490124,0.011102757477413183,2021-01-29,2021-01-29,0.089584590554456306,0.089584590554456306,False
2020-08-31,B3,pgr_drip_return_6m,28,scorable,1,0.21214142612837433,-0.038813411757946614,2021-02-26,2021-02-26,0.090380496319233797,0.090380496319233797,False
2020-09-30,B3,pgr_drip_return_6m,29,scorable,1,0.21781392620850548,0.077612699961880471,2021-03-31,2021-03-31,0.091082731698479996,0.091082731698479996,False
2020-10-30,B3,pgr_drip_return_6m,29,scorable,1,0.28921055254107109,0.14838809172738876,2021-04-30,2021-04-30,0.091165908139619695,0.091165908139619695,False
2020-11-30,B3,pgr_drip_return_6m,29,scorable,1,0.38900042984924943,0.17378516995216242,2021-05-31,2021-05-31,0.091367807099141093,0.091367807099141093,False
2020-12-31,B3,pgr_drip_return_6m,29,scorable,1,0.38947975297632931,0.026108800965191747,2021-06-30,2021-06-30,0.092097913048750701,0.092097913048750701,False
2021-01-29,B3,pgr_drip_return_6m,29,scorable,1,0.51609515818657292,0.093655726730513589,2021-07-30,2021-07-30,0.091772631299468194,0.091772631299468194,False
2021-02-26,B3,pgr_drip_return_6m,29,scorable,1,0.46174572438836659,0.13659846469057335,2021-08-31,2021-08-31,0.091250287127238594,0.091250287127238594,False
2021-03-31,B3,pgr_drip_return_6m,30,scorable,10,0.41591919645876935,-0.036761849029369742,2021-09-30,2021-09-30,0.091195954110643504,0.091195954110643504,False
2021-04-30,B3,pgr_drip_return_6m,30,scorable,10,0.35401640041687765,-0.056181205282382574,2021-10-29,2021-10-29,0.091422907037694096,0.091422907037694096,False
2021-05-31,B3,pgr_drip_return_6m,30,scorable,10,0.32491355198577498,-0.043301441784625583,2021-11-30,2021-11-30,0.091748449578857999,0.091748449578857999,False
2021-06-30,B3,pgr_drip_return_6m,30,scorable,10,0.32610932306048279,0.077902801098590047,2021-12-31,2021-12-31,0.091490025765418398,0.091490025765418398,False
2021-07-30,B3,pgr_drip_return_6m,30,scorable,10,0.26924085085902882,0.16187542594637461,2022-01-31,2022-01-31,0.091498518710379506,0.091498518710379506,False
2021-08-31,B3,pgr_drip_return_6m,30,scorable,10,0.25503136813819027,0.11866819530074579,2022-02-28,2022-02-28,0.091674690374364695,0.091674690374364695,False
2021-09-30,B3,pgr_drip_return_6m,31,scorable,10,0.22526417209005214,0.2958596579392887,2022-03-31,2022-03-31,0.091174937302754805,0.091174937302754805,False
2021-10-29,B3,pgr_drip_return_6m,31,scorable,10,0.25837153397710849,0.15046111547587615,2022-04-29,2022-04-29,0.090603789463277504,0.090603789463277504,False
2021-11-30,B3,pgr_drip_return_6m,31,scorable,10,0.28712321784635852,0.29350734572512405,2022-05-31,2022-05-31,0.0900867808484207,0.0900867808484207,False
2021-12-31,B3,pgr_drip_return_6m,31,scorable,10,0.25962277638954595,0.13203885256590686,2022-06-30,2022-06-30,0.090039919387844503,0.090039919387844503,False
2022-01-31,B3,pgr_drip_return_6m,31,scorable,10,0.35064143961100891,0.060127712353061691,2022-07-29,2022-07-29,0.090315151213739203,0.090315151213739203,False
2022-02-28,B3,pgr_drip_return_6m,31,scorable,10,0.32507073249849255,0.16910094232819639,2022-08-31,2022-08-31,0.0904233689392622,0.0904233689392622,False
2022-03-31,B3,pgr_drip_return_6m,32,scorable,100,0.19497203497607898,-0.0022366100268935707,2022-09-30,2022-09-30,0.0912044955134068,0.0912044955134068,False
2022-04-29,B3,pgr_drip_return_6m,32,scorable,100,0.19048916950883338,0.21014504888390717,2022-10-31,2022-10-31,0.091428952407204001,0.091428952407204001,False
2022-05-31,B3,pgr_drip_return_6m,32,scorable,100,0.18920143614107271,0.095183324643819622,2022-11-30,2022-11-30,0.092191512381988597,0.092191512381988597,False
2022-06-30,B3,pgr_drip_return_6m,32,scorable,100,0.17034816134372582,0.12019302957835776,2022-12-30,2022-12-30,0.092341314412755199,0.092341314412755199,False
2022-07-29,B3,pgr_drip_return_6m,32,scorable,100,0.17489920456819755,0.17582523155126784,2023-01-31,2023-01-31,0.092220664217775097,0.092220664217775097,False
2022-08-31,B3,pgr_drip_return_6m,32,scorable,100,0.12168979492316857,0.1348789682463567,2023-02-28,2023-02-28,0.092507530927142298,0.092507530927142298,False
2022-09-30,B3,pgr_drip_return_6m,33,scorable,100,0.1274179600254422,0.233056465210701,2023-03-31,2023-03-31,0.092155322224710901,0.092155322224710901,False
2022-10-31,B3,pgr_drip_return_6m,33,scorable,100,0.15002218428510095,0.053204130886892909,2023-04-28,2023-04-28,0.092592321212337597,0.092592321212337597,False
2022-11-30,B3,pgr_drip_return_6m,33,scorable,100,0.15373941851526424,-0.021973518692585459,2023-05-31,2023-05-31,0.092601882110608699,0.092601882110608699,False
2022-12-30,B3,pgr_drip_return_6m,33,scorable,100,0.12230147810481304,0.022007938274276162,2023-06-30,2023-06-30,0.092703320152769594,0.092703320152769594,False
2023-01-31,B3,pgr_drip_return_6m,33,scorable,100,0.14414628910773294,-0.072984986614147429,2023-07-31,2023-07-31,0.093007796018698102,0.093007796018698102,False
2023-02-28,B3,pgr_drip_return_6m,33,scorable,100,0.10277435239628968,-0.063726795993206076,2023-08-31,2023-08-31,0.0931606105158794,0.0931606105158794,False
