date,endpoint,clean,archived_handling,difference,handling
2019-11-29,annual_excess_to_bvps,0.094260578131545869,0,0,x1 January-March cash minus December-February cash; negative when a December special is missed (F25)
2020-11-30,annual_excess_to_bvps,0.1490066225165563,0,0,x1 January-March cash minus December-February cash; negative when a December special is missed (F25)
2021-11-30,annual_excess_to_bvps,0.048185030517185999,-1.5,-1.5,x1 January-March cash minus December-February cash; negative when a December special is missed (F25)
2004-09-30,bvps_growth_12m,0.05187319884726227,0.05187319884726227,0,raw BVPS without split restatement (F15)
2004-10-29,bvps_growth_12m,0.04353982300884951,0.04353982300884951,0,raw BVPS without split restatement (F15)
2004-11-30,bvps_growth_12m,0.22517656834233479,0.22517656834233479,0,raw BVPS without split restatement (F15)
2004-12-31,bvps_growth_12m,0.23784225582345742,0.23784225582345742,0,raw BVPS without split restatement (F15)
2005-01-31,bvps_growth_12m,0.20326467158958406,0.20326467158958406,0,raw BVPS without split restatement (F15)
2005-02-28,bvps_growth_12m,0.20741023682200144,0.20741023682200144,0,raw BVPS without split restatement (F15)
2005-03-31,bvps_growth_12m,0.20767494356659166,0.20767494356659166,0,raw BVPS without split restatement (F15)
2005-04-29,bvps_growth_12m,0.21522804372408588,0.21522804372408588,0,raw BVPS without split restatement (F15)
2005-05-31,bvps_growth_12m,0.20853254873115112,0.20853254873115112,0,raw BVPS without split restatement (F15)
2005-06-30,bvps_growth_12m,0.18263365626121275,-0.70434158593469687,-0.88697524219590962,raw BVPS without split restatement (F15)
2005-07-29,bvps_growth_12m,0.17114568599717095,-0.70721357850070721,-0.87835926449787816,raw BVPS without split restatement (F15)
2005-08-31,bvps_growth_12m,0.1791666666666667,-0.70520833333333333,-0.88437500000000002,raw BVPS without split restatement (F15)
2005-09-30,bvps_growth_12m,0.18630136986301382,-0.70342465753424654,-0.88972602739726037,raw BVPS without split restatement (F15)
2005-10-31,bvps_growth_12m,0.19538670284938942,-0.70115332428765265,-0.89654002713704206,raw BVPS without split restatement (F15)
2005-11-30,bvps_growth_12m,0.21804001356392,-0.69548999660902,-0.91353001017294,raw BVPS without split restatement (F15)
2005-12-30,bvps_growth_12m,0.20435787388577076,-0.69891053152855731,-0.90326840541432807,raw BVPS without split restatement (F15)
2006-01-31,bvps_growth_12m,0.18217054263565902,-0.70445736434108519,-0.88662790697674421,raw BVPS without split restatement (F15)
2006-02-28,bvps_growth_12m,0.1755773489402086,-0.70610566276494779,-0.88168301170515639,raw BVPS without split restatement (F15)
2006-03-31,bvps_growth_12m,0.17383177570093444,-0.70654205607476639,-0.88037383177570083,raw BVPS without split restatement (F15)
2006-04-28,bvps_growth_12m,0.16749379652605456,-0.70812655086848642,-0.87562034739454098,raw BVPS without split restatement (F15)
2006-05-31,bvps_growth_12m,0.16494217894096175,-0.70876445526475962,-0.87370663420572137,raw BVPS without split restatement (F15)
2006-06-30,bvps_growth_12m,0.17111650485436902,0.17111650485436902,0,raw BVPS without split restatement (F15)
2006-07-31,bvps_growth_12m,0.15942028985507251,0.15942028985507251,0,raw BVPS without split restatement (F15)
2006-08-31,bvps_growth_12m,-0.11071849234393405,-0.11071849234393405,0,raw BVPS without split restatement (F15)
2006-09-29,bvps_growth_12m,-0.13163972286374137,-0.13163972286374137,0,raw BVPS without split restatement (F15)
2006-10-31,bvps_growth_12m,-0.13166855845629966,-0.13166855845629966,0,raw BVPS without split restatement (F15)
2006-11-30,bvps_growth_12m,-0.15033407572383084,-0.15033407572383084,0,raw BVPS without split restatement (F15)
2006-12-29,bvps_growth_12m,-0.18092105263157887,-0.18092105263157887,0,raw BVPS without split restatement (F15)
2007-01-31,bvps_growth_12m,-0.20655737704918042,-0.20655737704918042,0,raw BVPS without split restatement (F15)
2007-02-28,bvps_growth_12m,-0.2055974165769644,-0.2055974165769644,0,raw BVPS without split restatement (F15)
2007-03-30,bvps_growth_12m,-0.24097664543524411,-0.24097664543524411,0,raw BVPS without split restatement (F15)
2007-04-30,bvps_growth_12m,-0.25504782146652505,-0.25504782146652505,0,raw BVPS without split restatement (F15)
2007-05-31,bvps_growth_12m,-0.24242424242424243,-0.24242424242424243,0,raw BVPS without split restatement (F15)
2007-06-29,bvps_growth_12m,-0.23212435233160622,-0.23212435233160622,0,raw BVPS without split restatement (F15)
2007-07-31,bvps_growth_12m,-0.2583333333333333,-0.2583333333333333,0,raw BVPS without split restatement (F15)
2007-08-31,bvps_growth_12m,-0.0927152317880795,-0.0927152317880795,0,raw BVPS without split restatement (F15)
2007-09-28,bvps_growth_12m,-0.073138297872340385,-0.073138297872340385,0,raw BVPS without split restatement (F15)
2007-10-31,bvps_growth_12m,-0.1751633986928105,-0.1751633986928105,0,raw BVPS without split restatement (F15)
2007-11-30,bvps_growth_12m,-0.22280471821756231,-0.22280471821756231,0,raw BVPS without split restatement (F15)
2007-12-31,bvps_growth_12m,-0.21552878179384194,-0.21552878179384194,0,raw BVPS without split restatement (F15)
2008-01-31,bvps_growth_12m,-0.14187327823691454,-0.14187327823691454,0,raw BVPS without split restatement (F15)
2008-02-29,bvps_growth_12m,-0.14905149051490507,-0.14905149051490507,0,raw BVPS without split restatement (F15)
2008-03-31,bvps_growth_12m,-0.14685314685314699,-0.14685314685314699,0,raw BVPS without split restatement (F15)
2008-04-30,bvps_growth_12m,-0.098430813124108396,-0.098430813124108396,0,raw BVPS without split restatement (F15)
2008-05-30,bvps_growth_12m,-0.075862068965517171,-0.075862068965517171,0,raw BVPS without split restatement (F15)
2008-06-30,bvps_growth_12m,-0.047233468286099978,-0.047233468286099978,0,raw BVPS without split restatement (F15)
2008-07-31,bvps_growth_12m,0.016853932584269593,0.016853932584269593,0,raw BVPS without split restatement (F15)
2008-08-29,bvps_growth_12m,0.11240875912408765,0.11240875912408765,0,raw BVPS without split restatement (F15)
2008-09-30,bvps_growth_12m,0.12195121951219523,0.12195121951219523,0,raw BVPS without split restatement (F15)
2008-10-31,bvps_growth_12m,0.28843106180665634,0.28843106180665634,0,raw BVPS without split restatement (F15)
2008-11-28,bvps_growth_12m,0.40640809443507586,0.40640809443507586,0,raw BVPS without split restatement (F15)
2008-12-31,bvps_growth_12m,0.46075085324232079,0.46075085324232079,0,raw BVPS without split restatement (F15)
2009-01-30,bvps_growth_12m,0.37239165329052981,0.37239165329052981,0,raw BVPS without split restatement (F15)
2009-02-27,bvps_growth_12m,0.39649681528662417,0.39649681528662417,0,raw BVPS without split restatement (F15)
2009-03-31,bvps_growth_12m,0.47704918032786892,0.47704918032786892,0,raw BVPS without split restatement (F15)
2009-04-30,bvps_growth_12m,0.46518987341772133,0.46518987341772133,0,raw BVPS without split restatement (F15)
2009-05-29,bvps_growth_12m,0.4208955223880595,0.4208955223880595,0,raw BVPS without split restatement (F15)
2009-06-30,bvps_growth_12m,0.32719546742209626,0.32719546742209626,0,raw BVPS without split restatement (F15)
2009-07-31,bvps_growth_12m,0.30386740331491713,0.30386740331491713,0,raw BVPS without split restatement (F15)
2009-08-31,bvps_growth_12m,0.2834645669291338,0.2834645669291338,0,raw BVPS without split restatement (F15)
2009-09-30,bvps_growth_12m,0.26086956521739113,0.26086956521739113,0,raw BVPS without split restatement (F15)
2009-10-30,bvps_growth_12m,0.24477244772447704,0.24477244772447704,0,raw BVPS without split restatement (F15)
2009-11-30,bvps_growth_12m,0.116306954436451,0.116306954436451,0,raw BVPS without split restatement (F15)
2009-12-31,bvps_growth_12m,0.095794392523364413,0.095794392523364413,0,raw BVPS without split restatement (F15)
2010-01-29,bvps_growth_12m,0.067836257309941583,0.067836257309941583,0,raw BVPS without split restatement (F15)
2010-02-26,bvps_growth_12m,0.061573546180159644,0.061573546180159644,0,raw BVPS without split restatement (F15)
2010-03-31,bvps_growth_12m,0.055493895671476112,0.055493895671476112,0,raw BVPS without split restatement (F15)
2010-04-30,bvps_growth_12m,0.04103671706263512,0.04103671706263512,0,raw BVPS without split restatement (F15)
2010-05-31,bvps_growth_12m,0.040966386554621925,0.040966386554621925,0,raw BVPS without split restatement (F15)
2010-06-30,bvps_growth_12m,0.064034151547492257,0.064034151547492257,0,raw BVPS without split restatement (F15)
2010-07-30,bvps_growth_12m,0.046610169491525522,0.046610169491525522,0,raw BVPS without split restatement (F15)
2010-08-31,bvps_growth_12m,0.013292433537832382,0.013292433537832382,0,raw BVPS without split restatement (F15)
2010-09-30,bvps_growth_12m,-0.021298174442190621,-0.021298174442190621,0,raw BVPS without split restatement (F15)
2010-10-29,bvps_growth_12m,-0.07411067193675891,-0.07411067193675891,0,raw BVPS without split restatement (F15)
2010-11-30,bvps_growth_12m,0.034371643394199847,0.034371643394199847,0,raw BVPS without split restatement (F15)
2010-12-31,bvps_growth_12m,0.035181236673774041,0.035181236673774041,0,raw BVPS without split restatement (F15)
2011-01-31,bvps_growth_12m,0.037239868565169809,0.037239868565169809,0,raw BVPS without split restatement (F15)
2011-02-28,bvps_growth_12m,0.050483351235230733,0.050483351235230733,0,raw BVPS without split restatement (F15)
2011-03-31,bvps_growth_12m,0.057833859095688833,0.057833859095688833,0,raw BVPS without split restatement (F15)
2011-04-29,bvps_growth_12m,0.061203319502074693,0.061203319502074693,0,raw BVPS without split restatement (F15)
2011-05-31,bvps_growth_12m,0.042381432896064553,0.042381432896064553,0,raw BVPS without split restatement (F15)
2011-06-30,bvps_growth_12m,0.025075225677031021,0.025075225677031021,0,raw BVPS without split restatement (F15)
2011-07-29,bvps_growth_12m,0.044534412955465452,0.044534412955465452,0,raw BVPS without split restatement (F15)
2011-08-31,bvps_growth_12m,0.058526740665993948,0.058526740665993948,0,raw BVPS without split restatement (F15)
2011-09-30,bvps_growth_12m,0.10155440414507777,0.10155440414507777,0,raw BVPS without split restatement (F15)
2011-10-31,bvps_growth_12m,0.1568836712913555,0.1568836712913555,0,raw BVPS without split restatement (F15)
2011-11-30,bvps_growth_12m,0.031152647975077663,0.031152647975077663,0,raw BVPS without split restatement (F15)
2011-12-30,bvps_growth_12m,0.038105046343975157,0.038105046343975157,0,raw BVPS without split restatement (F15)
2012-01-31,bvps_growth_12m,0.049630411826821375,0.049630411826821375,0,raw BVPS without split restatement (F15)
2012-02-29,bvps_growth_12m,0.043967280163599298,0.043967280163599298,0,raw BVPS without split restatement (F15)
2012-03-30,bvps_growth_12m,0.032803180914512842,0.032803180914512842,0,raw BVPS without split restatement (F15)
2012-04-30,bvps_growth_12m,0.035190615835777095,0.035190615835777095,0,raw BVPS without split restatement (F15)
2012-05-31,bvps_growth_12m,0.050338818973862498,0.050338818973862498,0,raw BVPS without split restatement (F15)
2012-06-29,bvps_growth_12m,0.074363992172211235,0.074363992172211235,0,raw BVPS without split restatement (F15)
2012-07-31,bvps_growth_12m,0.053294573643410725,0.053294573643410725,0,raw BVPS without split restatement (F15)
2012-08-31,bvps_growth_12m,0.062917063870352674,0.062917063870352674,0,raw BVPS without split restatement (F15)
2012-09-28,bvps_growth_12m,0.041392285983066657,0.041392285983066657,0,raw BVPS without split restatement (F15)
2012-10-31,bvps_growth_12m,0.044280442804428111,0.044280442804428111,0,raw BVPS without split restatement (F15)
2012-11-30,bvps_growth_12m,0.17623363544813686,0.17623363544813686,0,raw BVPS without split restatement (F15)
2012-12-31,bvps_growth_12m,0.17559523809523814,0.17559523809523814,0,raw BVPS without split restatement (F15)
2013-01-31,bvps_growth_12m,0.045271629778672162,0.045271629778672162,0,raw BVPS without split restatement (F15)
2013-02-28,bvps_growth_12m,0.029382957884426908,0.029382957884426908,0,raw BVPS without split restatement (F15)
2013-03-29,bvps_growth_12m,0.031761308950914335,0.031761308950914335,0,raw BVPS without split restatement (F15)
2013-04-30,bvps_growth_12m,0.025495750708215192,0.025495750708215192,0,raw BVPS without split restatement (F15)
2013-05-31,bvps_growth_12m,0.025806451612903292,0.025806451612903292,0,raw BVPS without split restatement (F15)
2013-06-28,bvps_growth_12m,0.03642987249544638,0.03642987249544638,0,raw BVPS without split restatement (F15)
2013-07-31,bvps_growth_12m,0.056117755289788462,0.056117755289788462,0,raw BVPS without split restatement (F15)
2013-08-30,bvps_growth_12m,0.033183856502241982,0.033183856502241982,0,raw BVPS without split restatement (F15)
2013-09-30,bvps_growth_12m,0.063233965672989889,0.063233965672989889,0,raw BVPS without split restatement (F15)
2013-10-31,bvps_growth_12m,0.039752650176678284,0.039752650176678284,0,raw BVPS without split restatement (F15)
2013-11-29,bvps_growth_12m,0.028253424657534332,0.028253424657534332,0,raw BVPS without split restatement (F15)
2013-12-31,bvps_growth_12m,0.0303797468354432,0.0303797468354432,0,raw BVPS without split restatement (F15)
2014-01-31,bvps_growth_12m,0.13474494706448503,0.13474494706448503,0,raw BVPS without split restatement (F15)
2014-02-28,bvps_growth_12m,0.1313035204567079,0.1313035204567079,0,raw BVPS without split restatement (F15)
2014-03-31,bvps_growth_12m,0.12873134328358193,0.12873134328358193,0,raw BVPS without split restatement (F15)
2014-04-30,bvps_growth_12m,0.12891344383057102,0.12891344383057102,0,raw BVPS without split restatement (F15)
2014-05-30,bvps_growth_12m,0.12309074573225498,0.12309074573225498,0,raw BVPS without split restatement (F15)
2014-06-30,bvps_growth_12m,0.10720562390158173,0.10720562390158173,0,raw BVPS without split restatement (F15)
2014-07-31,bvps_growth_12m,0.094076655052264702,0.094076655052264702,0,raw BVPS without split restatement (F15)
2014-08-29,bvps_growth_12m,0.11024305555555558,0.11024305555555558,0,raw BVPS without split restatement (F15)
2014-09-30,bvps_growth_12m,0.078164825828377138,0.078164825828377138,0,raw BVPS without split restatement (F15)
2014-10-31,bvps_growth_12m,0.084112149532710401,0.084112149532710401,0,raw BVPS without split restatement (F15)
2014-11-28,bvps_growth_12m,0.095753538717735287,0.095753538717735287,0,raw BVPS without split restatement (F15)
2014-12-31,bvps_growth_12m,0.087633087633087525,0.087633087633087525,0,raw BVPS without split restatement (F15)
2015-01-30,bvps_growth_12m,0.059372349448685524,0.059372349448685524,0,raw BVPS without split restatement (F15)
2015-02-27,bvps_growth_12m,0.05382674516400332,0.05382674516400332,0,raw BVPS without split restatement (F15)
2015-03-31,bvps_growth_12m,0.03966942148760344,0.03966942148760344,0,raw BVPS without split restatement (F15)
2015-04-30,bvps_growth_12m,0.057911908646003374,0.057911908646003374,0,raw BVPS without split restatement (F15)
2015-05-29,bvps_growth_12m,0.051200000000000134,0.051200000000000134,0,raw BVPS without split restatement (F15)
2015-06-30,bvps_growth_12m,0.053174603174603208,0.053174603174603208,0,raw BVPS without split restatement (F15)
2015-07-31,bvps_growth_12m,0.072452229299363013,0.072452229299363013,0,raw BVPS without split restatement (F15)
2015-08-31,bvps_growth_12m,0.075840500390930377,0.075840500390930377,0,raw BVPS without split restatement (F15)
2015-09-30,bvps_growth_12m,0.08983451536643039,0.08983451536643039,0,raw BVPS without split restatement (F15)
2015-10-30,bvps_growth_12m,0.092476489028213038,0.092476489028213038,0,raw BVPS without split restatement (F15)
2015-11-30,bvps_growth_12m,0.058510638297872397,0.058510638297872397,0,raw BVPS without split restatement (F15)
2015-12-31,bvps_growth_12m,0.057981927710843539,0.057981927710843539,0,raw BVPS without split restatement (F15)
2016-01-29,bvps_growth_12m,0.098478783026421102,0.098478783026421102,0,raw BVPS without split restatement (F15)
2016-02-29,bvps_growth_12m,0.12529928172386273,0.12529928172386273,0,raw BVPS without split restatement (F15)
2016-03-31,bvps_growth_12m,0.15182829888712246,0.15182829888712246,0,raw BVPS without split restatement (F15)
2016-04-29,bvps_growth_12m,0.13107170393215095,0.13107170393215095,0,raw BVPS without split restatement (F15)
2016-05-31,bvps_growth_12m,0.14992389649923887,0.14992389649923887,0,raw BVPS without split restatement (F15)
2016-06-30,bvps_growth_12m,0.15674453654860598,0.15674453654860598,0,raw BVPS without split restatement (F15)
2016-07-29,bvps_growth_12m,0.1492204899777283,0.1492204899777283,0,raw BVPS without split restatement (F15)
2016-08-31,bvps_growth_12m,0.15406976744186052,0.15406976744186052,0,raw BVPS without split restatement (F15)
2016-09-30,bvps_growth_12m,0.14967462039045554,0.14967462039045554,0,raw BVPS without split restatement (F15)
2016-10-31,bvps_growth_12m,0.14562410329985664,0.14562410329985664,0,raw BVPS without split restatement (F15)
2016-11-30,bvps_growth_12m,0.17085427135678377,0.17085427135678377,0,raw BVPS without split restatement (F15)
2016-12-30,bvps_growth_12m,0.18149466192170816,0.18149466192170816,0,raw BVPS without split restatement (F15)
2017-01-31,bvps_growth_12m,0.16326530612244894,0.16326530612244894,0,raw BVPS without split restatement (F15)
2017-02-28,bvps_growth_12m,0.16950354609929064,0.16950354609929064,0,raw BVPS without split restatement (F15)
2017-03-31,bvps_growth_12m,0.14492753623188404,0.14492753623188404,0,raw BVPS without split restatement (F15)
2017-04-28,bvps_growth_12m,0.15064758009543278,0.15064758009543278,0,raw BVPS without split restatement (F15)
2017-05-31,bvps_growth_12m,0.13898080741230978,0.13898080741230978,0,raw BVPS without split restatement (F15)
2017-06-30,bvps_growth_12m,0.15635179153094469,0.15635179153094469,0,raw BVPS without split restatement (F15)
2017-07-31,bvps_growth_12m,0.1653746770025839,0.1653746770025839,0,raw BVPS without split restatement (F15)
2017-08-31,bvps_growth_12m,0.17317380352644829,0.17317380352644829,0,raw BVPS without split restatement (F15)
2017-09-29,bvps_growth_12m,0.20566037735849063,0.20566037735849063,0,raw BVPS without split restatement (F15)
2017-10-31,bvps_growth_12m,0.22041327489041929,0.22041327489041929,0,raw BVPS without split restatement (F15)
2017-11-30,bvps_growth_12m,0.18700183936235448,0.18700183936235448,0,raw BVPS without split restatement (F15)
2017-12-29,bvps_growth_12m,0.19759036144578301,0.19759036144578301,0,raw BVPS without split restatement (F15)
2018-01-31,bvps_growth_12m,0.10964912280701755,0.10964912280701755,0,raw BVPS without split restatement (F15)
2018-02-28,bvps_growth_12m,0.14129775621588858,0.14129775621588858,0,raw BVPS without split restatement (F15)
2018-03-30,bvps_growth_12m,0.1597347799879445,0.1597347799879445,0,raw BVPS without split restatement (F15)
2018-04-30,bvps_growth_12m,0.17831753554502372,0.17831753554502372,0,raw BVPS without split restatement (F15)
2018-05-31,bvps_growth_12m,0.20511330621731538,0.20511330621731538,0,raw BVPS without split restatement (F15)
2018-06-29,bvps_growth_12m,0.1876056338028167,0.1876056338028167,0,raw BVPS without split restatement (F15)
2018-07-31,bvps_growth_12m,0.21840354767184045,0.21840354767184045,0,raw BVPS without split restatement (F15)
2018-08-31,bvps_growth_12m,0.2061191626409018,0.2061191626409018,0,raw BVPS without split restatement (F15)
2018-09-28,bvps_growth_12m,0.20239958268127278,0.20239958268127278,0,raw BVPS without split restatement (F15)
2018-10-31,bvps_growth_12m,0.19599794766546941,0.19599794766546941,0,raw BVPS without split restatement (F15)
2018-11-30,bvps_growth_12m,0.23295454545454564,0.23295454545454564,0,raw BVPS without split restatement (F15)
2018-12-31,bvps_growth_12m,0.21931589537223339,0.21931589537223339,0,raw BVPS without split restatement (F15)
2019-01-31,bvps_growth_12m,0.27272727272727271,0.27272727272727271,0,raw BVPS without split restatement (F15)
2019-02-28,bvps_growth_12m,0.24548352816153041,0.24548352816153041,0,raw BVPS without split restatement (F15)
2019-03-29,bvps_growth_12m,0.23960498960498988,0.23960498960498988,0,raw BVPS without split restatement (F15)
2019-04-30,bvps_growth_12m,0.19054801407742583,0.19054801407742583,0,raw BVPS without split restatement (F15)
2019-05-31,bvps_growth_12m,0.24108003857280624,0.24108003857280624,0,raw BVPS without split restatement (F15)
2019-06-28,bvps_growth_12m,0.26185958254269459,0.26185958254269459,0,raw BVPS without split restatement (F15)
2019-07-31,bvps_growth_12m,0.2570518653321201,0.2570518653321201,0,raw BVPS without split restatement (F15)
2019-08-30,bvps_growth_12m,0.29817534490431696,0.29817534490431696,0,raw BVPS without split restatement (F15)
2019-09-30,bvps_growth_12m,0.29110629067245131,0.29110629067245131,0,raw BVPS without split restatement (F15)
2019-10-31,bvps_growth_12m,0.28871728871728886,0.28871728871728886,0,raw BVPS without split restatement (F15)
2019-11-29,bvps_growth_12m,0.26518642647674895,0.26518642647674895,0,raw BVPS without split restatement (F15)
2019-12-31,bvps_growth_12m,0.30528052805280548,0.30528052805280548,0,raw BVPS without split restatement (F15)
2020-01-31,bvps_growth_12m,0.254214729370009,0.254214729370009,0,raw BVPS without split restatement (F15)
2020-02-28,bvps_growth_12m,0.23549488054607504,0.23549488054607504,0,raw BVPS without split restatement (F15)
2020-03-31,bvps_growth_12m,0.22054507337526186,0.22054507337526186,0,raw BVPS without split restatement (F15)
2020-04-30,bvps_growth_12m,0.25168918918918926,0.25168918918918926,0,raw BVPS without split restatement (F15)
2020-05-29,bvps_growth_12m,0.1787101787101788,0.1787101787101788,0,raw BVPS without split restatement (F15)
2020-06-30,bvps_growth_12m,0.16165413533834583,0.16165413533834583,0,raw BVPS without split restatement (F15)
2020-07-31,bvps_growth_12m,0.12450235251538189,0.12450235251538189,0,raw BVPS without split restatement (F15)
2020-08-31,bvps_growth_12m,0.086732944806307666,0.086732944806307666,0,raw BVPS without split restatement (F15)
2020-09-30,bvps_growth_12m,0.05745967741935476,0.05745967741935476,0,raw BVPS without split restatement (F15)
2020-10-30,bvps_growth_12m,0.027962716378162389,0.027962716378162389,0,raw BVPS without split restatement (F15)
2020-11-30,bvps_growth_12m,0.030794701986754935,0.030794701986754935,0,raw BVPS without split restatement (F15)
2020-12-31,bvps_growth_12m,-0.0075853350189634128,-0.0075853350189634128,0,raw BVPS without split restatement (F15)
2021-01-29,bvps_growth_12m,0.073576229218252687,0.073576229218252687,0,raw BVPS without split restatement (F15)
2021-02-26,bvps_growth_12m,0.024171270718231996,0.024171270718231996,0,raw BVPS without split restatement (F15)
2021-03-31,bvps_growth_12m,0.006526966678117585,0.006526966678117585,0,raw BVPS without split restatement (F15)
2021-04-30,bvps_growth_12m,-0.044871794871794934,-0.044871794871794934,0,raw BVPS without split restatement (F15)
2021-05-31,bvps_growth_12m,-0.10942649967040208,-0.10942649967040208,0,raw BVPS without split restatement (F15)
2021-06-30,bvps_growth_12m,-0.12038834951456312,-0.12038834951456312,0,raw BVPS without split restatement (F15)
2021-07-30,bvps_growth_12m,-0.16575474734470541,-0.16575474734470541,0,raw BVPS without split restatement (F15)
2021-08-31,bvps_growth_12m,-0.12176656151419551,-0.12176656151419551,0,raw BVPS without split restatement (F15)
2021-09-30,bvps_growth_12m,-0.14394661582459478,-0.14394661582459478,0,raw BVPS without split restatement (F15)
2021-10-29,bvps_growth_12m,-0.209520725388601,-0.209520725388601,0,raw BVPS without split restatement (F15)
2021-11-30,bvps_growth_12m,-0.20719563122389972,-0.20719563122389972,0,raw BVPS without split restatement (F15)
2021-12-31,bvps_growth_12m,-0.15955414012738844,-0.15955414012738844,0,raw BVPS without split restatement (F15)
2022-01-31,bvps_growth_12m,-0.13278418451400331,-0.13278418451400331,0,raw BVPS without split restatement (F15)
2022-02-28,bvps_growth_12m,-0.054281861092380312,-0.054281861092380312,0,raw BVPS without split restatement (F15)
2022-03-31,bvps_growth_12m,-0.067576791808873771,-0.067576791808873771,0,raw BVPS without split restatement (F15)
2022-04-29,bvps_growth_12m,-0.01200989049805723,-0.01200989049805723,0,raw BVPS without split restatement (F15)
2022-05-31,bvps_growth_12m,0.058475203552923904,0.058475203552923904,0,raw BVPS without split restatement (F15)
2022-06-30,bvps_growth_12m,0.036423841059602724,0.036423841059602724,0,raw BVPS without split restatement (F15)
2022-07-29,bvps_growth_12m,0.069058641975308532,0.069058641975308532,0,raw BVPS without split restatement (F15)
2022-08-31,bvps_growth_12m,0.035201149425287293,0.035201149425287293,0,raw BVPS without split restatement (F15)
2022-09-30,bvps_growth_12m,0.073867854491462381,0.073867854491462381,0,raw BVPS without split restatement (F15)
1999-12-31,cash_dividend_12m,0.27000000000000002,0.27000000000000002,0,"raw per-share cash, no split restatement"
2000-01-31,cash_dividend_12m,0.27000000000000002,0.27000000000000002,0,"raw per-share cash, no split restatement"
2000-02-29,cash_dividend_12m,0.27000000000000002,0.27000000000000002,0,"raw per-share cash, no split restatement"
2000-03-31,cash_dividend_12m,0.27500000000000002,0.27500000000000002,0,"raw per-share cash, no split restatement"
2000-04-28,cash_dividend_12m,0.27500000000000002,0.27500000000000002,0,"raw per-share cash, no split restatement"
2000-05-31,cash_dividend_12m,0.27500000000000002,0.27500000000000002,0,"raw per-share cash, no split restatement"
2000-06-30,cash_dividend_12m,0.28000000000000003,0.28000000000000003,0,"raw per-share cash, no split restatement"
2000-07-31,cash_dividend_12m,0.28000000000000003,0.28000000000000003,0,"raw per-share cash, no split restatement"
2000-08-31,cash_dividend_12m,0.28000000000000003,0.28000000000000003,0,"raw per-share cash, no split restatement"
2000-09-29,cash_dividend_12m,0.28000000000000003,0.28000000000000003,0,"raw per-share cash, no split restatement"
2000-10-31,cash_dividend_12m,0.28000000000000003,0.28000000000000003,0,"raw per-share cash, no split restatement"
2000-11-30,cash_dividend_12m,0.28000000000000003,0.28000000000000003,0,"raw per-share cash, no split restatement"
2000-12-29,cash_dividend_12m,0.28000000000000003,0.28000000000000003,0,"raw per-share cash, no split restatement"
2001-01-31,cash_dividend_12m,0.28000000000000003,0.28000000000000003,0,"raw per-share cash, no split restatement"
2001-02-28,cash_dividend_12m,0.28000000000000003,0.28000000000000003,0,"raw per-share cash, no split restatement"
2001-03-30,cash_dividend_12m,0.28000000000000003,0.28000000000000003,0,"raw per-share cash, no split restatement"
2001-04-30,cash_dividend_12m,0.28000000000000003,0.28000000000000003,0,"raw per-share cash, no split restatement"
2001-05-31,cash_dividend_12m,0.28000000000000003,0.28000000000000003,0,"raw per-share cash, no split restatement"
2001-06-29,cash_dividend_12m,0.27990000000000004,0.23330000000000001,-0.04660000000000003,"raw per-share cash, no split restatement"
2001-07-31,cash_dividend_12m,0.27990000000000004,0.23330000000000001,-0.04660000000000003,"raw per-share cash, no split restatement"
2001-08-31,cash_dividend_12m,0.27990000000000004,0.23330000000000001,-0.04660000000000003,"raw per-share cash, no split restatement"
2001-09-28,cash_dividend_12m,0.28490000000000004,0.1883,-0.096600000000000047,"raw per-share cash, no split restatement"
2001-10-31,cash_dividend_12m,0.28490000000000004,0.1883,-0.096600000000000047,"raw per-share cash, no split restatement"
2001-11-30,cash_dividend_12m,0.28490000000000004,0.1883,-0.096600000000000047,"raw per-share cash, no split restatement"
2001-12-31,cash_dividend_12m,0.28990000000000005,0.14330000000000001,-0.14660000000000004,"raw per-share cash, no split restatement"
2002-01-31,cash_dividend_12m,0.28990000000000005,0.14330000000000001,-0.14660000000000004,"raw per-share cash, no split restatement"
2002-02-28,cash_dividend_12m,0.28990000000000005,0.14330000000000001,-0.14660000000000004,"raw per-share cash, no split restatement"
2002-03-29,cash_dividend_12m,0.29490000000000005,0.098299999999999998,-0.19660000000000005,"raw per-share cash, no split restatement"
2002-04-30,cash_dividend_12m,0.098299999999999998,0.098299999999999998,0,"raw per-share cash, no split restatement"
2002-05-31,cash_dividend_12m,0.098299999999999998,0.098299999999999998,0,"raw per-share cash, no split restatement"
2002-06-28,cash_dividend_12m,0.10000000000000001,0.10000000000000001,0,"raw per-share cash, no split restatement"
2002-07-31,cash_dividend_12m,0.10000000000000001,0.10000000000000001,0,"raw per-share cash, no split restatement"
2002-08-30,cash_dividend_12m,0.10000000000000001,0.10000000000000001,0,"raw per-share cash, no split restatement"
2002-09-30,cash_dividend_12m,0.10000000000000001,0.10000000000000001,0,"raw per-share cash, no split restatement"
2002-10-31,cash_dividend_12m,0.10000000000000001,0.10000000000000001,0,"raw per-share cash, no split restatement"
2002-11-29,cash_dividend_12m,0.10000000000000001,0.10000000000000001,0,"raw per-share cash, no split restatement"
2002-12-31,cash_dividend_12m,0.10000000000000001,0.10000000000000001,0,"raw per-share cash, no split restatement"
2003-01-31,cash_dividend_12m,0.10000000000000001,0.10000000000000001,0,"raw per-share cash, no split restatement"
2003-02-28,cash_dividend_12m,0.10000000000000001,0.10000000000000001,0,"raw per-share cash, no split restatement"
2003-03-31,cash_dividend_12m,0.10000000000000001,0.10000000000000001,0,"raw per-share cash, no split restatement"
2003-04-30,cash_dividend_12m,0.10000000000000001,0.10000000000000001,0,"raw per-share cash, no split restatement"
2003-05-30,cash_dividend_12m,0.10000000000000001,0.10000000000000001,0,"raw per-share cash, no split restatement"
2003-06-30,cash_dividend_12m,0.10000000000000001,0.10000000000000001,0,"raw per-share cash, no split restatement"
2003-07-31,cash_dividend_12m,0.10000000000000001,0.10000000000000001,0,"raw per-share cash, no split restatement"
2003-08-29,cash_dividend_12m,0.10000000000000001,0.10000000000000001,0,"raw per-share cash, no split restatement"
2003-09-30,cash_dividend_12m,0.10500000000000001,0.10500000000000001,0,"raw per-share cash, no split restatement"
2003-10-31,cash_dividend_12m,0.10500000000000001,0.10500000000000001,0,"raw per-share cash, no split restatement"
2003-11-28,cash_dividend_12m,0.10500000000000001,0.10500000000000001,0,"raw per-share cash, no split restatement"
2003-12-31,cash_dividend_12m,0.11,0.11,0,"raw per-share cash, no split restatement"
2004-01-30,cash_dividend_12m,0.11,0.11,0,"raw per-share cash, no split restatement"
2004-02-27,cash_dividend_12m,0.11,0.11,0,"raw per-share cash, no split restatement"
2004-03-31,cash_dividend_12m,0.11499999999999999,0.11499999999999999,0,"raw per-share cash, no split restatement"
2004-04-30,cash_dividend_12m,0.11499999999999999,0.11499999999999999,0,"raw per-share cash, no split restatement"
2004-05-31,cash_dividend_12m,0.11499999999999999,0.11499999999999999,0,"raw per-share cash, no split restatement"
2004-06-30,cash_dividend_12m,0.12,0.12,0,"raw per-share cash, no split restatement"
2004-07-30,cash_dividend_12m,0.12,0.12,0,"raw per-share cash, no split restatement"
2004-08-31,cash_dividend_12m,0.12,0.12,0,"raw per-share cash, no split restatement"
2004-09-30,cash_dividend_12m,0.12,0.12,0,"raw per-share cash, no split restatement"
2004-10-29,cash_dividend_12m,0.12,0.12,0,"raw per-share cash, no split restatement"
2004-11-30,cash_dividend_12m,0.12,0.12,0,"raw per-share cash, no split restatement"
2004-12-31,cash_dividend_12m,0.12,0.12,0,"raw per-share cash, no split restatement"
2005-01-31,cash_dividend_12m,0.12,0.12,0,"raw per-share cash, no split restatement"
2005-02-28,cash_dividend_12m,0.12,0.12,0,"raw per-share cash, no split restatement"
2005-03-31,cash_dividend_12m,0.12,0.12,0,"raw per-share cash, no split restatement"
2005-04-29,cash_dividend_12m,0.12,0.12,0,"raw per-share cash, no split restatement"
2005-05-31,cash_dividend_12m,0.12,0.12,0,"raw per-share cash, no split restatement"
2005-06-30,cash_dividend_12m,0.12,0.097500000000000003,-0.022499999999999992,"raw per-share cash, no split restatement"
2005-07-29,cash_dividend_12m,0.12,0.097500000000000003,-0.022499999999999992,"raw per-share cash, no split restatement"
2005-08-31,cash_dividend_12m,0.12,0.097500000000000003,-0.022499999999999992,"raw per-share cash, no split restatement"
2005-09-30,cash_dividend_12m,0.125,0.076250000000000012,-0.048749999999999988,"raw per-share cash, no split restatement"
2005-10-31,cash_dividend_12m,0.125,0.076250000000000012,-0.048749999999999988,"raw per-share cash, no split restatement"
2005-11-30,cash_dividend_12m,0.125,0.076250000000000012,-0.048749999999999988,"raw per-share cash, no split restatement"
2005-12-30,cash_dividend_12m,0.13,0.055,-0.075000000000000011,"raw per-share cash, no split restatement"
2006-01-31,cash_dividend_12m,0.13,0.055,-0.075000000000000011,"raw per-share cash, no split restatement"
2006-02-28,cash_dividend_12m,0.13,0.055,-0.075000000000000011,"raw per-share cash, no split restatement"
2006-03-31,cash_dividend_12m,0.10000000000000001,0.025000000000000001,-0.075000000000000011,"raw per-share cash, no split restatement"
2006-04-28,cash_dividend_12m,0.10000000000000001,0.025000000000000001,-0.075000000000000011,"raw per-share cash, no split restatement"
2006-05-31,cash_dividend_12m,0.025000000000000001,0.025000000000000001,0,"raw per-share cash, no split restatement"
2006-06-30,cash_dividend_12m,0.017500000000000002,0.017500000000000002,0,"raw per-share cash, no split restatement"
2006-07-31,cash_dividend_12m,0.017500000000000002,0.017500000000000002,0,"raw per-share cash, no split restatement"
2006-08-31,cash_dividend_12m,2.0175000000000001,2.0175000000000001,0,"raw per-share cash, no split restatement"
2006-09-29,cash_dividend_12m,2.00875,2.00875,0,"raw per-share cash, no split restatement"
2006-10-31,cash_dividend_12m,2.00875,2.00875,0,"raw per-share cash, no split restatement"
2006-11-30,cash_dividend_12m,2.00875,2.00875,0,"raw per-share cash, no split restatement"
2006-12-29,cash_dividend_12m,2,2,0,"raw per-share cash, no split restatement"
2007-01-31,cash_dividend_12m,2.145,2.145,0,"raw per-share cash, no split restatement"
2007-02-28,cash_dividend_12m,2.145,2.145,0,"raw per-share cash, no split restatement"
2007-03-30,cash_dividend_12m,2.145,2.145,0,"raw per-share cash, no split restatement"
2007-04-30,cash_dividend_12m,2.145,2.145,0,"raw per-share cash, no split restatement"
2007-05-31,cash_dividend_12m,2.145,2.145,0,"raw per-share cash, no split restatement"
2007-06-29,cash_dividend_12m,2.145,2.145,0,"raw per-share cash, no split restatement"
2007-07-31,cash_dividend_12m,2.145,2.145,0,"raw per-share cash, no split restatement"
2007-08-31,cash_dividend_12m,0.14499999999999999,0.14499999999999999,0,"raw per-share cash, no split restatement"
2007-09-28,cash_dividend_12m,0.14499999999999999,0.14499999999999999,0,"raw per-share cash, no split restatement"
2007-10-31,cash_dividend_12m,0.14499999999999999,0.14499999999999999,0,"raw per-share cash, no split restatement"
2007-11-30,cash_dividend_12m,0.14499999999999999,0.14499999999999999,0,"raw per-share cash, no split restatement"
2007-12-31,cash_dividend_12m,0.14499999999999999,0.14499999999999999,0,"raw per-share cash, no split restatement"
2008-01-31,cash_dividend_12m,0,0,0,"raw per-share cash, no split restatement"
2008-02-29,cash_dividend_12m,0,0,0,"raw per-share cash, no split restatement"
2008-03-31,cash_dividend_12m,0,0,0,"raw per-share cash, no split restatement"
2008-04-30,cash_dividend_12m,0,0,0,"raw per-share cash, no split restatement"
2008-05-30,cash_dividend_12m,0,0,0,"raw per-share cash, no split restatement"
2008-06-30,cash_dividend_12m,0,0,0,"raw per-share cash, no split restatement"
2008-07-31,cash_dividend_12m,0,0,0,"raw per-share cash, no split restatement"
2008-08-29,cash_dividend_12m,0,0,0,"raw per-share cash, no split restatement"
2008-09-30,cash_dividend_12m,0,0,0,"raw per-share cash, no split restatement"
2008-10-31,cash_dividend_12m,0,0,0,"raw per-share cash, no split restatement"
2008-11-28,cash_dividend_12m,0,0,0,"raw per-share cash, no split restatement"
2008-12-31,cash_dividend_12m,0,0,0,"raw per-share cash, no split restatement"
2009-01-30,cash_dividend_12m,0.1613,0.1613,0,"raw per-share cash, no split restatement"
2009-02-27,cash_dividend_12m,0.1613,0.1613,0,"raw per-share cash, no split restatement"
2009-03-31,cash_dividend_12m,0.1613,0.1613,0,"raw per-share cash, no split restatement"
2009-04-30,cash_dividend_12m,0.1613,0.1613,0,"raw per-share cash, no split restatement"
2009-05-29,cash_dividend_12m,0.1613,0.1613,0,"raw per-share cash, no split restatement"
2009-06-30,cash_dividend_12m,0.1613,0.1613,0,"raw per-share cash, no split restatement"
2009-07-31,cash_dividend_12m,0.1613,0.1613,0,"raw per-share cash, no split restatement"
2009-08-31,cash_dividend_12m,0.1613,0.1613,0,"raw per-share cash, no split restatement"
2009-09-30,cash_dividend_12m,0.1613,0.1613,0,"raw per-share cash, no split restatement"
2009-10-30,cash_dividend_12m,0.1613,0.1613,0,"raw per-share cash, no split restatement"
2009-11-30,cash_dividend_12m,0.1613,0.1613,0,"raw per-share cash, no split restatement"
2009-12-31,cash_dividend_12m,1.1613,1.1613,0,"raw per-share cash, no split restatement"
2010-01-29,cash_dividend_12m,1.3987000000000001,1.3987000000000001,0,"raw per-share cash, no split restatement"
2010-02-26,cash_dividend_12m,1.3987000000000001,1.3987000000000001,0,"raw per-share cash, no split restatement"
2010-03-31,cash_dividend_12m,1.3987000000000001,1.3987000000000001,0,"raw per-share cash, no split restatement"
2010-04-30,cash_dividend_12m,1.3987000000000001,1.3987000000000001,0,"raw per-share cash, no split restatement"
2010-05-31,cash_dividend_12m,1.3987000000000001,1.3987000000000001,0,"raw per-share cash, no split restatement"
2010-06-30,cash_dividend_12m,1.3987000000000001,1.3987000000000001,0,"raw per-share cash, no split restatement"
2010-07-30,cash_dividend_12m,1.3987000000000001,1.3987000000000001,0,"raw per-share cash, no split restatement"
2010-08-31,cash_dividend_12m,1.3987000000000001,1.3987000000000001,0,"raw per-share cash, no split restatement"
2010-09-30,cash_dividend_12m,1.3987000000000001,1.3987000000000001,0,"raw per-share cash, no split restatement"
2010-10-29,cash_dividend_12m,1.3987000000000001,1.3987000000000001,0,"raw per-share cash, no split restatement"
2010-11-30,cash_dividend_12m,1.3987000000000001,1.3987000000000001,0,"raw per-share cash, no split restatement"
2010-12-31,cash_dividend_12m,0.3987,0.3987,0,"raw per-share cash, no split restatement"
2011-01-31,cash_dividend_12m,0.40720000000000001,0.40720000000000001,0,"raw per-share cash, no split restatement"
2011-02-28,cash_dividend_12m,0.40720000000000001,0.40720000000000001,0,"raw per-share cash, no split restatement"
2011-03-31,cash_dividend_12m,0.40720000000000001,0.40720000000000001,0,"raw per-share cash, no split restatement"
2011-04-29,cash_dividend_12m,0.40720000000000001,0.40720000000000001,0,"raw per-share cash, no split restatement"
2011-05-31,cash_dividend_12m,0.40720000000000001,0.40720000000000001,0,"raw per-share cash, no split restatement"
2011-06-30,cash_dividend_12m,0.40720000000000001,0.40720000000000001,0,"raw per-share cash, no split restatement"
2011-07-29,cash_dividend_12m,0.40720000000000001,0.40720000000000001,0,"raw per-share cash, no split restatement"
2011-08-31,cash_dividend_12m,0.40720000000000001,0.40720000000000001,0,"raw per-share cash, no split restatement"
2011-09-30,cash_dividend_12m,0.40720000000000001,0.40720000000000001,0,"raw per-share cash, no split restatement"
2011-10-31,cash_dividend_12m,0.40720000000000001,0.40720000000000001,0,"raw per-share cash, no split restatement"
2011-11-30,cash_dividend_12m,1.4072,1.4072,0,"raw per-share cash, no split restatement"
2011-12-30,cash_dividend_12m,1.4072,1.4072,0,"raw per-share cash, no split restatement"
2012-01-31,cash_dividend_12m,1.2845,1.2845,0,"raw per-share cash, no split restatement"
2012-02-29,cash_dividend_12m,1.2845,1.2845,0,"raw per-share cash, no split restatement"
2012-03-30,cash_dividend_12m,1.2845,1.2845,0,"raw per-share cash, no split restatement"
2012-04-30,cash_dividend_12m,1.2845,1.2845,0,"raw per-share cash, no split restatement"
2012-05-31,cash_dividend_12m,1.2845,1.2845,0,"raw per-share cash, no split restatement"
2012-06-29,cash_dividend_12m,1.2845,1.2845,0,"raw per-share cash, no split restatement"
2012-07-31,cash_dividend_12m,1.2845,1.2845,0,"raw per-share cash, no split restatement"
2012-08-31,cash_dividend_12m,1.2845,1.2845,0,"raw per-share cash, no split restatement"
2012-09-28,cash_dividend_12m,1.2845,1.2845,0,"raw per-share cash, no split restatement"
2012-10-31,cash_dividend_12m,1.2845,1.2845,0,"raw per-share cash, no split restatement"
2012-11-30,cash_dividend_12m,0.28449999999999998,0.28449999999999998,0,"raw per-share cash, no split restatement"
2012-12-31,cash_dividend_12m,0.28449999999999998,0.28449999999999998,0,"raw per-share cash, no split restatement"
2013-01-31,cash_dividend_12m,1,1,0,"raw per-share cash, no split restatement"
2013-02-28,cash_dividend_12m,1,1,0,"raw per-share cash, no split restatement"
2013-03-29,cash_dividend_12m,1,1,0,"raw per-share cash, no split restatement"
2013-04-30,cash_dividend_12m,1,1,0,"raw per-share cash, no split restatement"
2013-05-31,cash_dividend_12m,1,1,0,"raw per-share cash, no split restatement"
2013-06-28,cash_dividend_12m,1,1,0,"raw per-share cash, no split restatement"
2013-07-31,cash_dividend_12m,1,1,0,"raw per-share cash, no split restatement"
2013-08-30,cash_dividend_12m,1,1,0,"raw per-share cash, no split restatement"
2013-09-30,cash_dividend_12m,1,1,0,"raw per-share cash, no split restatement"
2013-10-31,cash_dividend_12m,1,1,0,"raw per-share cash, no split restatement"
2013-11-29,cash_dividend_12m,1,1,0,"raw per-share cash, no split restatement"
2013-12-31,cash_dividend_12m,1,1,0,"raw per-share cash, no split restatement"
2014-01-31,cash_dividend_12m,0,0,0,"raw per-share cash, no split restatement"
2014-02-28,cash_dividend_12m,0.68620000000000003,0.68620000000000003,0,"raw per-share cash, no split restatement"
2014-03-31,cash_dividend_12m,0.68620000000000003,0.68620000000000003,0,"raw per-share cash, no split restatement"
2014-04-30,cash_dividend_12m,0.68620000000000003,0.68620000000000003,0,"raw per-share cash, no split restatement"
2014-05-30,cash_dividend_12m,0.68620000000000003,0.68620000000000003,0,"raw per-share cash, no split restatement"
2014-06-30,cash_dividend_12m,0.68620000000000003,0.68620000000000003,0,"raw per-share cash, no split restatement"
2014-07-31,cash_dividend_12m,0.68620000000000003,0.68620000000000003,0,"raw per-share cash, no split restatement"
2014-08-29,cash_dividend_12m,0.68620000000000003,0.68620000000000003,0,"raw per-share cash, no split restatement"
2014-09-30,cash_dividend_12m,0.68620000000000003,0.68620000000000003,0,"raw per-share cash, no split restatement"
2014-10-31,cash_dividend_12m,0.68620000000000003,0.68620000000000003,0,"raw per-share cash, no split restatement"
2014-11-28,cash_dividend_12m,0.68620000000000003,0.68620000000000003,0,"raw per-share cash, no split restatement"
2014-12-31,cash_dividend_12m,0.68620000000000003,0.68620000000000003,0,"raw per-share cash, no split restatement"
2015-01-30,cash_dividend_12m,0.68620000000000003,0.68620000000000003,0,"raw per-share cash, no split restatement"
2015-02-27,cash_dividend_12m,0.88819999999999999,0.88819999999999999,0,"raw per-share cash, no split restatement"
2015-03-31,cash_dividend_12m,0.88819999999999999,0.88819999999999999,0,"raw per-share cash, no split restatement"
2015-04-30,cash_dividend_12m,0.88819999999999999,0.88819999999999999,0,"raw per-share cash, no split restatement"
2015-05-29,cash_dividend_12m,0.88819999999999999,0.88819999999999999,0,"raw per-share cash, no split restatement"
2015-06-30,cash_dividend_12m,0.88819999999999999,0.88819999999999999,0,"raw per-share cash, no split restatement"
2015-07-31,cash_dividend_12m,0.88819999999999999,0.88819999999999999,0,"raw per-share cash, no split restatement"
2015-08-31,cash_dividend_12m,0.88819999999999999,0.88819999999999999,0,"raw per-share cash, no split restatement"
2015-09-30,cash_dividend_12m,0.88819999999999999,0.88819999999999999,0,"raw per-share cash, no split restatement"
2015-10-30,cash_dividend_12m,0.88819999999999999,0.88819999999999999,0,"raw per-share cash, no split restatement"
2015-11-30,cash_dividend_12m,0.88819999999999999,0.88819999999999999,0,"raw per-share cash, no split restatement"
2015-12-31,cash_dividend_12m,0.88819999999999999,0.88819999999999999,0,"raw per-share cash, no split restatement"
2016-01-29,cash_dividend_12m,0.88819999999999999,0.88819999999999999,0,"raw per-share cash, no split restatement"
2016-02-29,cash_dividend_12m,0.68079999999999996,0.68079999999999996,0,"raw per-share cash, no split restatement"
2016-03-31,cash_dividend_12m,0.68079999999999996,0.68079999999999996,0,"raw per-share cash, no split restatement"
2016-04-29,cash_dividend_12m,0.68079999999999996,0.68079999999999996,0,"raw per-share cash, no split restatement"
2016-05-31,cash_dividend_12m,0.68079999999999996,0.68079999999999996,0,"raw per-share cash, no split restatement"
2016-06-30,cash_dividend_12m,0.68079999999999996,0.68079999999999996,0,"raw per-share cash, no split restatement"
2016-07-29,cash_dividend_12m,0.68079999999999996,0.68079999999999996,0,"raw per-share cash, no split restatement"
2016-08-31,cash_dividend_12m,0.68079999999999996,0.68079999999999996,0,"raw per-share cash, no split restatement"
2016-09-30,cash_dividend_12m,0.68079999999999996,0.68079999999999996,0,"raw per-share cash, no split restatement"
2016-10-31,cash_dividend_12m,0.68079999999999996,0.68079999999999996,0,"raw per-share cash, no split restatement"
2016-11-30,cash_dividend_12m,0.68079999999999996,0.68079999999999996,0,"raw per-share cash, no split restatement"
2016-12-30,cash_dividend_12m,0.68079999999999996,0.68079999999999996,0,"raw per-share cash, no split restatement"
2017-01-31,cash_dividend_12m,0.68079999999999996,0.68079999999999996,0,"raw per-share cash, no split restatement"
2017-02-28,cash_dividend_12m,1.1247,1.1247,0,"raw per-share cash, no split restatement"
2017-03-31,cash_dividend_12m,1.1247,1.1247,0,"raw per-share cash, no split restatement"
2017-04-28,cash_dividend_12m,1.1247,1.1247,0,"raw per-share cash, no split restatement"
2017-05-31,cash_dividend_12m,1.1247,1.1247,0,"raw per-share cash, no split restatement"
2017-06-30,cash_dividend_12m,1.1247,1.1247,0,"raw per-share cash, no split restatement"
2017-07-31,cash_dividend_12m,1.1247,1.1247,0,"raw per-share cash, no split restatement"
2017-08-31,cash_dividend_12m,1.1247,1.1247,0,"raw per-share cash, no split restatement"
2017-09-29,cash_dividend_12m,1.1247,1.1247,0,"raw per-share cash, no split restatement"
2017-10-31,cash_dividend_12m,1.1247,1.1247,0,"raw per-share cash, no split restatement"
2017-11-30,cash_dividend_12m,1.1247,1.1247,0,"raw per-share cash, no split restatement"
2017-12-29,cash_dividend_12m,1.1247,1.1247,0,"raw per-share cash, no split restatement"
2018-01-31,cash_dividend_12m,1.1247,1.1247,0,"raw per-share cash, no split restatement"
2018-02-28,cash_dividend_12m,2.5139999999999998,2.5139999999999998,0,"raw per-share cash, no split restatement"
2018-03-30,cash_dividend_12m,2.5139999999999998,2.5139999999999998,0,"raw per-share cash, no split restatement"
2018-04-30,cash_dividend_12m,2.6139999999999999,2.6139999999999999,0,"raw per-share cash, no split restatement"
2018-05-31,cash_dividend_12m,2.6139999999999999,2.6139999999999999,0,"raw per-share cash, no split restatement"
2018-06-29,cash_dividend_12m,2.6139999999999999,2.6139999999999999,0,"raw per-share cash, no split restatement"
2018-07-31,cash_dividend_12m,2.714,2.714,0,"raw per-share cash, no split restatement"
2018-08-31,cash_dividend_12m,2.714,2.714,0,"raw per-share cash, no split restatement"
2018-09-28,cash_dividend_12m,2.714,2.714,0,"raw per-share cash, no split restatement"
2018-10-31,cash_dividend_12m,2.8140000000000001,2.8140000000000001,0,"raw per-share cash, no split restatement"
2018-11-30,cash_dividend_12m,2.8140000000000001,2.8140000000000001,0,"raw per-share cash, no split restatement"
2018-12-31,cash_dividend_12m,2.8140000000000001,2.8140000000000001,0,"raw per-share cash, no split restatement"
2019-01-31,cash_dividend_12m,5.1639999999999997,5.1639999999999997,0,"raw per-share cash, no split restatement"
2019-02-28,cash_dividend_12m,2.6500000000000004,2.6500000000000004,0,"raw per-share cash, no split restatement"
2019-03-29,cash_dividend_12m,2.6500000000000004,2.6500000000000004,0,"raw per-share cash, no split restatement"
2019-04-30,cash_dividend_12m,2.6500000000000004,2.6500000000000004,0,"raw per-share cash, no split restatement"
2019-05-31,cash_dividend_12m,2.6500000000000004,2.6500000000000004,0,"raw per-share cash, no split restatement"
2019-06-28,cash_dividend_12m,2.6500000000000004,2.6500000000000004,0,"raw per-share cash, no split restatement"
2019-07-31,cash_dividend_12m,2.6500000000000004,2.6500000000000004,0,"raw per-share cash, no split restatement"
2019-08-30,cash_dividend_12m,2.6500000000000004,2.6500000000000004,0,"raw per-share cash, no split restatement"
2019-09-30,cash_dividend_12m,2.6500000000000004,2.6500000000000004,0,"raw per-share cash, no split restatement"
2019-10-31,cash_dividend_12m,2.6500000000000004,2.6500000000000004,0,"raw per-share cash, no split restatement"
2019-11-29,cash_dividend_12m,2.6500000000000004,2.6500000000000004,0,"raw per-share cash, no split restatement"
2019-12-31,cash_dividend_12m,2.6500000000000004,2.6500000000000004,0,"raw per-share cash, no split restatement"
2020-01-31,cash_dividend_12m,4.8999999999999995,4.8999999999999995,0,"raw per-share cash, no split restatement"
2020-02-28,cash_dividend_12m,4.8999999999999995,4.8999999999999995,0,"raw per-share cash, no split restatement"
2020-03-31,cash_dividend_12m,4.8999999999999995,4.8999999999999995,0,"raw per-share cash, no split restatement"
2020-04-30,cash_dividend_12m,4.8999999999999995,4.8999999999999995,0,"raw per-share cash, no split restatement"
2020-05-29,cash_dividend_12m,4.8999999999999995,4.8999999999999995,0,"raw per-share cash, no split restatement"
2020-06-30,cash_dividend_12m,4.8999999999999995,4.8999999999999995,0,"raw per-share cash, no split restatement"
2020-07-31,cash_dividend_12m,4.8999999999999986,4.8999999999999986,0,"raw per-share cash, no split restatement"
2020-08-31,cash_dividend_12m,4.8999999999999986,4.8999999999999986,0,"raw per-share cash, no split restatement"
2020-09-30,cash_dividend_12m,4.8999999999999986,4.8999999999999986,0,"raw per-share cash, no split restatement"
2020-10-30,cash_dividend_12m,4.8999999999999986,4.8999999999999986,0,"raw per-share cash, no split restatement"
2020-11-30,cash_dividend_12m,4.8999999999999986,4.8999999999999986,0,"raw per-share cash, no split restatement"
2020-12-31,cash_dividend_12m,6.3999999999999986,6.3999999999999986,0,"raw per-share cash, no split restatement"
2021-01-29,cash_dividend_12m,1.9000000000000001,1.9000000000000001,0,"raw per-share cash, no split restatement"
2021-02-26,cash_dividend_12m,1.9000000000000001,1.9000000000000001,0,"raw per-share cash, no split restatement"
2021-03-31,cash_dividend_12m,1.9000000000000001,1.9000000000000001,0,"raw per-share cash, no split restatement"
2021-04-30,cash_dividend_12m,1.9000000000000001,1.9000000000000001,0,"raw per-share cash, no split restatement"
2021-05-31,cash_dividend_12m,1.9000000000000001,1.9000000000000001,0,"raw per-share cash, no split restatement"
2021-06-30,cash_dividend_12m,1.9000000000000001,1.9000000000000001,0,"raw per-share cash, no split restatement"
2021-07-30,cash_dividend_12m,1.9000000000000004,1.9000000000000004,0,"raw per-share cash, no split restatement"
2021-08-31,cash_dividend_12m,1.9000000000000004,1.9000000000000004,0,"raw per-share cash, no split restatement"
2021-09-30,cash_dividend_12m,1.9000000000000004,1.9000000000000004,0,"raw per-share cash, no split restatement"
2021-10-29,cash_dividend_12m,1.9000000000000004,1.9000000000000004,0,"raw per-share cash, no split restatement"
2021-11-30,cash_dividend_12m,1.9000000000000004,1.9000000000000004,0,"raw per-share cash, no split restatement"
2021-12-31,cash_dividend_12m,0.40000000000000002,0.40000000000000002,0,"raw per-share cash, no split restatement"
2022-01-31,cash_dividend_12m,0.40000000000000002,0.40000000000000002,0,"raw per-share cash, no split restatement"
2022-02-28,cash_dividend_12m,0.40000000000000002,0.40000000000000002,0,"raw per-share cash, no split restatement"
2022-03-31,cash_dividend_12m,0.40000000000000002,0.40000000000000002,0,"raw per-share cash, no split restatement"
2022-04-29,cash_dividend_12m,0.40000000000000002,0.40000000000000002,0,"raw per-share cash, no split restatement"
2022-05-31,cash_dividend_12m,0.40000000000000002,0.40000000000000002,0,"raw per-share cash, no split restatement"
2022-06-30,cash_dividend_12m,0.40000000000000002,0.40000000000000002,0,"raw per-share cash, no split restatement"
2022-07-29,cash_dividend_12m,0.40000000000000002,0.40000000000000002,0,"raw per-share cash, no split restatement"
2022-08-31,cash_dividend_12m,0.40000000000000002,0.40000000000000002,0,"raw per-share cash, no split restatement"
1999-12-31,pgr_drip_return_6m,0.013794172293301488,0.011896622453165584,-0.0018975498401359037,"raw close ratio: no splits, no dividends (F25)"
2000-01-31,pgr_drip_return_6m,0.12975019106751473,0.12763560276838892,-0.002114588299125808,"raw close ratio: no splits, no dividends (F25)"
2000-02-29,pgr_drip_return_6m,0.35535944875468384,0.35282258064516125,-0.0025368681095225831,"raw close ratio: no splits, no dividends (F25)"
2000-03-31,pgr_drip_return_6m,0.078280329866137865,0.076518537996318692,-0.0017617918698191737,"raw close ratio: no splits, no dividends (F25)"
2000-04-28,pgr_drip_return_6m,0.37755639963636889,0.37530562347188279,-0.0022507761644861013,"raw close ratio: no splits, no dividends (F25)"
2000-05-31,pgr_drip_return_6m,0.017879319455516463,0.016216216216216273,-0.0016631032393001899,"raw close ratio: no splits, no dividends (F25)"
2000-06-30,pgr_drip_return_6m,0.4023396404542301,0.39999999999999991,-0.0023396404542301852,"raw close ratio: no splits, no dividends (F25)"
2000-07-31,pgr_drip_return_6m,0.37969266448995986,0.37739080787896095,-0.0023018566109989091,"raw close ratio: no splits, no dividends (F25)"
2000-08-31,pgr_drip_return_6m,0.29358211748405383,0.29142392629724956,-0.0021581911868042702,"raw close ratio: no splits, no dividends (F25)"
2000-09-29,pgr_drip_return_6m,0.18698111340386037,0.1852711284807036,-0.001709984923156771,"raw close ratio: no splits, no dividends (F25)"
2000-10-31,pgr_drip_return_6m,0.30855178834549779,0.30666666666666664,-0.0018851216788311476,"raw close ratio: no splits, no dividends (F25)"
2000-11-30,pgr_drip_return_6m,0.37964711727156386,0.37765957446808507,-0.0019875428034787923,"raw close ratio: no splits, no dividends (F25)"
2000-12-29,pgr_drip_return_6m,0.30665078536082513,0.30501930501930508,-0.0016314803415200529,"raw close ratio: no splits, no dividends (F25)"
2001-01-31,pgr_drip_return_6m,0.38514918232910977,0.38341968911917101,-0.0017294932099387594,"raw close ratio: no splits, no dividends (F25)"
2001-02-28,pgr_drip_return_6m,0.35817924287771485,0.3564834242551409,-0.0016958186225739524,"raw close ratio: no splits, no dividends (F25)"
2001-03-30,pgr_drip_return_6m,0.38122317244704873,0.37970118495620819,-0.0015219874908405373,"raw close ratio: no splits, no dividends (F25)"
2001-04-30,pgr_drip_return_6m,0.25904041397004951,0.25765306122448983,-0.0013873527455596779,"raw close ratio: no splits, no dividends (F25)"
2001-05-31,pgr_drip_return_6m,0.13252207183929454,0.13127413127413123,-0.001247940565163308,"raw close ratio: no splits, no dividends (F25)"
2001-06-29,pgr_drip_return_6m,0.11727450001936979,0.11612426035502965,-0.0011502396643401358,"raw close ratio: no splits, no dividends (F25)"
2001-07-31,pgr_drip_return_6m,0.1150055817042519,0.11385767790262169,-0.0011479038016302123,"raw close ratio: no splits, no dividends (F25)"
2001-08-31,pgr_drip_return_6m,0.16515932077522599,0.16395978344934248,-0.0011995373258835151,"raw close ratio: no splits, no dividends (F25)"
2001-09-28,pgr_drip_return_6m,0.24535138375367427,0.24421209858103055,-0.0011392851726437225,"raw close ratio: no splits, no dividends (F25)"
2001-10-31,pgr_drip_return_6m,0.16962985054834734,-0.6104800540906018,-0.78010990463894914,"raw close ratio: no splits, no dividends (F25)"
2001-11-30,pgr_drip_return_6m,0.2136017071834817,-0.59583617747440276,-0.80943788465788447,"raw close ratio: no splits, no dividends (F25)"
2001-12-31,pgr_drip_return_6m,0.15107607621730912,-0.61663353214049033,-0.76770960835779944,"raw close ratio: no splits, no dividends (F25)"
2002-01-31,pgr_drip_return_6m,-0.018265868492541415,-0.67303295225285809,-0.65476708376031667,"raw close ratio: no splits, no dividends (F25)"
2002-02-28,pgr_drip_return_6m,0.072338436234053338,-0.64285714285714279,-0.71519557909119613,"raw close ratio: no splits, no dividends (F25)"
2002-03-29,pgr_drip_return_6m,-0.081556549346153751,-0.69411764705882351,-0.61256109771266976,"raw close ratio: no splits, no dividends (F25)"
2002-04-30,pgr_drip_return_6m,-0.010772155648825721,-0.011629925360180593,-0.00085776971135487212,"raw close ratio: no splits, no dividends (F25)"
2002-05-31,pgr_drip_return_6m,-0.042574636814667333,-0.043404830265157957,-0.00083019345049062387,"raw close ratio: no splits, no dividends (F25)"
2002-06-28,pgr_drip_return_6m,-0.14960030217160492,-0.15038893690579092,-0.00078863473418600005,"raw close ratio: no splits, no dividends (F25)"
2002-07-31,pgr_drip_return_6m,-0.0048360622618767168,-0.0057589469354174527,-0.00092288467354073589,"raw close ratio: no splits, no dividends (F25)"
2002-08-30,pgr_drip_return_6m,-0.031473911478361316,-0.032372093023255832,-0.00089818154489451629,"raw close ratio: no splits, no dividends (F25)"
2002-09-30,pgr_drip_return_6m,0.18240314165652438,0.18131868131868134,-0.0010844603378430406,"raw close ratio: no splits, no dividends (F25)"
2002-10-31,pgr_drip_return_6m,0.17986681974280883,0.17878468563400074,-0.001082134108808086,"raw close ratio: no splits, no dividends (F25)"
2002-11-29,pgr_drip_return_6m,0.27235340036354416,0.27118644067796605,-0.0011669596855781172,"raw close ratio: no splits, no dividends (F25)"
2002-12-31,pgr_drip_return_6m,0.5007061747429975,0.49949135300101744,-0.0012148217419800655,"raw close ratio: no splits, no dividends (F25)"
2003-01-31,pgr_drip_return_6m,0.37450943833490902,0.37339677285891604,-0.0011126654759929799,"raw close ratio: no splits, no dividends (F25)"
2003-02-28,pgr_drip_return_6m,0.36122496495295109,0.36012305325898852,-0.0011019116939625651,"raw close ratio: no splits, no dividends (F25)"
2003-03-31,pgr_drip_return_6m,0.16376788434500633,0.16295681063122935,-0.00081107371377697746,"raw close ratio: no splits, no dividends (F25)"
2003-04-30,pgr_drip_return_6m,0.10029007559038883,0.099523241954707853,-0.00076683363568097462,"raw close ratio: no splits, no dividends (F25)"
2003-05-30,pgr_drip_return_6m,0.085478733275041741,0.084722222222222143,-0.0007565110528195973,"raw close ratio: no splits, no dividends (F25)"
2003-06-30,pgr_drip_return_6m,0.11946435569069913,0.11872455902306656,-0.00073979666763257512,"raw close ratio: no splits, no dividends (F25)"
2003-07-31,pgr_drip_return_6m,0.24573964861522812,0.24491640307275198,-0.00082324554247614756,"raw close ratio: no splits, no dividends (F25)"
2003-08-29,pgr_drip_return_6m,0.16927709760281351,0.16850438224484021,-0.00077271535797329705,"raw close ratio: no splits, no dividends (F25)"
2003-09-30,pgr_drip_return_6m,0.24229048413910559,0.24153692329667176,-0.00075356084243383137,"raw close ratio: no splits, no dividends (F25)"
2003-10-31,pgr_drip_return_6m,0.18662765541212467,0.18590785907859075,-0.00071979633353391748,"raw close ratio: no splits, no dividends (F25)"
2003-11-28,pgr_drip_return_6m,0.098873992225476659,0.098207426376440532,-0.00066656584903612703,"raw close ratio: no splits, no dividends (F25)"
2003-12-31,pgr_drip_return_6m,0.04208476607753564,0.041479684657368177,-0.00060508142016746369,"raw close ratio: no splits, no dividends (F25)"
2004-01-30,pgr_drip_return_6m,-0.072419662729360845,-0.072958257713248598,-0.0005385949838877524,"raw close ratio: no splits, no dividends (F25)"
2004-02-27,pgr_drip_return_6m,-0.022176000938595064,-0.022743769658843394,-0.00056776872024832947,"raw close ratio: no splits, no dividends (F25)"
2004-03-31,pgr_drip_return_6m,-0.041819108854222797,-0.04245283018867918,-0.00063372133445638301,"raw close ratio: no splits, no dividends (F25)"
2004-04-30,pgr_drip_return_6m,0.069605953079140859,0.068898537477148025,-0.00070741560199283349,"raw close ratio: no splits, no dividends (F25)"
2004-05-31,pgr_drip_return_6m,0.071362652298439411,0.070654074851346671,-0.00070857744709273973,"raw close ratio: no splits, no dividends (F25)"
2004-06-30,pgr_drip_return_6m,-0.011312399653661376,-0.01199487597531157,-0.0006824763216501939,"raw close ratio: no splits, no dividends (F25)"
2004-07-30,pgr_drip_return_6m,0.078008555068023844,0.077264421821978679,-0.0007441332460451644,"raw close ratio: no splits, no dividends (F25)"
2004-08-31,pgr_drip_return_6m,0.085671433215286807,0.084922010398613468,-0.00074942281667333965,"raw close ratio: no splits, no dividends (F25)"
2004-09-30,pgr_drip_return_6m,0.071112324006867178,0.070407305058272307,-0.00070501894859487102,"raw close ratio: no splits, no dividends (F25)"
2004-10-29,pgr_drip_return_6m,-0.023729400595732253,-0.024371993586317475,-0.00064259299058522235,"raw close ratio: no splits, no dividends (F25)"
2004-11-30,pgr_drip_return_6m,0.038034874984119504,0.037351628008276183,-0.00068324697584332128,"raw close ratio: no splits, no dividends (F25)"
2004-12-31,pgr_drip_return_6m,0.17850781314895214,0.17774634606317763,-0.00076146708577451427,"raw close ratio: no splits, no dividends (F25)"
2005-01-31,pgr_drip_return_6m,0.20855893096677081,0.20777804700751146,-0.00078088395925934861,"raw close ratio: no splits, no dividends (F25)"
2005-02-28,pgr_drip_return_6m,0.10192147587855049,0.10120949338201735,-0.00071198249653314782,"raw close ratio: no splits, no dividends (F25)"
2005-03-31,pgr_drip_return_6m,0.17672464713313407,0.17600179593669307,-0.00072285119644099893,"raw close ratio: no splits, no dividends (F25)"
2005-04-29,pgr_drip_return_6m,0.27338001249048771,0.27259778678645796,-0.00078222570402974867,"raw close ratio: no splits, no dividends (F25)"
2005-05-31,pgr_drip_return_6m,0.27392973954582134,0.27314717614948547,-0.00078256339633586691,"raw close ratio: no splits, no dividends (F25)"
2005-06-30,pgr_drip_return_6m,0.16937629499273621,0.16873498799039233,-0.00064130700234388271,"raw close ratio: no splits, no dividends (F25)"
2005-07-29,pgr_drip_return_6m,0.054545630425331337,0.05396729862573979,-0.00057833179959154712,"raw close ratio: no splits, no dividends (F25)"
2005-08-31,pgr_drip_return_6m,0.12018743217788708,0.11957310123303277,-0.00061433094485430217,"raw close ratio: no splits, no dividends (F25)"
2005-09-30,pgr_drip_return_6m,-0.0043419360610995605,-0.0048678056695617977,-0.00052586960846223718,"raw close ratio: no splits, no dividends (F25)"
2005-10-31,pgr_drip_return_6m,-0.065111047730924909,-0.065604821351700426,-0.00049377362077551723,"raw close ratio: no splits, no dividends (F25)"
2005-11-30,pgr_drip_return_6m,-0.10407825860001352,-0.77613786279683383,-0.67205960419682031,"raw close ratio: no splits, no dividends (F25)"
2005-12-30,pgr_drip_return_6m,-0.1188789163838474,-0.77984243877376258,-0.66096352238991518,"raw close ratio: no splits, no dividends (F25)"
2006-01-31,pgr_drip_return_6m,-0.066768606987458679,-0.76682211858760829,-0.70005351160014961,"raw close ratio: no splits, no dividends (F25)"
2006-02-28,pgr_drip_return_6m,-0.11880574246070452,-0.77982415548357242,-0.6610184130228679,"raw close ratio: no splits, no dividends (F25)"
2006-03-31,pgr_drip_return_6m,-0.057914988288796376,-0.76462689430270481,-0.70671190601390843,"raw close ratio: no splits, no dividends (F25)"
2006-04-28,pgr_drip_return_6m,-0.11563278878951366,-0.77904726803648761,-0.66341447924697394,"raw close ratio: no splits, no dividends (F25)"
2006-05-31,pgr_drip_return_6m,-0.15563830995497951,-0.15616942909760589,-0.00053111914262637949,"raw close ratio: no splits, no dividends (F25)"
2006-06-30,pgr_drip_return_6m,-0.057250325229427412,-0.057954103461688167,-0.00070377823226075442,"raw close ratio: no splits, no dividends (F25)"
2006-07-31,pgr_drip_return_6m,-0.042959022461494412,-0.043673469387755071,-0.00071444692626065898,"raw close ratio: no splits, no dividends (F25)"
2006-08-31,pgr_drip_return_6m,-0.020706520027079178,-0.021437578814627933,-0.00073105878754875508,"raw close ratio: no splits, no dividends (F25)"
2006-09-29,pgr_drip_return_6m,-0.11049350739240082,-0.11083944580277094,-0.00034593841037011686,"raw close ratio: no splits, no dividends (F25)"
2006-10-31,pgr_drip_return_6m,-0.03799116908970035,-0.038365304420350355,-0.00037413533065000504,"raw close ratio: no splits, no dividends (F25)"
2006-11-30,pgr_drip_return_6m,-0.0070341656284894638,-0.0074203404626801417,-0.00038617483419067788,"raw close ratio: no splits, no dividends (F25)"
2006-12-29,pgr_drip_return_6m,-0.011973575557390537,-0.011973575557390537,0,"raw close ratio: no splits, no dividends (F25)"
2007-01-31,pgr_drip_return_6m,-0.10670081092616301,-0.10670081092616301,0,"raw close ratio: no splits, no dividends (F25)"
2007-02-28,pgr_drip_return_6m,-0.049948656280823234,-0.12628865979381443,-0.076340003512991195,"raw close ratio: no splits, no dividends (F25)"
2007-03-30,pgr_drip_return_6m,-0.032725156258822108,-0.11044912923923011,-0.077723972980408007,"raw close ratio: no splits, no dividends (F25)"
2007-04-30,pgr_drip_return_6m,-0.13142079639529447,-0.20121422376409359,-0.069793427368799121,"raw close ratio: no splits, no dividends (F25)"
2007-05-31,pgr_drip_return_6m,-0.12015439986198384,-0.19085312225153916,-0.070698722389555324,"raw close ratio: no splits, no dividends (F25)"
2007-06-29,pgr_drip_return_6m,-0.13937019963388919,-0.20852486418721261,-0.069154664553323419,"raw close ratio: no splits, no dividends (F25)"
2007-07-31,pgr_drip_return_6m,-0.039846495326965159,-0.12374581939799334,-0.083899324071028181,"raw close ratio: no splits, no dividends (F25)"
2007-08-31,pgr_drip_return_6m,-0.091880542722731051,-0.098820058997050264,-0.0069395162743192129,"raw close ratio: no splits, no dividends (F25)"
2007-09-28,pgr_drip_return_6m,-0.17141166263509588,-0.1777434312210201,-0.0063317685859242134,"raw close ratio: no splits, no dividends (F25)"
2007-10-31,pgr_drip_return_6m,0.019735988555237061,0.011943539630836053,-0.0077924489244010076,"raw close ratio: no splits, no dividends (F25)"
2007-11-30,pgr_drip_return_6m,0.098612586298459926,0.090217391304347805,-0.0083951949941121207,"raw close ratio: no splits, no dividends (F25)"
2007-12-31,pgr_drip_return_6m,0.028982431032732681,0.021119324181626098,-0.0078631068511065827,"raw close ratio: no splits, no dividends (F25)"
2008-01-31,pgr_drip_return_6m,0.040894220283533178,0.040894220283533178,0,"raw close ratio: no splits, no dividends (F25)"
2008-02-29,pgr_drip_return_6m,0.0076377523186033081,0.0076377523186033081,0,"raw close ratio: no splits, no dividends (F25)"
2008-03-31,pgr_drip_return_6m,0.087092731829573999,0.087092731829573999,0,"raw close ratio: no splits, no dividends (F25)"
2008-04-30,pgr_drip_return_6m,-0.2344420600858369,-0.2344420600858369,0,"raw close ratio: no splits, no dividends (F25)"
2008-05-30,pgr_drip_return_6m,-0.25124626121635096,-0.25124626121635096,0,"raw close ratio: no splits, no dividends (F25)"
2008-06-30,pgr_drip_return_6m,-0.27145811789038266,-0.27145811789038266,0,"raw close ratio: no splits, no dividends (F25)"
2008-07-31,pgr_drip_return_6m,-0.36354112100576219,-0.36354112100576219,0,"raw close ratio: no splits, no dividends (F25)"
2008-08-29,pgr_drip_return_6m,-0.3735787763941526,-0.3735787763941526,0,"raw close ratio: no splits, no dividends (F25)"
2008-09-30,pgr_drip_return_6m,-0.2259365994236312,-0.2259365994236312,0,"raw close ratio: no splits, no dividends (F25)"
2008-10-31,pgr_drip_return_6m,0.083391730903994432,0.083391730903994432,0,"raw close ratio: no splits, no dividends (F25)"
2008-11-28,pgr_drip_return_6m,0.073901464713715059,0.073901464713715059,0,"raw close ratio: no splits, no dividends (F25)"
2008-12-31,pgr_drip_return_6m,0.068133427963094517,0.068133427963094517,0,"raw close ratio: no splits, no dividends (F25)"
2009-01-30,pgr_drip_return_6m,0.28230452674897122,0.28230452674897122,0,"raw close ratio: no splits, no dividends (F25)"
2009-02-27,pgr_drip_return_6m,0.4382022471910112,0.4382022471910112,0,"raw close ratio: no splits, no dividends (F25)"
2009-03-31,pgr_drip_return_6m,0.21518987341772156,0.21518987341772156,0,"raw close ratio: no splits, no dividends (F25)"
2009-04-30,pgr_drip_return_6m,0.034928848641655907,0.034928848641655907,0,"raw close ratio: no splits, no dividends (F25)"
2009-05-29,pgr_drip_return_6m,0.029758214507129566,0.029758214507129566,0,"raw close ratio: no splits, no dividends (F25)"
2009-06-30,pgr_drip_return_6m,0.19534883720930218,0.19534883720930218,0,"raw close ratio: no splits, no dividends (F25)"
2009-07-31,pgr_drip_return_6m,0.074347849218419082,0.064184852374839396,-0.010162996843579686,"raw close ratio: no splits, no dividends (F25)"
2009-08-31,pgr_drip_return_6m,0.040491767289474678,0.030649038461538325,-0.0098427288279363534,"raw close ratio: no splits, no dividends (F25)"
2009-09-30,pgr_drip_return_6m,0.19203609500342456,0.18075980392156854,-0.011276291081856016,"raw close ratio: no splits, no dividends (F25)"
2009-10-30,pgr_drip_return_6m,0.26761625592066296,0.25562499999999999,-0.011991255920662969,"raw close ratio: no splits, no dividends (F25)"
2009-11-30,pgr_drip_return_6m,0.19067339433648112,0.17940999397953039,-0.011263400356950726,"raw close ratio: no splits, no dividends (F25)"
2009-12-31,pgr_drip_return_6m,0.093725963144448032,0.083379655364091088,-0.010346307780356945,"raw close ratio: no splits, no dividends (F25)"
2010-01-29,pgr_drip_return_6m,0.18455971049457198,0.18455971049457198,0,"raw close ratio: no splits, no dividends (F25)"
2010-02-26,pgr_drip_return_6m,0.16034985422740533,0.16034985422740533,0,"raw close ratio: no splits, no dividends (F25)"
2010-03-31,pgr_drip_return_6m,0.10742086144265706,0.10742086144265706,0,"raw close ratio: no splits, no dividends (F25)"
2010-04-30,pgr_drip_return_6m,0.053260328521652633,0.053260328521652633,0,"raw close ratio: no splits, no dividends (F25)"
2010-05-31,pgr_drip_return_6m,0.054109239407861054,0.054109239407861054,0,"raw close ratio: no splits, no dividends (F25)"
2010-06-30,pgr_drip_return_6m,0.068114115476359371,0.019497178040020602,-0.04861693743633877,"raw close ratio: no splits, no dividends (F25)"
2010-07-30,pgr_drip_return_6m,0.070044198042061856,0.0010183299389001643,-0.069025868103161692,"raw close ratio: no splits, no dividends (F25)"
2010-08-31,pgr_drip_return_6m,0.0974253215523877,0.026633165829145877,-0.070792155723241823,"raw close ratio: no splits, no dividends (F25)"
2010-09-30,pgr_drip_return_6m,0.045412576580755593,-0.02202436738519209,-0.067436943965947682,"raw close ratio: no splits, no dividends (F25)"
2010-10-29,pgr_drip_return_6m,0.10835949565833114,0.036862003780718355,-0.071497491877612784,"raw close ratio: no splits, no dividends (F25)"
2010-11-30,pgr_drip_return_6m,0.11709747673944904,0.045036319612590692,-0.072061157126858344,"raw close ratio: no splits, no dividends (F25)"
2010-12-31,pgr_drip_return_6m,0.055731070696799945,0.03472571716155004,-0.021005353535249904,"raw close ratio: no splits, no dividends (F25)"
2011-01-31,pgr_drip_return_6m,0.0010172939979653517,0.0010172939979653517,0,"raw close ratio: no splits, no dividends (F25)"
2011-02-28,pgr_drip_return_6m,-0.1071953010279002,-0.1071953010279002,0,"raw close ratio: no splits, no dividends (F25)"
2011-03-31,pgr_drip_return_6m,-0.14901772879731667,-0.14901772879731667,0,"raw close ratio: no splits, no dividends (F25)"
2011-04-29,pgr_drip_return_6m,-0.11257976298997274,-0.11257976298997274,0,"raw close ratio: no splits, no dividends (F25)"
2011-05-31,pgr_drip_return_6m,-0.18535681186283592,-0.18535681186283592,0,"raw close ratio: no splits, no dividends (F25)"
2011-06-30,pgr_drip_return_6m,-0.051070038910505655,-0.051070038910505655,0,"raw close ratio: no splits, no dividends (F25)"
2011-07-29,pgr_drip_return_6m,0.058403481142348612,0.038109756097560954,-0.020293725044787658,"raw close ratio: no splits, no dividends (F25)"
2011-08-31,pgr_drip_return_6m,0.19785796253716392,0.17489035087719307,-0.022967611659970855,"raw close ratio: no splits, no dividends (F25)"
2011-09-30,pgr_drip_return_6m,0.33069479224784071,0.30518018018018012,-0.025514612067660591,"raw close ratio: no splits, no dividends (F25)"
2011-10-31,pgr_drip_return_6m,0.12637355597850974,0.10477657935285078,-0.021596976625658959,"raw close ratio: no splits, no dividends (F25)"
2011-11-30,pgr_drip_return_6m,0.25326780476002453,0.22923777019340164,-0.024030034566622893,"raw close ratio: no splits, no dividends (F25)"
2011-12-30,pgr_drip_return_6m,0.088528959507944371,0.067657611481291458,-0.020871348026652914,"raw close ratio: no splits, no dividends (F25)"
2012-01-31,pgr_drip_return_6m,-0.031815956926088962,-0.031815956926088962,0,"raw close ratio: no splits, no dividends (F25)"
2012-02-29,pgr_drip_return_6m,-0.08866075594960332,-0.08866075594960332,0,"raw close ratio: no splits, no dividends (F25)"
2012-03-30,pgr_drip_return_6m,-0.10526315789473695,-0.10526315789473695,0,"raw close ratio: no splits, no dividends (F25)"
2012-04-30,pgr_drip_return_6m,0.049744304974430387,0.049744304974430387,0,"raw close ratio: no splits, no dividends (F25)"
2012-05-31,pgr_drip_return_6m,0.026948187533282653,-0.016658954187875996,-0.043607141721158649,"raw close ratio: no splits, no dividends (F25)"
2012-06-29,pgr_drip_return_6m,0.045348630503718956,0.00096015362458001796,-0.044388476879138938,"raw close ratio: no splits, no dividends (F25)"
2012-07-31,pgr_drip_return_6m,0.20978195764512497,0.14408493427704738,-0.065697023368077589,"raw close ratio: no splits, no dividends (F25)"
2012-08-31,pgr_drip_return_6m,0.33842814234667729,0.26574500768049147,-0.072683134666185811,"raw close ratio: no splits, no dividends (F25)"
2012-09-28,pgr_drip_return_6m,0.28838401073347142,0.21841851494696241,-0.069965495786509013,"raw close ratio: no splits, no dividends (F25)"
2012-10-31,pgr_drip_return_6m,0.17964971329657642,0.11558901682905232,-0.064060696467524103,"raw close ratio: no splits, no dividends (F25)"
2012-11-30,pgr_drip_return_6m,0.21454992750621393,0.19952941176470573,-0.0150205157415082,"raw close ratio: no splits, no dividends (F25)"
2012-12-31,pgr_drip_return_6m,0.23445129107981222,0.21918465227817752,-0.015266638801634702,"raw close ratio: no splits, no dividends (F25)"
2013-01-31,pgr_drip_return_6m,0.14891736632788333,0.14891736632788333,0,"raw close ratio: no splits, no dividends (F25)"
2013-02-28,pgr_drip_return_6m,0.014158576051779947,0.014158576051779947,0,"raw close ratio: no splits, no dividends (F25)"
2013-03-29,pgr_drip_return_6m,0.081123862287297177,0.081123862287297177,0,"raw close ratio: no splits, no dividends (F25)"
2013-04-30,pgr_drip_return_6m,0.050019849146486717,0.050019849146486717,0,"raw close ratio: no splits, no dividends (F25)"
2013-05-31,pgr_drip_return_6m,0.095723813260102153,0.095723813260102153,0,"raw close ratio: no splits, no dividends (F25)"
2013-06-28,pgr_drip_return_6m,0.064909520062942594,0.064909520062942594,0,"raw close ratio: no splits, no dividends (F25)"
2013-07-31,pgr_drip_return_6m,-0.070111662531017416,-0.10615384615384627,-0.036042183622828849,"raw close ratio: no splits, no dividends (F25)"
2013-08-30,pgr_drip_return_6m,0.016254487435181542,-0.023135221380135684,-0.039389708815317226,"raw close ratio: no splits, no dividends (F25)"
2013-09-30,pgr_drip_return_6m,-0.086861805129173963,-0.12225475841874089,-0.035392953289566931,"raw close ratio: no splits, no dividends (F25)"
2013-10-31,pgr_drip_return_6m,-0.064299652417830422,-0.10056710775047262,-0.036267455332642196,"raw close ratio: no splits, no dividends (F25)"
2013-11-29,pgr_drip_return_6m,-0.067695159557880857,-0.10383100608664508,-0.036135846528764226,"raw close ratio: no splits, no dividends (F25)"
2013-12-31,pgr_drip_return_6m,-0.029237222493654347,-0.066863686738086403,-0.037626464244432056,"raw close ratio: no splits, no dividends (F25)"
2014-01-31,pgr_drip_return_6m,0.040877796901893415,0.040877796901893415,0,"raw close ratio: no splits, no dividends (F25)"
2014-02-28,pgr_drip_return_6m,0.021641486320947312,0.021641486320947312,0,"raw close ratio: no splits, no dividends (F25)"
2014-03-31,pgr_drip_return_6m,0.061718098415346034,0.061718098415346034,0,"raw close ratio: no splits, no dividends (F25)"
2014-04-30,pgr_drip_return_6m,0.1101303068516184,0.1101303068516184,0,"raw close ratio: no splits, no dividends (F25)"
2014-05-30,pgr_drip_return_6m,0.088294047143427701,0.088294047143427701,0,"raw close ratio: no splits, no dividends (F25)"
2014-06-30,pgr_drip_return_6m,0.069279493269992054,0.069279493269992054,0,"raw close ratio: no splits, no dividends (F25)"
2014-07-31,pgr_drip_return_6m,0.072757337742868966,0.072757337742868966,0,"raw close ratio: no splits, no dividends (F25)"
2014-08-29,pgr_drip_return_6m,0.093313757471864545,0.06514788169464425,-0.028165875777220295,"raw close ratio: no splits, no dividends (F25)"
2014-09-30,pgr_drip_return_6m,0.089739144254389558,0.061665357423409173,-0.028073786830980385,"raw close ratio: no splits, no dividends (F25)"
2014-10-31,pgr_drip_return_6m,0.043932725313512444,0.017039000378644475,-0.026893724934867969,"raw close ratio: no splits, no dividends (F25)"
2014-11-28,pgr_drip_return_6m,0.0302113066186811,0.0036710719530104186,-0.026540234665670681,"raw close ratio: no splits, no dividends (F25)"
2014-12-31,pgr_drip_return_6m,0.076226223214266531,0.0485005553498703,-0.027725667864396231,"raw close ratio: no splits, no dividends (F25)"
2015-01-30,pgr_drip_return_6m,0.20641681609438622,0.17533718689788058,-0.031079629196505643,"raw close ratio: no splits, no dividends (F25)"
2015-02-27,pgr_drip_return_6m,0.12757973733583494,0.12757973733583494,0,"raw close ratio: no splits, no dividends (F25)"
2015-03-31,pgr_drip_return_6m,0.13466518682944884,0.13466518682944884,0,"raw close ratio: no splits, no dividends (F25)"
2015-04-30,pgr_drip_return_6m,0.23343261355174993,0.23343261355174993,0,"raw close ratio: no splits, no dividends (F25)"
2015-05-29,pgr_drip_return_6m,0.13825896122896864,0.13825896122896864,0,"raw close ratio: no splits, no dividends (F25)"
2015-06-30,pgr_drip_return_6m,0.12288135593220351,0.12288135593220351,0,"raw close ratio: no splits, no dividends (F25)"
2015-07-31,pgr_drip_return_6m,0.024590163934426146,0.024590163934426146,0,"raw close ratio: no splits, no dividends (F25)"
2015-08-31,pgr_drip_return_6m,0.098923236738768461,0.068552412645590532,-0.030370824093177928,"raw close ratio: no splits, no dividends (F25)"
2015-09-30,pgr_drip_return_6m,0.16724433465927624,0.13498532768177363,-0.032259006977502613,"raw close ratio: no splits, no dividends (F25)"
2015-10-30,pgr_drip_return_6m,0.011970124962269679,-0.01599758527014794,-0.02796771023241762,"raw close ratio: no splits, no dividends (F25)"
2015-11-30,pgr_drip_return_6m,0.098812493573264604,0.068444730077120708,-0.030367763496143896,"raw close ratio: no splits, no dividends (F25)"
2015-12-31,pgr_drip_return_6m,0.024541560754716807,-0.0037735849056603765,-0.028315145660377183,"raw close ratio: no splits, no dividends (F25)"
2016-01-29,pgr_drip_return_6m,0.069888391167999941,0.040319999999999911,-0.02956839116800003,"raw close ratio: no splits, no dividends (F25)"
2016-02-29,pgr_drip_return_6m,0.0040485829959515662,0.0040485829959515662,0,"raw close ratio: no splits, no dividends (F25)"
2016-03-31,pgr_drip_return_6m,-0.095087618500431015,-0.095087618500431015,0,"raw close ratio: no splits, no dividends (F25)"
2016-04-29,pgr_drip_return_6m,-0.034969325153374253,-0.034969325153374253,0,"raw close ratio: no splits, no dividends (F25)"
2016-05-31,pgr_drip_return_6m,0.0060150375939851397,0.0060150375939851397,0,"raw close ratio: no splits, no dividends (F25)"
2016-06-30,pgr_drip_return_6m,0.12058080808080818,0.12058080808080818,0,"raw close ratio: no splits, no dividends (F25)"
2016-07-29,pgr_drip_return_6m,0.16887111657951404,0.16887111657951404,0,"raw close ratio: no splits, no dividends (F25)"
2016-08-31,pgr_drip_return_6m,0.23292839885072447,0.21122828784119085,-0.021700111009533618,"raw close ratio: no splits, no dividends (F25)"
2016-09-30,pgr_drip_return_6m,0.26609335338345841,0.2438095238095237,-0.02228382957393471,"raw close ratio: no splits, no dividends (F25)"
2016-10-31,pgr_drip_return_6m,0.28517530698966098,0.26255562619198969,-0.022619680797671293,"raw close ratio: no splits, no dividends (F25)"
2016-11-30,pgr_drip_return_6m,0.28722983242860489,0.26457399103139001,-0.022655841397214882,"raw close ratio: no splits, no dividends (F25)"
2016-12-30,pgr_drip_return_6m,0.26422273684210529,0.24197183098591557,-0.022250905856189718,"raw close ratio: no splits, no dividends (F25)"
2017-01-31,pgr_drip_return_6m,0.26489430470914099,0.24263157894736831,-0.022262725761772684,"raw close ratio: no splits, no dividends (F25)"
2017-02-28,pgr_drip_return_6m,0.23943661971830998,0.23943661971830998,0,"raw close ratio: no splits, no dividends (F25)"
2017-03-31,pgr_drip_return_6m,0.23583460949464019,0.23583460949464019,0,"raw close ratio: no splits, no dividends (F25)"
2017-04-28,pgr_drip_return_6m,0.2311178247734138,0.2311178247734138,0,"raw close ratio: no splits, no dividends (F25)"
2017-05-31,pgr_drip_return_6m,0.22576832151300241,0.22576832151300241,0,"raw close ratio: no splits, no dividends (F25)"
2017-06-30,pgr_drip_return_6m,0.27738716262190954,0.27738716262190954,0,"raw close ratio: no splits, no dividends (F25)"
2017-07-31,pgr_drip_return_6m,0.16116052520118584,0.16116052520118584,0,"raw close ratio: no splits, no dividends (F25)"
2017-08-31,pgr_drip_return_6m,0.21681355331204033,0.19235537190082641,-0.02445818141121392,"raw close ratio: no splits, no dividends (F25)"
2017-09-29,pgr_drip_return_6m,0.28417650161668995,0.25836431226765799,-0.025812189349031955,"raw close ratio: no splits, no dividends (F25)"
2017-10-31,pgr_drip_return_6m,0.27261455691080094,0.24703476482617592,-0.025579792084625019,"raw close ratio: no splits, no dividends (F25)"
2017-11-30,pgr_drip_return_6m,0.22717365378145216,0.2025072324011572,-0.024666421380294956,"raw close ratio: no splits, no dividends (F25)"
2017-12-29,pgr_drip_return_6m,0.071791796350392678,0.050248579545454586,-0.021543216804938092,"raw close ratio: no splits, no dividends (F25)"
2018-01-31,pgr_drip_return_6m,0.11431849289676843,0.091920481488236394,-0.022398011408532037,"raw close ratio: no splits, no dividends (F25)"
2018-02-28,pgr_drip_return_6m,0.17016115058048875,0.17016115058048875,0,"raw close ratio: no splits, no dividends (F25)"
2018-03-30,pgr_drip_return_6m,0.16592811422944376,0.16592811422944376,0,"raw close ratio: no splits, no dividends (F25)"
2018-04-30,pgr_drip_return_6m,0.11692358150213189,0.11692358150213189,0,"raw close ratio: no splits, no dividends (F25)"
2018-05-31,pgr_drip_return_6m,0.063191659983961479,0.063191659983961479,0,"raw close ratio: no splits, no dividends (F25)"
2018-06-29,pgr_drip_return_6m,0.0084530853761624059,0.0084530853761624059,0,"raw close ratio: no splits, no dividends (F25)"
2018-07-31,pgr_drip_return_6m,0.090696509103056711,0.090696509103056711,0,"raw close ratio: no splits, no dividends (F25)"
2018-08-31,pgr_drip_return_6m,0.11107947970439347,0.070191026210572938,-0.040888453493820531,"raw close ratio: no splits, no dividends (F25)"
2018-09-28,pgr_drip_return_6m,0.053551802657520797,0.014780405405405261,-0.038771397252115536,"raw close ratio: no splits, no dividends (F25)"
2018-10-31,pgr_drip_return_6m,0.16298183490545193,0.11863162531199523,-0.044350209593456702,"raw close ratio: no splits, no dividends (F25)"
2018-11-30,pgr_drip_return_6m,0.24337308059228646,0.19595715794237423,-0.047415922649912234,"raw close ratio: no splits, no dividends (F25)"
2018-12-31,pgr_drip_return_6m,0.39310933711262708,0.33998323554065402,-0.053126101571973061,"raw close ratio: no splits, no dividends (F25)"
2019-01-31,pgr_drip_return_6m,0.3023799966850782,0.2511485451761104,-0.051231451508967796,"raw close ratio: no splits, no dividends (F25)"
2019-02-28,pgr_drip_return_6m,0.051613544648385412,0.048844610488446127,-0.0027689341599392847,"raw close ratio: no splits, no dividends (F25)"
2019-03-29,pgr_drip_return_6m,0.07231991749741562,0.069496462754889521,-0.0028234547425260992,"raw close ratio: no splits, no dividends (F25)"
2019-04-30,pgr_drip_return_6m,-0.088109585991447581,-0.090431815198845023,-0.0023222292073974415,"raw close ratio: no splits, no dividends (F25)"
2019-05-31,pgr_drip_return_6m,-0.076229757664960096,-0.078582240161453099,-0.0023524824964930025,"raw close ratio: no splits, no dividends (F25)"
2019-06-28,pgr_drip_return_6m,-0.095030564096590942,-0.097335168272238204,-0.0023046041756472624,"raw close ratio: no splits, no dividends (F25)"
2019-07-31,pgr_drip_return_6m,0.020191748548724187,-0.0123623011015912,-0.032554049650315386,"raw close ratio: no splits, no dividends (F25)"
2019-08-30,pgr_drip_return_6m,-0.0030149665506256085,-0.034828496042216384,-0.031813529491590775,"raw close ratio: no splits, no dividends (F25)"
2019-09-30,pgr_drip_return_6m,-0.014734229353228989,-0.046173800259403208,-0.031439570906174219,"raw close ratio: no splits, no dividends (F25)"
2019-10-31,pgr_drip_return_6m,0.2352514771167411,0.19581529581529589,-0.039436181301445217,"raw close ratio: no splits, no dividends (F25)"
2019-11-29,pgr_drip_return_6m,0.098449952190076795,0.063381245722108348,-0.035068706467968447,"raw close ratio: no splits, no dividends (F25)"
2019-12-31,pgr_drip_return_6m,0.11515862079177186,0.079556479556479376,-0.035602141235292484,"raw close ratio: no splits, no dividends (F25)"
2020-01-31,pgr_drip_return_6m,0.12248277299572163,0.1195935060106581,-0.0028892669850635322,"raw close ratio: no splits, no dividends (F25)"
2020-02-28,pgr_drip_return_6m,0.28378559716016061,0.28048113723346102,-0.0033044599266995878,"raw close ratio: no splits, no dividends (F25)"
2020-03-31,pgr_drip_return_6m,0.26242816423455695,0.25917867827032892,-0.0032494859642280272,"raw close ratio: no splits, no dividends (F25)"
2020-04-30,pgr_drip_return_6m,0.11154413621885362,0.10896585012670457,-0.0025782860921490514,"raw close ratio: no splits, no dividends (F25)"
2020-05-29,pgr_drip_return_6m,0.14103495114139752,0.13838825952626155,-0.0026466916151359765,"raw close ratio: no splits, no dividends (F25)"
2020-06-30,pgr_drip_return_6m,0.27243408260232638,0.26948260367184473,-0.0029514789304816436,"raw close ratio: no splits, no dividends (F25)"
2020-07-31,pgr_drip_return_6m,0.011102757477413183,-0.034868275404029259,-0.045971032881442442,"raw close ratio: no splits, no dividends (F25)"
2020-08-31,pgr_drip_return_6m,-0.038813411757946614,-0.082514944491887343,-0.043701532733940729,"raw close ratio: no splits, no dividends (F25)"
2020-09-30,pgr_drip_return_6m,0.077612699961880471,0.028617710583153322,-0.04899498937872715,"raw close ratio: no splits, no dividends (F25)"
2020-10-30,pgr_drip_return_6m,0.14838809172738876,0.096191512513601696,-0.052196579213787064,"raw close ratio: no splits, no dividends (F25)"
2020-11-30,pgr_drip_return_6m,0.17378516995216242,0.12043424177315387,-0.05335092817900855,"raw close ratio: no splits, no dividends (F25)"
2020-12-31,pgr_drip_return_6m,0.026108800965191747,-0.020529935275080957,-0.046638736240272705,"raw close ratio: no splits, no dividends (F25)"
2021-01-29,pgr_drip_return_6m,0.093655726730513589,0.091409565317123409,-0.0022461614133901797,"raw close ratio: no splits, no dividends (F25)"
2021-02-26,pgr_drip_return_6m,0.13659846469057335,0.13426410703897607,-0.0023343576515972853,"raw close ratio: no splits, no dividends (F25)"
2021-03-31,pgr_drip_return_6m,-0.036761849029369742,-0.038740157480314896,-0.0019783084509451543,"raw close ratio: no splits, no dividends (F25)"
2021-04-30,pgr_drip_return_6m,-0.056181205282382574,-0.058169545364304187,-0.0019883400819216135,"raw close ratio: no splits, no dividends (F25)"
2021-05-31,pgr_drip_return_6m,-0.043301441784625583,-0.045316915623738296,-0.0020154738391127136,"raw close ratio: no splits, no dividends (F25)"
2021-06-30,pgr_drip_return_6m,0.077902801098590047,0.059886422302529718,-0.018016378796060328,"raw close ratio: no splits, no dividends (F25)"
2021-07-30,pgr_drip_return_6m,0.16187542594637461,0.14249684741488022,-0.019378578531494384,"raw close ratio: no splits, no dividends (F25)"
2021-08-31,pgr_drip_return_6m,0.11866819530074579,0.10001025746230385,-0.01865793783844194,"raw close ratio: no splits, no dividends (F25)"
2021-09-30,pgr_drip_return_6m,0.2958596579392887,0.27424639580602883,-0.02161326213325987,"raw close ratio: no splits, no dividends (F25)"
2021-10-29,pgr_drip_return_6m,0.15046111547587615,0.13153456998313673,-0.018926545492739422,"raw close ratio: no splits, no dividends (F25)"
2021-11-30,pgr_drip_return_6m,0.29350734572512405,0.27222750819325503,-0.021279837531869017,"raw close ratio: no splits, no dividends (F25)"
2021-12-31,pgr_drip_return_6m,0.13203885256590686,0.12995616171456392,-0.0020826908513429387,"raw close ratio: no splits, no dividends (F25)"
2022-01-31,pgr_drip_return_6m,0.060127712353061691,0.058314937454010396,-0.0018127748990512949,"raw close ratio: no splits, no dividends (F25)"
2022-02-28,pgr_drip_return_6m,0.16910094232819639,0.16710182767624016,-0.0019991146519562353,"raw close ratio: no splits, no dividends (F25)"
2022-03-31,pgr_drip_return_6m,-0.0022366100268935707,-0.0039427444930145716,-0.0017061344661210009,"raw close ratio: no splits, no dividends (F25)"
2022-04-29,pgr_drip_return_6m,0.21014504888390717,0.20808494783904607,-0.0020601010448610957,"raw close ratio: no splits, no dividends (F25)"
2022-05-31,pgr_drip_return_6m,0.095183324643819622,0.093318929699185649,-0.0018643949446339736,"raw close ratio: no splits, no dividends (F25)"
2022-06-30,pgr_drip_return_6m,0.12019302957835776,0.1182860591430297,-0.0019069704353280592,"raw close ratio: no splits, no dividends (F25)"
2022-07-29,pgr_drip_return_6m,0.17582523155126784,0.17390926473144441,-0.0019159668198234225,"raw close ratio: no splits, no dividends (F25)"
2022-08-31,pgr_drip_return_6m,0.1348789682463567,0.13302972195589646,-0.001849246290460238,"raw close ratio: no splits, no dividends (F25)"
2022-09-30,pgr_drip_return_6m,0.233056465210701,0.23104724206178484,-0.0020092231489161616,"raw close ratio: no splits, no dividends (F25)"
2022-10-31,pgr_drip_return_6m,0.053204130886892909,0.051657671549730333,-0.0015464593371625757,"raw close ratio: no splits, no dividends (F25)"
2022-11-30,pgr_drip_return_6m,-0.021973518692585459,-0.023409591852245781,-0.0014360731596603227,"raw close ratio: no splits, no dividends (F25)"
2022-12-30,pgr_drip_return_6m,0.022007938274276162,0.020507285483000404,-0.0015006527912757583,"raw close ratio: no splits, no dividends (F25)"
2023-01-31,pgr_drip_return_6m,-0.072984986614147429,-0.074331827941067519,-0.0013468413269200896,"raw close ratio: no splits, no dividends (F25)"
2023-02-28,pgr_drip_return_6m,-0.063726795993206076,-0.065087088357661638,-0.001360292364455562,"raw close ratio: no splits, no dividends (F25)"
