horizon,fold,test_start,train_start,train_end,selected,support
6,0,2011-03-31,2005-03-31,2010-02-26,,60
6,1,2011-09-30,2005-09-30,2010-08-31,,60
6,2,2012-03-30,2006-03-31,2011-02-28,,60
6,3,2012-09-28,2006-09-29,2011-08-31,,60
6,4,2013-03-29,2007-03-30,2012-02-29,,60
6,5,2013-09-30,2007-09-28,2012-08-31,,60
6,6,2014-03-31,2008-03-31,2013-02-28,,60
6,7,2014-09-30,2008-09-30,2013-08-30,,60
6,8,2015-03-31,2009-03-31,2014-02-28,,60
6,9,2015-09-30,2009-09-30,2014-08-29,,60
6,10,2016-03-31,2010-03-31,2015-02-27,,60
6,11,2016-09-30,2010-09-30,2015-08-31,P1,60
6,12,2017-03-31,2011-03-31,2016-02-29,M1,60
6,13,2017-09-29,2011-09-30,2016-08-31,M1,60
6,14,2018-03-30,2012-03-30,2017-02-28,M1,60
6,15,2018-09-28,2012-09-28,2017-08-31,M1,60
6,16,2019-03-29,2013-03-29,2018-02-28,M1,60
6,17,2019-09-30,2013-09-30,2018-08-31,P3,60
6,18,2020-03-31,2014-03-31,2019-02-28,P3,60
6,19,2020-09-30,2014-09-30,2019-08-30,M3,60
6,20,2021-03-31,2015-03-31,2020-02-28,M3,60
6,21,2021-09-30,2015-09-30,2020-08-31,M3,60
6,22,2022-03-31,2016-03-31,2021-02-26,P1,60
6,23,2022-09-30,2016-09-30,2021-08-31,P1,60
