kind,fold,endpoint,horizon,gap,purge,embargo,n_train,n_test,train_start,train_end,test_start,test_end,status,reason,inner_fold,test_size,n_test_usable,scale_mean
outer,0,path_b,6,12,6,6,0,6,2004-03-31,2009-02-27,2010-03-31,2010-08-31,unscorable,Insufficient mature support or single training class,,,,
outer,1,path_b,6,12,6,6,0,6,2004-09-30,2009-08-31,2010-09-30,2011-02-28,unscorable,Insufficient mature support or single training class,,,,
outer,2,path_b,6,12,6,6,0,6,2005-03-31,2010-02-26,2011-03-31,2011-08-31,unscorable,Insufficient mature support or single training class,,,,
outer,3,path_b,6,12,6,6,0,6,2005-09-30,2010-08-31,2011-09-30,2012-02-29,unscorable,Insufficient mature support or single training class,,,,
outer,4,path_b,6,12,6,6,1,6,2006-03-31,2011-02-28,2012-03-30,2012-08-31,unscorable,Insufficient mature support or single training class,,,,
outer,5,path_b,6,12,6,6,7,6,2006-09-29,2011-08-31,2012-09-28,2013-02-28,unscorable,Insufficient mature support or single training class,,,,
outer,6,path_b,6,12,6,6,13,6,2007-03-30,2012-02-29,2013-03-29,2013-08-30,unscorable,Insufficient mature support or single training class,,,,
outer,7,path_b,6,12,6,6,19,6,2007-09-28,2012-08-31,2013-09-30,2014-02-28,unscorable,Insufficient mature support or single training class,,,,
outer,8,path_b,6,12,6,6,25,6,2008-03-31,2013-02-28,2014-03-31,2014-08-29,unscorable,Unsupported fixed three-fold inner history,,,,
inner,8,path_b,6,12,6,6,0,6,,,2011-09-30,,unscorable,Fixed C=.5; no hyperparameter selection,0,6,6,
inner,8,path_b,6,12,6,6,1,6,,,2012-03-30,,unscorable,Fixed C=.5; no hyperparameter selection,1,6,6,
inner,8,path_b,6,12,6,6,7,6,,,2012-09-28,,unscorable,Fixed C=.5; no hyperparameter selection,2,6,6,
outer,9,path_b,6,12,6,6,31,6,2008-09-30,2013-08-30,2014-09-30,2015-02-27,unscorable,Unsupported fixed three-fold inner history,,,,
inner,9,path_b,6,12,6,6,1,6,,,2012-03-30,,unscorable,Fixed C=.5; no hyperparameter selection,0,6,6,
inner,9,path_b,6,12,6,6,7,6,,,2012-09-28,,unscorable,Fixed C=.5; no hyperparameter selection,1,6,6,
inner,9,path_b,6,12,6,6,13,6,,,2013-03-29,,unscorable,Fixed C=.5; no hyperparameter selection,2,6,6,
outer,10,path_b,6,12,6,6,37,6,2009-03-31,2014-02-28,2015-03-31,2015-08-31,unscorable,Unsupported fixed three-fold inner history,,,,
inner,10,path_b,6,12,6,6,7,6,,,2012-09-28,,unscorable,Fixed C=.5; no hyperparameter selection,0,6,6,
inner,10,path_b,6,12,6,6,13,6,,,2013-03-29,,unscorable,Fixed C=.5; no hyperparameter selection,1,6,6,
inner,10,path_b,6,12,6,6,19,6,,,2013-09-30,,unscorable,Fixed C=.5; no hyperparameter selection,2,6,6,
outer,11,path_b,6,12,6,6,43,6,2009-09-30,2014-08-29,2015-09-30,2016-02-29,unscorable,Unsupported fixed three-fold inner history,,,,
inner,11,path_b,6,12,6,6,13,6,,,2013-03-29,,unscorable,Fixed C=.5; no hyperparameter selection,0,6,6,
inner,11,path_b,6,12,6,6,19,6,,,2013-09-30,,unscorable,Fixed C=.5; no hyperparameter selection,1,6,6,
inner,11,path_b,6,12,6,6,25,6,,,2014-03-31,,scorable,Fixed C=.5; no hyperparameter selection,2,6,6,"[0.04651046022403959, 0.19837211370300373, 1.8992000000000002, -0.38160000000000005, 0.007600000000000024, 6.0256, -0.39404000000000006, 20.5556, 93.64566666666666, -0.08057059589251407, 0.04382892024293573, 0.06352339712014297]"
outer,12,path_b,6,12,6,6,49,6,2010-03-31,2015-02-27,2016-03-31,2016-08-31,unscorable,Unsupported fixed three-fold inner history,,,,
inner,12,path_b,6,12,6,6,19,6,,,2013-09-30,,unscorable,Fixed C=.5; no hyperparameter selection,0,6,6,
inner,12,path_b,6,12,6,6,25,6,,,2014-03-31,,scorable,Fixed C=.5; no hyperparameter selection,1,6,6,"[0.04651046022403959, 0.19837211370300373, 1.8992000000000002, -0.38160000000000005, 0.007600000000000024, 6.0256, -0.39404000000000006, 20.5556, 93.64566666666666, -0.08057059589251407, 0.04382892024293573, 0.06352339712014297]"
inner,12,path_b,6,12,6,6,31,6,,,2014-09-30,,scorable,Fixed C=.5; no hyperparameter selection,2,6,6,"[0.07813018143234306, 0.1865963854943734, 1.8880645161290321, -0.21419354838709678, -0.03548387096774191, 5.789032258064516, -0.44567741935483873, 19.426774193548386, 93.8282258064516, -0.08166330699928855, 0.04531068553172646, 0.06382141759770568]"
outer,13,path_b,6,12,6,6,55,6,2010-09-30,2015-08-31,2016-09-30,2017-02-28,scorable,,,,,
inner,13,path_b,6,12,6,6,25,6,,,2014-03-31,,scorable,Fixed C=.5; no hyperparameter selection,0,6,6,"[0.04651046022403959, 0.19837211370300373, 1.8992000000000002, -0.38160000000000005, 0.007600000000000024, 6.0256, -0.39404000000000006, 20.5556, 93.64566666666666, -0.08057059589251407, 0.04382892024293573, 0.06352339712014297]"
inner,13,path_b,6,12,6,6,31,6,,,2014-09-30,,scorable,Fixed C=.5; no hyperparameter selection,1,6,6,"[0.07813018143234306, 0.1865963854943734, 1.8880645161290321, -0.21419354838709678, -0.03548387096774191, 5.789032258064516, -0.44567741935483873, 19.426774193548386, 93.8282258064516, -0.08166330699928855, 0.04531068553172646, 0.06382141759770568]"
inner,13,path_b,6,12,6,6,37,6,,,2015-03-31,,scorable,Fixed C=.5; no hyperparameter selection,2,6,6,"[0.09570305438611855, 0.18358514621945748, 1.9716216216216218, -0.045675675675675674, 0.0691891891891892, 5.563513513513515, -0.48848648648648646, 18.795135135135137, 93.7813063063063, -0.06382839602061195, 0.051805065985878085, 0.06127862735233175]"
outer,14,path_b,6,12,6,6,60,6,2011-03-31,2016-02-29,2017-03-31,2017-08-31,scorable,,,,,
inner,14,path_b,6,12,6,6,30,6,,,2014-09-30,,scorable,Fixed C=.5; no hyperparameter selection,0,6,6,"[0.07435939933625886, 0.18760144701076983, 1.856333333333333, -0.21600000000000003, -0.07166666666666667, 5.812666666666668, -0.4433666666666667, 19.423333333333336, 93.88055555555555, -0.08240129024847116, 0.044768590176778686, 0.06499370978251037]"
inner,14,path_b,6,12,6,6,36,6,,,2015-03-31,,scorable,Fixed C=.5; no hyperparameter selection,1,6,6,"[0.09304887133254217, 0.18433905194770683, 1.9475, -0.04249999999999999, 0.04194444444444446, 5.576944444444445, -0.4877499999999999, 18.774722222222223, 93.8236111111111, -0.06394796786774536, 0.0515337193138147, 0.062184904443964184]"
inner,14,path_b,6,12,6,6,42,6,,,2015-09-30,,scorable,Fixed C=.5; no hyperparameter selection,2,6,6,"[0.07493292224011994, 0.18110834497907596, 1.980952380952381, -0.06190476190476192, 0.09761904761904765, 5.3185714285714285, -0.5285714285714286, 18.02619047619048, 93.81369047619047, -0.057688404137359886, 0.049143068829924745, 0.06147413447216307]"
outer,15,path_b,6,12,6,6,60,6,2011-09-30,2016-08-31,2017-09-29,2018-02-28,scorable,,,,,
inner,15,path_b,6,12,6,6,30,6,,,2015-03-31,,scorable,Fixed C=.5; no hyperparameter selection,0,6,6,"[0.10331803908449604, 0.18851265485095003, 1.8069999999999997, -0.046666666666666655, -0.11833333333333333, 5.683000000000001, -0.47340000000000004, 18.927666666666667, 94.12611111111111, -0.06271420268916209, 0.053126004714391536, 0.0672090007775744]"
inner,15,path_b,6,12,6,6,36,6,,,2015-09-30,,scorable,Fixed C=.5; no hyperparameter selection,1,6,6,"[0.0804712371846778, 0.18404789623700682, 1.8694444444444445, -0.06861111111111111, -0.02666666666666664, 5.363888888888889, -0.5234166666666668, 18.02888888888889, 94.06412037037036, -0.05561700586680957, 0.05007153158309044, 0.06554241975487143]"
inner,15,path_b,6,12,6,6,42,6,,,2016-03-31,,scorable,Fixed C=.5; no hyperparameter selection,2,6,6,"[0.0715537553555188, 0.1760809260864699, 1.842380952380952, -0.06000000000000002, 0.03761904761904763, 5.253571428571429, -0.543547619047619, 17.734761904761907, 93.92440476190475, -0.054750662563614126, 0.053101033139407006, 0.0734040900296173]"
outer,16,path_b,6,12,6,6,60,6,2012-03-30,2017-02-28,2018-03-30,2018-08-31,scorable,,,,,
inner,16,path_b,6,12,6,6,30,6,,,2015-09-30,,scorable,Fixed C=.5; no hyperparameter selection,0,6,6,"[0.10744216299562168, 0.16617391926797415, 1.8866666666666667, 0.07366666666666669, -0.044666666666666646, 4.951333333333334, -0.5991, 15.795333333333332, 94.27694444444445, -0.0506749822307935, 0.058023596116727694, 0.06635125755856533]"
inner,16,path_b,6,12,6,6,36,6,,,2016-03-31,,scorable,Fixed C=.5; no hyperparameter selection,1,6,6,"[0.09254327989311219, 0.15985811692051988, 1.852222222222222, 0.05999999999999999, 0.03333333333333334, 4.891388888888889, -0.6099722222222222, 15.824444444444445, 94.07847222222225, -0.050487918983068134, 0.06023267051015749, 0.07538839991181985]"
inner,16,path_b,6,12,6,6,42,6,,,2016-09-30,,scorable,Fixed C=.5; no hyperparameter selection,2,6,6,"[0.10150269937632492, 0.1554482351577551, 1.801190476190476, 0.03619047619047618, 0.0738095238095238, 4.876428571428572, -0.5987619047619048, 15.64404761904762, 93.83412698412698, -0.02702143895796407, 0.06811040489813047, 0.08005936710132441]"
outer,17,path_b,6,12,6,6,60,6,2012-09-28,2017-08-31,2018-09-28,2019-02-28,scorable,,,,,
inner,17,path_b,6,12,6,6,30,6,,,2016-03-31,,scorable,Fixed C=.5; no hyperparameter selection,0,6,6,"[0.10500481104562658, 0.15799712914513464, 1.916, 0.15499999999999994, 0.11033333333333334, 4.621333333333333, -0.6633, 15.284333333333333, 94.03500000000001, -0.04485504209819971, 0.06262737158577837, 0.07481378885044962]"
inner,17,path_b,6,12,6,6,36,6,,,2016-09-30,,scorable,Fixed C=.5; no hyperparameter selection,1,6,6,"[0.1133805452506224, 0.1531624317178066, 1.845833333333333, 0.11138888888888888, 0.1447222222222222, 4.648888888888889, -0.6413333333333333, 15.163888888888888, 93.7571759259259, -0.018416294883056374, 0.07141894485914335, 0.08035901908176663]"
inner,17,path_b,6,12,6,6,42,6,,,2017-03-31,,scorable,Fixed C=.5; no hyperparameter selection,2,6,6,"[0.12546856450763877, 0.15714728692906507, 1.7716666666666665, 0.14285714285714285, 0.21666666666666662, 4.920238095238095, -0.6111904761904762, 15.915238095238097, 93.56527777777777, 0.0049450992205418475, 0.07214154074413714, 0.08385787438261043]"
outer,18,path_b,6,12,6,6,60,6,2013-03-29,2018-02-28,2019-03-29,2019-08-30,scorable,,,,,
inner,18,path_b,6,12,6,6,30,6,,,2016-09-30,,scorable,Fixed C=.5; no hyperparameter selection,0,6,6,"[0.10718411189119711, 0.14491001617116897, 1.9203333333333332, 0.203, 0.31333333333333335, 4.469666666666666, -0.6679666666666667, 14.864333333333331, 93.46722222222222, -0.0027607618430252907, 0.0716596184394418, 0.07981456877931684]"
inner,18,path_b,6,12,6,6,36,6,,,2017-03-31,,scorable,Fixed C=.5; no hyperparameter selection,1,6,6,"[0.1223195399176204, 0.15093441650874342, 1.8213888888888892, 0.22444444444444445, 0.36916666666666664, 4.816111111111111, -0.6283611111111109, 15.790833333333337, 93.29166666666666, 0.021884942437834124, 0.07246253470855149, 0.08398730834737624]"
inner,18,path_b,6,12,6,6,42,6,,,2017-09-29,,scorable,Fixed C=.5; no hyperparameter selection,2,6,6,"[0.12806246375145866, 0.1518115748365391, 1.697857142857143, 0.12952380952380954, 0.34619047619047616, 5.052619047619048, -0.5881190476190477, 15.72285714285714, 93.33432539682539, 0.0280347873707077, 0.07044999791681802, 0.09174444991653513]"
outer,19,path_b,6,12,6,6,60,6,2013-09-30,2018-08-31,2019-09-30,2020-02-28,scorable,,,,,
inner,19,path_b,6,12,6,6,30,6,,,2017-03-31,,scorable,Fixed C=.5; no hyperparameter selection,0,6,6,"[0.10480764394108964, 0.1536151295521427, 1.8173333333333335, 0.17266666666666666, 0.48599999999999993, 4.818666666666667, -0.6218666666666665, 16.00433333333333, 93.03222222222222, 0.043505184914237396, 0.0766581001365909, 0.08777213609934144]"
inner,19,path_b,6,12,6,6,36,6,,,2017-09-29,,scorable,Fixed C=.5; no hyperparameter selection,1,6,6,"[0.11442637107665608, 0.1541916954273378, 1.6738888888888888, 0.07055555555555558, 0.43972222222222224, 5.094166666666667, -0.576, 15.889444444444447, 93.12523148148146, 0.04707663025652268, 0.07361087964156193, 0.09619132997136592]"
inner,19,path_b,6,12,6,6,42,6,,,2018-03-30,,scorable,Fixed C=.5; no hyperparameter selection,2,6,6,"[0.11236571099004075, 0.15640644034700876, 1.5861904761904764, 0.060952380952380966, 0.4071428571428571, 5.029761904761905, -0.5487380952380951, 15.598809523809527, 93.3890873015873, 0.04500368881953208, 0.07553745957737792, 0.10065275241266185]"
outer,20,path_b,6,12,6,6,60,6,2014-03-31,2019-02-28,2020-03-31,2020-08-31,scorable,,,,,
inner,20,path_b,6,12,6,6,30,6,,,2017-09-29,,scorable,Fixed C=.5; no hyperparameter selection,0,6,6,"[0.10001239902919558, 0.1514246191863269, 1.5279999999999998, -0.08033333333333334, 0.40566666666666656, 5.233333333333334, -0.5492666666666666, 15.961, 93.04249999999999, 0.050828227500650455, 0.07126118257007537, 0.10580142041539249]"
inner,20,path_b,6,12,6,6,36,6,,,2018-03-30,,scorable,Fixed C=.5; no hyperparameter selection,1,6,6,"[0.10001062426938777, 0.15446966763277822, 1.4499999999999997, -0.06638888888888889, 0.37333333333333335, 5.135, -0.5219166666666666, 15.609999999999998, 93.36412037037037, 0.0477845296168068, 0.07390047534044178, 0.10940473152289999]"
inner,20,path_b,6,12,6,6,42,6,,,2018-09-28,,scorable,Fixed C=.5; no hyperparameter selection,2,6,6,"[0.13242745535889558, 0.14884786513946388, 1.388095238095238, -0.021904761904761923, 0.3852380952380952, 4.937857142857143, -0.5203095238095239, 14.998095238095237, 93.41924603174603, 0.06387327717928305, 0.0846018048938717, 0.11364560690502967]"
outer,21,path_b,6,12,6,6,60,6,2014-09-30,2019-08-30,2020-09-30,2021-02-26,scorable,,,,,
inner,21,path_b,6,12,6,6,30,6,,,2018-03-30,,scorable,Fixed C=.5; no hyperparameter selection,0,6,6,"[0.126765303586148, 0.15301878052587578, 1.3036666666666663, -0.04399999999999999, 0.3616666666666666, 5.408333333333332, -0.4716000000000001, 16.025000000000002, 93.28611111111111, 0.06136763989117757, 0.08172073722321314, 0.1198437748992087]"
inner,21,path_b,6,12,6,6,36,6,,,2018-09-28,,scorable,Fixed C=.5; no hyperparameter selection,1,6,6,"[0.1601258266377804, 0.1467018254681595, 1.2558333333333331, 0.00416666666666664, 0.3775, 5.132777777777779, -0.4781111111111112, 15.241944444444442, 93.36342592592592, 0.07787399366833808, 0.09290224472175283, 0.12305162228230854]"
inner,21,path_b,6,12,6,6,42,6,,,2019-03-29,,scorable,Fixed C=.5; no hyperparameter selection,2,6,6,"[0.21222201458154016, 0.14992465593328175, 1.1754761904761903, 0.0023809523809523777, 0.3876190476190476, 4.908571428571429, -0.49335714285714294, 14.639285714285712, 93.39503968253968, 0.09910038000378896, 0.10297374569461061, 0.13443081323465003]"
outer,22,path_b,6,12,6,6,60,6,2015-03-31,2020-02-28,2021-03-31,2021-08-31,scorable,,,,,
inner,22,path_b,6,12,6,6,30,6,,,2018-09-28,,scorable,Fixed C=.5; no hyperparameter selection,0,6,6,"[0.18854121908922353, 0.15038636952514164, 1.171, 0.0066666666666666576, 0.36833333333333335, 5.2410000000000005, -0.44086666666666663, 15.096333333333336, 93.41888888888889, 0.10335931295089398, 0.09722708517064212, 0.12354712440315171]"
inner,22,path_b,6,12,6,6,36,6,,,2019-03-29,,scorable,Fixed C=.5; no hyperparameter selection,1,6,6,"[0.24458420628170272, 0.1535322477249539, 1.091388888888889, 0.004166666666666683, 0.38166666666666665, 4.961388888888889, -0.4648611111111111, 14.417499999999999, 93.44652777777776, 0.12387587712849399, 0.10825636289749466, 0.1367402634940763]"
inner,22,path_b,6,12,6,6,42,6,,,2019-09-30,,scorable,Fixed C=.5; no hyperparameter selection,2,6,6,"[0.2708123938160047, 0.15987500280587322, 0.9973809523809523, 0.05166666666666669, 0.43928571428571433, 4.762619047619047, -0.4766428571428572, 14.741190476190479, 93.32738095238095, 0.15950573446621147, 0.11492107762165261, 0.14772767481544882]"
outer,23,path_b,6,12,6,6,60,6,2015-09-30,2020-08-31,2021-09-30,2022-02-28,scorable,,,,,
inner,23,path_b,6,12,6,6,30,6,,,2019-03-29,,scorable,Fixed C=.5; no hyperparameter selection,0,6,6,"[0.262449204282923, 0.15844090835371144, 1.0106666666666666, 0.02633333333333335, 0.3946666666666666, 4.996333333333333, -0.4515333333333333, 14.388666666666666, 93.66222222222221, 0.12589556431566076, 0.1068322732317999, 0.14247128214522115]"
inner,23,path_b,6,12,6,6,36,6,,,2019-09-30,,scorable,Fixed C=.5; no hyperparameter selection,1,6,6,"[0.29007125673940526, 0.1650226791766577, 0.9144444444444443, 0.07805555555555557, 0.45972222222222225, 4.758611111111112, -0.46749999999999997, 14.77111111111111, 93.4872685185185, 0.16712711667847, 0.11484512202093332, 0.15433475891163168]"
inner,23,path_b,6,12,6,6,42,6,,,2020-03-31,,scorable,Fixed C=.5; no hyperparameter selection,2,6,6,"[0.2877010002139155, 0.18080611954825784, 0.8161904761904762, 0.09523809523809523, 0.5345238095238095, 4.662857142857143, -0.47657142857142853, 15.191190476190476, 93.07837301587304, 0.22742196845889057, 0.12371516963889416, 0.15822569160434113]"
outer,24,path_b,6,12,6,6,60,6,2016-03-31,2021-02-26,2022-03-31,2022-08-31,scorable,,,,,
inner,24,path_b,6,12,6,6,30,6,,,2019-09-30,,scorable,Fixed C=.5; no hyperparameter selection,0,6,6,"[0.30848617207733897, 0.161815931372666, 0.832, 0.02733333333333336, 0.422, 4.400666666666667, -0.4749333333333333, 13.640666666666668, 93.70194444444444, 0.17152984724573775, 0.12251872321430003, 0.16423150945642337]"
inner,24,path_b,6,12,6,6,36,6,,,2020-03-31,,scorable,Fixed C=.5; no hyperparameter selection,1,6,6,"[0.3026517202412786, 0.1807644031068648, 0.7311111111111112, 0.05583333333333335, 0.5155555555555555, 4.348611111111111, -0.4842777777777777, 14.31916666666667, 93.1891203703704, 0.24114005256168372, 0.13158817856969318, 0.16712147250711915]"
inner,24,path_b,6,12,6,6,42,6,,,2020-09-30,,scorable,Fixed C=.5; no hyperparameter selection,2,6,6,"[0.29614234093631286, 0.18123270129508837, 0.6542857142857142, -0.01309523809523809, 0.5214285714285714, 4.304285714285713, -0.49742857142857144, 14.452619047619047, 92.8170634920635, 0.2621672706456135, 0.14029686653273327, 0.16261493899250207]"
outer,25,path_b,6,12,6,6,60,6,2016-09-30,2021-08-31,2022-09-30,2023-02-28,unscorable,Unsupported fixed three-fold inner history,,,,
inner,25,path_b,6,12,6,6,30,6,,,2020-03-31,,unscorable,Fixed C=.5; no hyperparameter selection,0,6,6,
inner,25,path_b,6,12,6,6,36,6,,,2020-09-30,,scorable,Fixed C=.5; no hyperparameter selection,1,6,6,"[0.31841272996661696, 0.1852590640437176, 0.6038888888888888, 0.058055555555555555, 0.5736111111111111, 3.943055555555555, -0.5225555555555554, 14.30888888888889, 92.68819444444445, 0.29503950625855757, 0.15395054809378594, 0.166669545602671]"
inner,25,path_b,6,12,6,6,42,6,,,2021-03-31,,scorable,Fixed C=.5; no hyperparameter selection,2,6,6,"[0.2886943423135928, 0.19323255375885298, 0.5392857142857144, -0.010238095238095242, 0.5111904761904762, 3.9488095238095235, -0.5260714285714285, 14.495238095238097, 92.43769841269842, 0.2668402738168189, 0.16454996436758615, 0.16727839103653275]"
