date,benchmark,horizon,target_end,available,y_true,composite_relative_return,raw_probability,probability,temperature,calibration_warmup,raw_residual,residual,base_prediction,base_positive_rate,n_mature_labels,fold
2016-09-30,PATH_B,6,2017-03-31,2017-03-31,0,0.17499142275745691,0.062648893896850813,,,True,-0.062648893896850813,,0,0.33870967741935482,62,13
2016-10-31,PATH_B,6,2017-04-28,2017-04-28,0,0.1608943740428993,0.11397362524903511,,,True,-0.11397362524903511,,0,0.34920634920634919,63,13
2016-11-30,PATH_B,6,2017-05-31,2017-05-31,0,0.15889971148891943,0.081189262036313992,,,True,-0.081189262036313992,,0,0.359375,64,13
2016-12-30,PATH_B,6,2017-06-30,2017-06-30,0,0.14863442112796776,0.21885313537961024,,,True,-0.21885313537961024,,0,0.35384615384615387,65,13
2017-01-31,PATH_B,6,2017-07-31,2017-07-31,0,0.1577295736232191,0.21254215794738943,,,True,-0.21254215794738943,,0,0.34848484848484851,66,13
2017-02-28,PATH_B,6,2017-08-31,2017-08-31,0,0.16943756547943103,0.36063255687984302,,,True,-0.36063255687984302,,0,0.34328358208955223,67,13
2017-03-31,PATH_B,6,2017-09-29,2017-09-29,0,0.14524536501912366,0.0695503258058804,,,True,-0.0695503258058804,,0,0.33823529411764708,68,14
2017-04-28,PATH_B,6,2017-10-31,2017-10-31,0,0.12260377974195841,0.24884103973634628,,,True,-0.24884103973634628,,0,0.33333333333333331,69,14
2017-05-31,PATH_B,6,2017-11-30,2017-11-30,0,0.12330420595797065,0.10270274529140455,,,True,-0.10270274529140455,,0,0.32857142857142857,70,14
2017-06-30,PATH_B,6,2017-12-29,2017-12-29,0,0.15331981100823075,0.15531053164308967,,,True,-0.15531053164308967,,0,0.323943661971831,71,14
2017-07-31,PATH_B,6,2018-01-31,2018-01-31,0,-0.015745541758271774,0.25964025945963704,,,True,-0.25964025945963704,,0,0.31944444444444442,72,14
2017-08-31,PATH_B,6,2018-02-28,2018-02-28,0,0.079757029752507688,0.17402053390236741,,,True,-0.17402053390236741,,0,0.31506849315068491,73,14
2017-09-29,PATH_B,6,2018-03-30,2018-03-30,0,0.21059454501562985,0.59856745704273395,,,True,-0.59856745704273395,,0,0.3108108108108108,74,15
2017-10-31,PATH_B,6,2018-04-30,2018-04-30,0,0.22880620275218821,0.57415779997706284,,,True,-0.57415779997706284,,0,0.30666666666666664,75,15
2017-11-30,PATH_B,6,2018-05-31,2018-05-31,0,0.17813013552446028,0.40532214865734323,,,True,-0.40532214865734323,,0,0.30263157894736842,76,15
2017-12-29,PATH_B,6,2018-06-29,2018-06-29,0,0.050809355295162749,0.28704289041618652,,,True,-0.28704289041618652,,0,0.29870129870129869,77,15
2018-01-31,PATH_B,6,2018-07-31,2018-07-31,0,0.13061267411090438,0.10547501866783673,,,True,-0.10547501866783673,,0,0.29487179487179488,78,15
2018-02-28,PATH_B,6,2018-08-31,2018-08-31,0,0.12271945198123151,0.13197938026486272,,,True,-0.13197938026486272,,0,0.29113924050632911,79,15
2018-03-30,PATH_B,6,2018-09-28,2018-09-28,0,0.080660093353577572,0.16808204274441071,,,True,-0.16808204274441071,,0,0.28749999999999998,80,16
2018-04-30,PATH_B,6,2018-10-31,2018-10-31,0,0.13065263383766298,0.067234410067646452,,,True,-0.067234410067646452,,0,0.2839506172839506,81,16
2018-05-31,PATH_B,6,2018-11-30,2018-11-30,0,0.064005520864221496,0.035861027926655721,,,True,-0.035861027926655721,,0,0.28048780487804881,82,16
2018-06-29,PATH_B,6,2018-12-31,2018-12-31,0,0.080490221680990931,0.006395673097260083,,,True,-0.006395673097260083,,0,0.27710843373493976,83,16
2018-07-31,PATH_B,6,2019-01-31,2019-01-31,0,0.13283325514012431,0.001066986340621204,,,True,-0.001066986340621204,,0,0.27380952380952384,84,16
2018-08-31,PATH_B,6,2019-02-28,2019-02-28,0,0.1304148995325474,0.0035979598223506433,,,True,-0.0035979598223506433,,0,0.27058823529411763,85,16
2018-09-28,PATH_B,6,2019-03-29,2019-03-29,0,0.056638036697307166,0.0050687181065717478,,,True,-0.0050687181065717478,,0,0.26744186046511625,86,17
2018-10-31,PATH_B,6,2019-04-30,2019-04-30,0,0.030236741057653255,0.0021369785944690745,,,True,-0.0021369785944690745,,0,0.26436781609195403,87,17
2018-11-30,PATH_B,6,2019-05-31,2019-05-31,0,0.21477603419277691,0.0081894844561311349,,,True,-0.0081894844561311349,,0,0.26136363636363635,88,17
2018-12-31,PATH_B,6,2019-06-28,2019-06-28,0,0.19948069489197448,0.0029268223511860407,,,True,-0.0029268223511860407,,0,0.25842696629213485,89,17
2019-01-31,PATH_B,6,2019-07-31,2019-07-31,0,0.15270983589581236,0.02387815488756127,,,True,-0.02387815488756127,,0,0.25555555555555554,90,17
2019-02-28,PATH_B,6,2019-08-30,2019-08-30,0,-0.0094232216809881381,0.0061520645657660187,,,True,-0.0061520645657660187,,0,0.25274725274725274,91,17
2019-03-29,PATH_B,6,2019-09-30,2019-09-30,0,0.022161490070985949,0.0004555997851892115,,,True,-0.0004555997851892115,,0,0.25,92,18
2019-04-30,PATH_B,6,2019-10-31,2019-10-31,1,-0.12555153604390812,0.00044598089689964771,,,True,0.99955401910310038,,0,0.24731182795698925,93,18
2019-05-31,PATH_B,6,2019-11-29,2019-11-29,1,-0.21912796452553077,0.00073296449495087945,,,True,0.99926703550504914,,0,0.24468085106382978,94,18
2019-06-28,PATH_B,6,2019-12-31,2019-12-31,1,-0.20574240298248636,0.0079908325580653125,,,True,0.99200916744193468,,0,0.24210526315789474,95,18
2019-07-31,PATH_B,6,2020-01-31,2020-01-31,1,-0.055873977814759862,0.0063143767110167151,,,True,0.99368562328898324,,0,0.23958333333333334,96,18
2019-08-30,PATH_B,6,2020-02-28,2020-02-28,1,-0.036146331048401634,0.001587931399707407,,,True,0.99841206860029263,,0,0.23711340206185566,97,18
2019-09-30,PATH_B,6,2020-03-31,2020-03-31,0,0.09646439344698271,0.0048104829971066616,,,True,-0.0048104829971066616,,0,0.23469387755102042,98,19
2019-10-31,PATH_B,6,2020-04-30,2020-04-30,0,0.27985313144954221,0.0042673122840634911,0.022746359111215572,1.45,False,-0.0042673122840634911,-0.022746359111215572,0,0.24242424242424243,99,19
2019-11-29,PATH_B,6,2020-05-29,2020-05-29,0,0.10725221687511872,0.010144669558875307,0.12464106192376738,2.3500000000000001,False,-0.010144669558875307,-0.12464106192376738,0,0.25,100,19
2019-12-31,PATH_B,6,2020-06-30,2020-06-30,0,0.14955441004443745,0.0090749208857431977,0.16925877574110224,2.9500000000000002,False,-0.0090749208857431977,-0.16925877574110224,0,0.25742574257425743,101,19
2020-01-31,PATH_B,6,2020-07-31,2020-07-31,0,0.078331179842601989,0.00025375950294205649,0.059545459716978777,3,False,-0.00025375950294205649,-0.059545459716978777,0,0.26470588235294118,102,19
2020-02-28,PATH_B,6,2020-08-31,2020-08-31,0,0.080048453337378894,0.011902109941205987,0.18648371522861487,3,False,-0.011902109941205987,-0.18648371522861487,0,0.27184466019417475,103,19
2020-03-31,PATH_B,6,2020-09-30,2020-09-30,1,-0.051376484016566859,0.086780011115745945,0.31334363684981781,3,False,0.91321998888425404,0.68665636315018219,0,0.26923076923076922,104,20
2020-04-30,PATH_B,6,2020-10-30,2020-10-30,1,-0.073893910696559692,0.9989302685459589,0.90718676634496476,3,False,0.0010697314540411007,0.092813233655035243,0,0.26666666666666666,105,20
2020-05-29,PATH_B,6,2020-11-30,2020-11-30,1,-0.084531952355138024,0.999147666378567,0.91337514817948506,3,False,0.00085233362143299907,0.086624851820514936,0,0.26415094339622641,106,20
2020-06-30,PATH_B,6,2020-12-31,2020-12-31,0,0.015242124529160817,0.96280074795619164,0.74734826126911613,3,False,-0.96280074795619164,-0.74734826126911613,0,0.26168224299065418,107,20
2020-07-31,PATH_B,6,2021-01-29,2021-01-29,1,-0.14494183469130512,0.84501023727662183,0.63768487517261252,3,False,0.15498976272337817,0.36231512482738748,0,0.25925925925925924,108,20
2020-08-31,PATH_B,6,2021-02-26,2021-02-26,1,-0.13876285473287109,0.55626579274209287,0.51882613533208544,3,False,0.44373420725790713,0.48117386466791456,0,0.25688073394495414,109,20
2020-09-30,PATH_B,6,2021-03-31,2021-03-31,1,-0.11747319172646122,0.99851627192961445,0.8975754592231826,3,False,0.0014837280703855482,0.1024245407768174,0,0.26363636363636361,110,21
2020-10-30,PATH_B,6,2021-04-30,2021-04-30,1,-0.10425930163722714,0.99883629381273353,0.90479365568421166,3,False,0.0011637061872664667,0.095206344315788338,0,0.27027027027027029,111,21
2020-11-30,PATH_B,6,2021-05-31,2021-05-31,0,0.039196937830653186,0.99681951998739016,0.87167447721449043,3,False,-0.99681951998739016,-0.87167447721449043,0,0.2767857142857143,112,21
2020-12-31,PATH_B,6,2021-06-30,2021-06-30,1,-0.091689468058783294,0.98212211812039574,0.79172978169686259,3,False,0.017877881879604263,0.20827021830313741,0,0.27433628318584069,113,21
2021-01-29,PATH_B,6,2021-07-30,2021-07-30,1,-0.05376039574773929,0.99673204211491417,0.87065608985239196,3,False,0.003267957885085826,0.12934391014760804,0,0.2807017543859649,114,21
2021-02-26,PATH_B,6,2021-08-31,2021-08-31,0,-0.012765701835470336,0.91545923206140267,0.68870328006389869,3,False,-0.91545923206140267,-0.68870328006389869,0,0.28695652173913044,115,21
2021-03-31,PATH_B,6,2021-09-30,2021-09-30,1,-0.14048899195761547,0.053536952015244617,0.27738838148798151,3,False,0.94646304798475533,0.72261161851201849,0,0.29310344827586204,116,22
2021-04-30,PATH_B,6,2021-10-29,2021-10-29,1,-0.14286254242854457,0.0058747380912846465,0.15311176600861773,3,False,0.99412526190871531,0.84688823399138224,0,0.29914529914529914,117,22
2021-05-31,PATH_B,6,2021-11-30,2021-11-30,1,-0.11958235914880917,0.0078540685269425561,0.16617997768573756,3,False,0.99214593147305741,0.83382002231426244,0,0.29661016949152541,118,22
2021-06-30,PATH_B,6,2021-12-31,2021-12-31,0,-0.013152072720241791,0.02473516806463074,0.22708798594570431,3,False,-0.02473516806463074,-0.22708798594570431,0,0.30252100840336132,119,22
2021-07-30,PATH_B,6,2022-01-31,2022-01-31,0,0.16444048424262478,0.0029604724735198132,0.12566830881134491,3,False,-0.0029604724735198132,-0.12566830881134491,0,0.30833333333333335,120,22
2021-08-31,PATH_B,6,2022-02-28,2022-02-28,0,0.15023984791279715,0.010661320960776799,0.18091832317775156,3,False,-0.010661320960776799,-0.18091832317775156,0,0.30578512396694213,121,22
2021-09-30,PATH_B,6,2022-03-31,2022-03-31,0,0.29994453694029066,0.11442249231233856,0.33578961990313122,3,False,-0.11442249231233856,-0.33578961990313122,0,0.31147540983606559,122,23
2021-10-29,PATH_B,6,2022-04-29,2022-04-29,0,0.25837430269703426,0.13531964000183599,0.35018182432724509,3,False,-0.13531964000183599,-0.35018182432724509,0,0.31707317073170732,123,23
2021-11-30,PATH_B,6,2022-05-31,2022-05-31,0,0.39439793686425834,0.063077449682292536,0.28917125813042938,3,False,-0.063077449682292536,-0.28917125813042938,0,0.32258064516129031,124,23
2021-12-31,PATH_B,6,2022-06-30,2022-06-30,0,0.3069143674209226,0.2139836188005238,0.39324488902534416,3,False,-0.2139836188005238,-0.39324488902534416,0,0.32000000000000001,125,23
2022-01-31,PATH_B,6,2022-07-29,2022-07-29,0,0.13589971888840874,0.090692849752511073,0.31682500135646041,3,False,-0.090692849752511073,-0.31682500135646041,0,0.31746031746031744,126,23
2022-02-28,PATH_B,6,2022-08-31,2022-08-31,0,0.25229421614731012,0.036462737883608279,0.25134719508574682,3,False,-0.036462737883608279,-0.25134719508574682,0,0.31496062992125984,127,23
2022-03-31,PATH_B,6,2022-09-30,2022-09-30,0,0.19985520218477562,0.015704514311760055,0.20111727237236196,3,False,-0.015704514311760055,-0.20111727237236196,0,0.3125,128,24
2022-04-29,PATH_B,6,2022-10-31,2022-10-31,0,0.28228808273322548,0.016000288525492391,0.20213457039632987,3,False,-0.016000288525492391,-0.20213457039632987,0,0.31007751937984496,129,24
2022-05-31,PATH_B,6,2022-11-30,2022-11-30,0,0.12793204025200933,0.011740549165472808,0.18578532414386803,3,False,-0.011740549165472808,-0.18578532414386803,0,0.30769230769230771,130,24
2022-06-30,PATH_B,6,2022-12-30,2022-12-30,0,0.13671914699295851,0.0030715650221367062,0.12702785458859131,3,False,-0.0030715650221367062,-0.12702785458859131,0,0.30534351145038169,131,24
2022-07-29,PATH_B,6,2023-01-31,2023-01-31,0,0.1704894177283548,0.0034078354501399012,0.13093069168361005,3,False,-0.0034078354501399012,-0.13093069168361005,0,0.30303030303030304,132,24
2022-08-31,PATH_B,6,2023-02-28,2023-02-28,0,0.14116418002823661,0.0102436912779985,0.1789321728873077,3,False,-0.0102436912779985,-0.1789321728873077,0,0.3007518796992481,133,24
