date,benchmark,horizon,target_end,available,partition,exception
2025-09-30,VWO,6,2026-03-31,2026-03-31,quarantine_union,Accepted provider gap: March 2026 VWO ex-date absent
2025-10-31,VWO,6,2026-04-30,2026-04-30,quarantine_union,Accepted provider gap: March 2026 VWO ex-date absent
2025-11-28,VWO,6,2026-05-29,2026-05-29,quarantine_union,Accepted provider gap: March 2026 VWO ex-date absent
2025-12-31,VWO,6,2026-06-30,2026-06-30,quarantine_union,Accepted provider gap: March 2026 VWO ex-date absent
2026-01-30,VWO,6,2026-07-31,2026-07-31,quarantine_union,Accepted provider gap: March 2026 VWO ex-date absent
2026-02-27,VWO,6,2026-08-31,2026-08-31,quarantine_union,Accepted provider gap: March 2026 VWO ex-date absent
2025-03-31,VWO,12,2026-03-31,2026-03-31,quarantine_union,Accepted provider gap: March 2026 VWO ex-date absent
2025-04-30,VWO,12,2026-04-30,2026-04-30,quarantine_union,Accepted provider gap: March 2026 VWO ex-date absent
2025-05-30,VWO,12,2026-05-29,2026-05-29,quarantine_union,Accepted provider gap: March 2026 VWO ex-date absent
2025-06-30,VWO,12,2026-06-30,2026-06-30,quarantine_union,Accepted provider gap: March 2026 VWO ex-date absent
2025-07-31,VWO,12,2026-07-31,2026-07-31,quarantine_union,Accepted provider gap: March 2026 VWO ex-date absent
2025-08-29,VWO,12,2026-08-31,2026-08-31,quarantine_union,Accepted provider gap: March 2026 VWO ex-date absent
