candidate,horizon,role,oos_r2,delta_r2,paired_p,holm38_primary_p,equal_weight_ic,n_rows,n_dates
P1,6,primary,0.068188575202378199,0.057645788201299175,0.086956521739130432,1,0.011919143712828343,942,144
P1,12,secondary,-0.22781286853807692,-0.036366470779939153,1,,-0.022310305430902268,372,66
P2,6,primary,0.010353369099148413,-0.00018941790193061081,1,1,-0.027954468037480709,942,144
P2,12,secondary,-0.21696162919546569,-0.025515231437327923,1,,-0.075343469968231436,372,66
P3,6,primary,0.064788757183549706,0.054245970182470682,0.064467766116941536,1,-0.024021749418162715,942,144
P3,12,secondary,-0.19009963338602209,0.0013467643721156719,0.7816091954022989,,0.036476989973116297,372,66
M1,6,primary,0.044728150002659839,0.034185363001580815,0.26736631684157919,1,-0.039737409505741908,942,144
M1,12,secondary,-0.1878867454759221,0.003559652282215664,0.42278860569715143,,0.043036061782416701,372,66
M2,6,primary,0.0094738886477530038,-0.0010688983533260199,1,1,-0.03731485676930156,942,144
M2,12,secondary,-0.19661916222341991,-0.0051727644652821425,1,,-0.010561550645716421,372,66
M3,6,primary,-0.057608750994496472,-0.068151537995575495,1,1,-0.10753856087785768,942,144
M3,12,secondary,-0.13101749775471649,0.060428900003421271,0.1774112943528236,,0.10688069248777457,372,66
