date,benchmark,horizon,available,target_end,fold,y_true,ridge,gbt,ridge_alpha,z,alpha,y_hat,ridge_weight,naive,n_mature_labels,base_prediction,shrinkage_warmup,lower,upper,probability,interval_warmup,calibration_warmup,candidate
2017-03-31,DBC,12,2018-03-30,2018-03-30,0,0.47065895671915436,0.35107565584941453,0.35200761219770804,0.0001,0.35154163402356131,1,0.35154163402356131,0.5,0.091057355415020275,122,1,True,,,,True,True,M1
2017-03-31,GLD,12,2018-03-30,2018-03-30,0,0.52747787860520257,0.24488060376515441,0.38332390814277256,0.0001,0.31410225595396346,1,0.31410225595396346,0.5,-0.028848926620702438,137,0,True,,,,True,True,M1
2017-03-31,VDE,12,2018-03-30,2018-03-30,0,0.60167260221895191,0.048211905662821915,0.05435886585139716,0.0001,0.051285385757109538,1,0.051285385757109538,0.5,-0.0062036152532930471,138,1,True,,,,True,True,M1
2017-03-31,VWO,12,2018-03-30,2018-03-30,0,0.37503614063376833,0.14275553151969891,0.19175059200909716,0.0001,0.16725306176439803,1,0.16725306176439803,0.5,-0.018104246923608128,133,1,True,,,,True,True,M1
2017-04-28,DBC,12,2018-04-30,2018-04-30,0,0.38565738399792626,0.29510124026960466,0.20287377994815259,0.0001,0.24898751010887862,1,0.24898751010887862,0.5,0.092147494237362723,123,1,True,,,,True,True,M1
2017-04-28,GLD,12,2018-04-30,2018-04-30,0,0.52757310944432967,0.20537654300038738,0.29965006830328178,0.0001,0.25251330565183461,1,0.25251330565183461,0.5,-0.026730273945721292,138,0,True,,,,True,True,M1
2017-04-28,VDE,12,2018-04-30,2018-04-30,0,0.44654315032989933,-0.0040610128004589085,-0.008147422843530483,0.0001,-0.0061042178219946957,1,-0.0061042178219946957,0.5,-0.0045032059145441354,139,1,True,,,,True,True,M1
2017-04-28,VWO,12,2018-04-30,2018-04-30,0,0.3985199677876583,0.078230808714637001,0.091211255222132678,0.0001,0.084721031968384847,1,0.084721031968384847,0.5,-0.017550223491696878,134,1,True,,,,True,True,M1
2017-05-31,DBC,12,2018-05-31,2018-05-31,0,0.29239467857000312,0.26910655878056533,0.097934450801527073,0.0001,0.1835205047910462,1,0.1835205047910462,0.5,0.093745037336521342,124,1,True,,,,True,True,M1
2017-05-31,GLD,12,2018-05-31,2018-05-31,0,0.48208026625661748,0.19387221067119381,0.31009563438543547,0.0001,0.25198392252831464,1,0.25198392252831464,0.5,-0.024722003077238406,139,0,True,,,,True,True,M1
2017-05-31,VDE,12,2018-05-31,2018-05-31,0,0.34309715293698262,-0.031360778401526901,-0.08249787793526861,0.0001,-0.056929328168397755,1,-0.056929328168397755,0.5,-0.002372886995785617,140,1,True,,,,True,True,M1
2017-05-31,VWO,12,2018-05-31,2018-05-31,0,0.37833225566591211,0.01689368809268052,0.12727374546459905,0.0001,0.072083716778639784,1,0.072083716778639784,0.5,-0.017089848980199232,135,1,True,,,,True,True,M1
2017-06-30,DBC,12,2018-06-29,2018-06-29,0,0.14556366989676217,0.21011110082501394,0.14841001814052154,0.0001,0.17926055948276776,1,0.17926055948276776,0.5,0.096626854614394297,125,1,True,,,,True,True,M1
2017-06-30,GLD,12,2018-06-29,2018-06-29,0,0.36375500336965305,0.17479580955664034,0.3439273523869803,0.0001,0.25936158097181033,1,0.25936158097181033,0.5,-0.021116335897380229,140,0,True,,,,True,True,M1
2017-06-30,VDE,12,2018-06-29,2018-06-29,0,0.14479999492547369,-0.095250511596326554,-0.094782240069960361,0.0001,-0.095016375833143457,1,-0.095016375833143457,0.5,0.00075800933551472866,141,1,True,,,,True,True,M1
2017-06-30,VWO,12,2018-06-29,2018-06-29,0,0.30979365697759054,0.0036497669136406202,0.15931626895148152,0.0001,0.081483017932561075,1,0.081483017932561075,0.5,-0.015738718055435415,136,1,True,,,,True,True,M1
2017-07-31,DBC,12,2018-07-31,2018-07-31,0,0.14005649260725161,0.057307602442586814,0.15241294641033168,0.0001,0.10486027442645925,1,0.10486027442645925,0.5,0.099285210139624824,126,1,True,,,,True,True,M1
2017-07-31,GLD,12,2018-07-31,2018-07-31,0,0.33417110282924445,0.092967498566616763,0.37485993934463474,0.0001,0.23391371895562574,1,0.23391371895562574,0.5,-0.017117128202502292,141,0,True,,,,True,True,M1
2017-07-31,VDE,12,2018-07-31,2018-07-31,0,0.093548624222365317,-0.14282561781965053,-0.088228516450448657,0.0001,-0.11552706713504959,1,-0.11552706713504959,0.5,0.0041531684449911928,142,1,True,,,,True,True,M1
2017-07-31,VWO,12,2018-07-31,2018-07-31,0,0.24989806627180067,0.080811152299042871,0.19604339002845514,0.0001,0.138427271163749,1,0.138427271163749,0.5,-0.013505220226832907,137,1,True,,,,True,True,M1
2017-08-31,DBC,12,2018-08-31,2018-08-31,0,0.24874962439420445,0.053366728847178781,0.14466622443370492,0.0001,0.099016476640441844,1,0.099016476640441844,0.5,0.10270435467928568,127,1,True,,,,True,True,M1
2017-08-31,GLD,12,2018-08-31,2018-08-31,0,0.49906755651499435,0.12711005028207725,0.33424477426076138,0.0001,0.2306774122714193,1,0.2306774122714193,0.5,-0.013092387666632654,142,0,True,,,,True,True,M1
2017-08-31,VDE,12,2018-08-31,2018-08-31,0,0.18262421223340985,-0.10513642129012701,-0.14635530465043692,0.0001,-0.12574586297028195,1,-0.12574586297028195,0.5,0.0084289543931342324,143,1,True,,,,True,True,M1
2017-08-31,VWO,12,2018-08-31,2018-08-31,0,0.44904419341247437,0.069712987290588863,0.095244647816119729,0.0001,0.082478817553354289,1,0.082478817553354289,0.5,-0.011095342726639068,138,1,True,,,,True,True,M1
2017-09-29,DBC,12,2018-09-28,2018-09-28,1,0.33037436998459491,0.068886864866624514,0.15310938956522141,0.0001,0.11099812721592296,1,0.11099812721592296,0.5,0.10611056524232158,128,1,True,,,,True,True,M1
2017-09-29,GLD,12,2018-09-28,2018-09-28,1,0.56980231331943076,0.11634645343714031,0.21113288286538615,0.0001,0.16373966815126323,1,0.16373966815126323,0.5,-0.0088260315677825517,143,0,True,,,,True,True,M1
2017-09-29,VDE,12,2018-09-28,2018-09-28,1,0.34525654753105339,-0.12152516189251346,-0.04615483728920803,0.0001,-0.083839999590860748,1,-0.083839999590860748,0.5,0.01238053312517816,144,1,True,,,,True,True,M1
2017-09-29,VWO,12,2018-09-28,2018-09-28,1,0.53302225050603946,0.049828681748528975,0.24050330233278225,3.7275937203149381,0.14516599204065561,1,0.14516599204065561,0.5,-0.0082930352067125609,139,1,True,,,,True,True,M1
2017-10-31,DBC,12,2018-10-31,2018-10-31,1,0.32536801103644741,0.10381735823330585,0.18884975626635159,0.0001,0.14633355724982872,1,0.14633355724982872,0.5,0.10940746529211277,129,1,True,,,,True,True,M1
2017-10-31,GLD,12,2018-10-31,2018-10-31,1,0.45557367196928189,0.1392084382083332,0.2426286355755333,0.0001,0.19091853689193325,1,0.19091853689193325,0.5,-0.0046828281988241273,144,0,True,,,,True,True,M1
2017-10-31,VDE,12,2018-10-31,2018-10-31,1,0.39600417808574773,-0.073356780861894622,-0.091940563338084411,0.0001,-0.082648672099989523,1,-0.082648672099989523,0.5,0.016362789864668784,145,1,True,,,,True,True,M1
2017-10-31,VWO,12,2018-10-31,2018-10-31,1,0.56461523720199858,0.14556797250703415,0.25594452114709659,3.7275937203149381,0.20075624682706539,1,0.20075624682706539,0.5,-0.0056749710009056818,140,1,True,,,,True,True,M1
2017-11-30,DBC,12,2018-11-30,2018-11-30,1,0.37467213225199913,0.098116352997503917,0.15480289281367773,0.0001,0.12645962290559082,1,0.12645962290559082,0.5,0.11227799041277002,130,1,True,,,,True,True,M1
2017-11-30,GLD,12,2018-11-30,2018-11-30,1,0.36014917861756079,0.13176759534949584,0.23931499142145177,0.0001,0.18554129338547382,1,0.18554129338547382,0.5,-0.0012600586896204867,145,0,True,,,,True,True,M1
2017-11-30,VDE,12,2018-11-30,2018-11-30,1,0.31481986161565756,-0.090257857033867669,-0.1132242060608603,0.0001,-0.10174103154736398,1,-0.10174103154736398,0.5,0.020527805890095983,146,1,True,,,,True,True,M1
2017-11-30,VWO,12,2018-11-30,2018-11-30,1,0.41284791543451593,0.080828477838139831,0.25296396844098001,3.7275937203149381,0.16689622313955993,1,0.16689622313955993,0.5,-0.0036583954641684008,141,1,True,,,,True,True,M1
2017-12-29,DBC,12,2018-12-31,2018-12-31,1,0.19976857810733384,0.098506704872798612,0.043606586052496232,0.0001,0.071056645462647422,1,0.071056645462647422,0.5,0.11574373692584607,131,1,True,,,,True,True,M1
2017-12-29,GLD,12,2018-12-31,2018-12-31,1,0.10179796307741673,0.16877805956732495,0.2167506235416248,0.0001,0.19276434155447486,1,0.19276434155447486,0.5,0.0020828964524007613,146,1,True,,,,True,True,M1
2017-12-29,VDE,12,2018-12-31,2018-12-31,1,0.28487077979494302,-0.10012884715901522,-0.10279016053570068,0.0001,-0.10145950384735795,1,-0.10145950384735795,0.5,0.024741260631935651,147,1,True,,,,True,True,M1
2017-12-29,VWO,12,2018-12-31,2018-12-31,1,0.22717290767786691,0.12806491712182144,0.28025558412501317,3.7275937203149381,0.20416025062341731,1,0.20416025062341731,0.5,-0.0015178487494380743,142,1,True,,,,True,True,M1
2018-01-31,DBC,12,2019-01-31,2019-01-31,1,0.30240598309129607,0.14440088885206742,0.053938060126233853,0.0001,0.099169474489150644,1,0.099169474489150644,0.5,0.11769649073657422,132,1,True,,,,True,True,M1
2018-01-31,GLD,12,2019-01-31,2019-01-31,1,0.25606416787652231,0.2352775253812639,0.22218563680702588,0.0001,0.22873158109414488,1,0.22873158109414488,0.5,0.0043835289017340948,147,1,True,,,,True,True,M1
2018-01-31,VDE,12,2019-01-31,2019-01-31,1,0.39016007191139157,-0.059323575744596208,-0.11480931856111103,0.0001,-0.08706644715285361,1,-0.08706644715285361,0.5,0.027329854299227824,148,1,True,,,,True,True,M1
2018-01-31,VWO,12,2019-01-31,2019-01-31,1,0.38960459652188717,0.12270656339855855,0.25704742184459567,3.7275937203149381,0.18987699262157712,1,0.18987699262157712,0.5,-0.00084562610171288078,143,1,True,,,,True,True,M1
2018-02-28,DBC,12,2019-02-28,2019-02-28,1,0.33360798263323732,0.028181591706086168,0.038274365065228591,0.0001,0.033227978385657379,1,0.033227978385657379,0.5,0.12007680228762276,133,1,True,,,,True,True,M1
2018-02-28,GLD,12,2019-02-28,2019-02-28,1,0.30521576996151289,0.087044464778333178,0.19230374141263198,0.0001,0.13967410309548259,1,0.13967410309548259,0.5,0.0074239247047889921,148,1,True,,,,True,True,M1
2018-02-28,VDE,12,2019-02-28,2019-02-28,1,0.33178210058177693,-0.13978105677975874,-0.11729354677500609,0.0001,-0.12853730177738243,1,-0.12853730177738243,0.5,0.030598604581261266,149,1,True,,,,True,True,M1
2018-02-28,VWO,12,2019-02-28,2019-02-28,1,0.41708556820170184,0.054431249933841727,0.23663535626955373,3.7275937203149381,0.14553330310169774,1,0.14553330310169774,0.5,0.00080132626751388484,144,1,True,,,,True,True,M1
2018-03-30,BND,12,2019-03-29,2019-03-29,2,0.18319165523390235,-0.25302774159170555,0.2219196572810983,0.0001,-0.015554042155303621,1,-0.015554042155303621,0.5,0.10767995605937761,120,1,True,,,,True,True,M1
2018-03-30,DBC,12,2019-03-29,2019-03-29,2,0.279994967808599,-0.22757872917714239,0.0094471833386904833,0.0001,-0.10813855923402772,1,-0.10813855923402772,0.49608813367552673,0.12269308702218644,134,1,True,,,,True,True,M1
2018-03-30,GLD,12,2019-03-29,2019-03-29,2,0.25841574998796812,-0.12678130253637734,0.1417962693307972,0.26826957952797248,0.086340659632989675,1,0.086340659632989675,0.20647893013655355,0.010914219697409227,149,1,True,,,,True,True,M1
2018-03-30,VDE,12,2019-03-29,2019-03-29,2,0.23352437338928578,-0.31863260270611249,-0.1198978690585402,0.82864277285468424,-0.21815549317181479,1,-0.21815549317181479,0.49441595995756055,0.034405764565512545,150,1,True,,,,True,True,M1
2018-03-30,VWO,12,2019-03-29,2019-03-29,2,0.2994773793135197,0.028322383887108282,-0.11409503967480063,7.9060432109076855,-0.059447077753898896,1,-0.059447077753898896,0.38371682729638928,0.0033822560217639215,145,1,True,,,,True,True,M1
2018-04-30,BND,12,2019-04-30,2019-04-30,2,0.24387982683483811,-0.22281797323474062,0.18937105684711397,0.0001,-0.016723458193813323,1,-0.016723458193813323,0.5,0.11152028640580616,121,1,True,,,,True,True,M1
2018-04-30,DBC,12,2019-04-30,2019-04-30,2,0.37018626720944037,-0.16135876452010922,0.0094471833386904833,0.0001,-0.10549697378662477,1,-0.10549697378662477,0.67295172425925265,0.12464097070348822,135,1,True,,,,True,True,M1
2018-04-30,GLD,12,2019-04-30,2019-04-30,2,0.33187020279838308,-0.11078987392647469,0.1417962693307972,0.26826957952797248,0.072444458302141815,1,0.072444458302141815,0.27456696608260506,0.014358612295722028,150,1,True,,,,True,True,M1
2018-04-30,VDE,12,2019-04-30,2019-04-30,2,0.38974297519519818,-0.3107565922259482,-0.069624566583252806,0.82864277285468424,-0.18994289895871802,1,-0.18994289895871802,0.49897284300904315,0.037135151226203852,151,1,True,,,,True,True,M1
2018-04-30,VWO,12,2019-04-30,2019-04-30,2,0.32864429741064927,-0.057480418694118122,0.049686912893170607,7.9060432109076855,0.0024477804104668342,1,0.0024477804104668342,0.44079787919536922,0.006088678705091965,146,1,True,,,,True,True,M1
2018-05-31,BND,12,2019-05-31,2019-05-31,2,0.25230967814280714,-0.20702329585102336,0.24572462908721626,0.0001,0.019350666618096451,1,0.019350666618096451,0.5,0.1147962577301722,122,1,True,,,,True,True,M1
2018-05-31,DBC,12,2019-05-31,2019-05-31,2,0.47158387570975435,-0.068474296774470575,-0.20970391932479282,0.0001,-0.094091368913251733,1,-0.094091368913251733,0.8186140295768799,0.12587445384956547,136,1,True,,,,True,True,M1
2018-05-31,GLD,12,2019-05-31,2019-05-31,2,0.32096994261439238,-0.083385721034440863,0.15512527764061629,0.26826957952797248,0.090559329697583221,1,0.090559329697583221,0.27070427905505734,0.017456106692814045,151,1,True,,,,True,True,M1
2018-05-31,VDE,12,2019-05-31,2019-05-31,2,0.53392090374317036,-0.24645427483404903,-0.095334594521863769,0.82864277285468424,-0.17353657366795469,1,-0.17353657366795469,0.51748375184846962,0.039148059132195823,152,1,True,,,,True,True,M1
2018-05-31,VWO,12,2019-05-31,2019-05-31,2,0.39811576872586352,-0.011756619582950167,-0.069396501215409509,7.9060432109076855,-0.046512586836084856,1,-0.046512586836084856,0.39701529099667321,0.0086209479361179508,147,1,True,,,,True,True,M1
2018-06-29,BND,12,2019-06-28,2019-06-28,2,0.32525488226991373,-0.084201708069840606,0.1342535902349673,0.0001,0.025025941082563348,1,0.025025941082563348,0.5,0.11691527655673777,123,1,True,,,,True,True,M1
2018-06-29,DBC,12,2019-06-28,2019-06-28,2,0.50380167354446947,0.044237719116309214,-0.14149450938475935,0.0001,-0.0046198319718401895,1,-0.0046198319718401895,0.73694629369146725,0.12601817075501948,137,1,True,-0.14128970586088782,0.13205004191720746,,False,True,M1
2018-06-29,GLD,12,2019-06-28,2019-06-28,2,0.2822558264709949,0.0086056198789335354,0.11150776425116686,0.26826957952797248,0.089527600767366294,1,0.089527600767366294,0.21360257959533457,0.019734388907793256,152,1,True,-0.18553220302512877,0.36458740455986138,,False,True,M1
2018-06-29,VDE,12,2019-06-28,2019-06-28,2,0.57144662215586695,-0.16145160144502349,0.0010925585011743026,0.82864277285468424,-0.082583615273472827,1,-0.082583615273472827,0.51479040404985321,0.039838594660256473,153,1,True,-0.63297083173531521,0.46780360118836961,,False,True,M1
2018-06-29,VWO,12,2019-06-28,2019-06-28,2,0.36960477800932878,-0.076842890208244752,0.011458656244635212,7.9060432109076855,-0.019302433393643719,1,-0.019302433393643719,0.34836410996147005,0.010655898672884651,148,1,True,-0.33310136921291716,0.29449650242562969,,False,True,M1
2018-07-31,BND,12,2019-07-31,2019-07-31,2,0.34095698300398514,-0.03053996149667397,0.094960133377887224,0.0001,0.032210085940606627,1,0.032210085940606627,0.5,0.11842684275461071,124,1,True,,,,True,True,M1
2018-07-31,DBC,12,2019-07-31,2019-07-31,2,0.51045962712081006,0.11623520183367828,-0.16828235956851195,0.0001,0.014699322049470467,1,0.014699322049470467,0.6431296567993634,0.12611989772496318,138,1,True,-0.12197055183957717,0.15136919593851811,,False,True,M1
2018-07-31,GLD,12,2019-07-31,2019-07-31,2,0.26674149548357828,0.055532590199258103,0.052972701193614469,0.26826957952797248,0.053414834235289928,1,0.053414834235289928,0.17271570786886184,0.021789530828848498,153,1,True,-0.22164496955720514,0.32847463802778498,,False,True,M1
2018-07-31,VDE,12,2019-07-31,2019-07-31,2,0.61260756046757214,-0.11990392234503833,-0.048061608283469143,0.82864277285468424,-0.083866604217089802,1,-0.083866604217089802,0.49838311030649163,0.040187361085984447,154,1,True,-0.63425382067893221,0.46652061224475261,,False,True,M1
2018-07-31,VWO,12,2019-07-31,2019-07-31,2,0.41955721604267548,-0.10898548860110086,-0.043588664448419245,7.9060432109076855,-0.064305629169754755,1,-0.064305629169754755,0.31678854424134933,0.012261550804421,149,1,True,-0.37810456498902817,0.24949330664951869,,False,True,M1
2018-08-31,BND,12,2019-08-30,2019-08-30,2,0.064198619440442695,-0.10661582733984774,0.097551009889720847,0.0001,-0.0045324087250634484,1,-0.0045324087250634484,0.5,0.12095253930132978,125,1,True,,,,True,True,M1
2018-08-31,DBC,12,2019-08-30,2019-08-30,2,0.30423457584950087,0.04441824598999064,-0.24772290113913031,0.0001,-0.092080311314395438,1,-0.092080311314395438,0.53276503961950883,0.12700212597438218,139,1,True,-0.24181345906815804,0.05765283643936718,,False,True,M1
2018-08-31,GLD,12,2019-08-30,2019-08-30,2,-0.097982015931497468,-0.021012531583143302,-0.043680039998373388,0.26826957952797248,-0.039807876615848468,1,-0.039807876615848468,0.17082439373545127,0.024888738787849442,154,1,True,-0.31486768040834351,0.23525192717664659,,False,True,M1
2018-08-31,VDE,12,2019-08-30,2019-08-30,2,0.41155227225647772,-0.21106555664742244,-0.25607213365053055,0.82864277285468424,-0.23320189103131758,1,-0.23320189103131758,0.50815334429084813,0.041106308512742031,155,1,True,-0.78358910749316002,0.3171853254305248,,False,True,M1
2018-08-31,VWO,12,2019-08-30,2019-08-30,2,0.18125198786956831,-0.12523122108174295,-0.21993277163601962,7.9060432109076855,-0.18672056111252161,1,-0.18672056111252161,0.35070397822539318,0.015173435088474688,150,1,True,-0.55328593697164163,0.17984481474659847,,False,True,M1
2018-09-28,BND,12,2019-09-30,2019-09-30,3,0.026534338243338285,-0.11952040661173631,0.11430248999823288,0.0001,-0.0026089583067517158,1,-0.0026089583067517158,0.5,0.12404482521258668,126,1,True,,,,True,True,M1
2018-09-28,DBC,12,2019-09-30,2019-09-30,3,0.27363691660789491,-0.27850482387152331,-0.4926205782004891,0.0001,-0.39148860988931194,1,-0.39148860988931194,0.47232380741026092,0.12845478486016942,140,1,True,-0.61086485265798385,-0.17211236712063999,,False,True,M1
2018-09-28,GLD,12,2019-09-30,2019-09-30,3,-0.12123094113022415,-0.29694762379861039,0.10233591505234885,0.0001,0.016054482005266865,1,0.016054482005266865,0.21609063397749612,0.028404310236440296,155,1,True,-0.39000816316290066,0.42211712717343441,,False,True,M1
2018-09-28,VDE,12,2019-09-30,2019-09-30,3,0.35917030605081779,0.04649784954896935,-0.19015254588564387,10000,-0.073661473147949352,1,-0.073661473147949352,0.49224964329240317,0.043055989532090187,156,1,True,-0.54027167677269317,0.39294873047679441,,False,True,M1
2018-09-28,VWO,12,2019-09-30,2019-09-30,3,0.12290814308480869,-0.10446613072928432,0.02776307523072917,35.564803062231285,-0.016315755220359187,1,-0.016315755220359187,0.33335169890090643,0.018602897442233396,151,1,True,-0.40417201368574301,0.37154050324502469,,False,True,M1
2018-10-31,BND,12,2019-10-31,2019-10-31,3,-0.044970027020569736,-0.10439551323900105,0.1485105948999062,0.0001,0.022057540830452575,1,0.022057540830452575,0.5,0.12650919257259957,127,1,True,,,,True,True,M1
2018-10-31,DBC,12,2019-10-31,2019-10-31,3,0.15503513422262616,-0.30079118381362135,-0.43034623325773202,0.0001,-0.37401568535910829,1,-0.37401568535910829,0.4348000957147129,0.12985133256354728,141,1,True,-0.59339192812778019,-0.15463944259043633,,False,True,M1
2018-10-31,GLD,12,2019-10-31,2019-10-31,3,-0.15435484531794885,-0.32862208833497492,0.15500852121090408,0.0001,0.044557147282724571,1,0.044557147282724571,0.22837961813850344,0.031142575375753392,156,1,True,-0.36150549788544295,0.45061979245089212,,False,True,M1
2018-10-31,VDE,12,2019-10-31,2019-10-31,3,0.18083508915665969,0.045890816090432711,-0.17558199021944285,10000,-0.065623618800715919,1,-0.065623618800715919,0.49648701007959301,0.045304067166189919,157,1,True,-0.61601083526255829,0.48476359766112648,,False,True,M1
2018-10-31,VWO,12,2019-10-31,2019-10-31,3,-0.092151583804990889,-0.15603302009404577,0.048946543026290347,35.564803062231285,-0.019978703600889831,1,-0.019978703600889831,0.33625423714420083,0.022195083888021338,152,1,True,-0.40783496206627368,0.36787755486449403,,False,True,M1
2018-11-30,BND,12,2019-11-29,2019-11-29,3,0.039042058531810531,-0.12125700663415258,0.16142800861002415,0.0001,0.020085500987935788,1,0.020085500987935788,0.5,0.12804610715521128,128,1,False,,,,True,True,M1
2018-11-30,DBC,12,2019-11-29,2019-11-29,3,0.1344779487203922,-0.33195237650211851,-0.28720323443952928,0.0001,-0.3062310640857816,1,-0.3062310640857816,0.42521104917807717,0.13157542270219832,142,1,False,-0.55444357343218997,-0.058018554739373285,,False,True,M1
2018-11-30,GLD,12,2019-11-29,2019-11-29,3,-0.044588799162204928,-0.35677648406837081,0.24673957327090063,0.0001,0.10940426246093564,1,0.10940426246093564,0.22755866913539438,0.033238158835892297,157,1,False,-0.29665838270723188,0.51546690762910319,,False,True,M1
2018-11-30,VDE,12,2019-11-29,2019-11-29,3,0.26578350416994767,0.044804807983218536,-0.092336096989775809,10000,-0.023737901213370872,1,-0.023737901213370872,0.50020229770186531,0.047009863333591612,158,1,False,-0.51036123654089749,0.46288543411415578,,False,True,M1
2018-11-30,VWO,12,2019-11-29,2019-11-29,3,0.058774039863250138,-0.28129860133376489,0.002684300406973606,35.564803062231285,-0.088246212832556015,1,-0.088246212832556015,0.32019714103261193,0.024748370368717375,153,1,False,-0.47610247129793987,0.29961004563282784,,False,True,M1
2018-12-31,BND,12,2019-12-31,2019-12-31,3,0.16808142833752693,0.10660792011123085,0.24218247501409651,0.0001,0.1743951975626637,1,0.1743951975626637,0.5,0.12770934847872906,129,1,False,,,,True,True,M1
2018-12-31,DBC,12,2019-12-31,2019-12-31,3,0.13038522435403577,-0.12580098039790891,-0.21920634702733072,0.0001,-0.17698874841948053,1,-0.17698874841948053,0.45198258013744591,0.13205229791482165,143,1,False,-0.42520125776588885,0.071223760926927782,,False,True,M1
2018-12-31,GLD,12,2019-12-31,2019-12-31,3,0.085023369967341944,-0.11116923251367954,0.29311244110910878,0.0001,0.19364593085182555,1,0.19364593085182555,0.24603269637715422,0.033672081647547515,158,1,False,-0.09451415707823671,0.48180601878188778,,False,True,M1
2018-12-31,VDE,12,2019-12-31,2019-12-31,3,0.16597824291517171,0.045718451886324597,-0.03805015048530417,10000,0.0038782013549184193,1,0.0038782013549184193,0.50052586115992226,0.048505843940266788,159,1,False,-0.48194808545842932,0.48970448816826612,,False,True,M1
2018-12-31,VWO,12,2019-12-31,2019-12-31,3,0.052040473187031644,-0.26422004706179547,0.12686691356521196,35.564803062231285,0.0028376253883143415,1,0.0028376253883143415,0.3171399219704194,0.026062815416179382,154,1,False,-0.38501863307706952,0.39069388385369819,,False,True,M1
2019-01-31,BND,12,2020-01-31,2020-01-31,3,0.22216296537778835,-0.02220107210421339,0.085685996707747264,0.0001,0.031742462301766937,1,0.031742462301766937,0.5,0.12829651466291714,130,1,False,,,,True,True,M1
2019-01-31,DBC,12,2020-01-31,2020-01-31,3,0.37628354858669955,-0.23422940340685569,-0.35363708250521475,0.0001,-0.29550705057818322,1,-0.29550705057818322,0.48681987930732973,0.13323530961743602,144,1,False,-0.54371955992459153,-0.0472945412317749,,False,True,M1
2019-01-31,GLD,12,2020-01-31,2020-01-31,3,0.11322884815065803,-0.23509626173093645,0.060528782303658997,0.0001,-0.01372384890903483,1,-0.01372384890903483,0.25117165379264833,0.035070774013767486,159,1,False,-0.30069300191749998,0.27324530409943032,,False,True,M1
2019-01-31,VDE,12,2020-01-31,2020-01-31,3,0.45599645995055615,0.046048835503588674,-0.15665079949674479,10000,-0.053912864234535264,1,-0.053912864234535264,0.50684815126598781,0.050641182865086273,160,1,False,-0.53139871622996082,0.42357298776089025,,False,True,M1
2019-01-31,VWO,12,2020-01-31,2020-01-31,3,0.26900786121740516,-0.27128160532388296,0.040923353614255108,35.564803062231285,-0.055175643636533475,1,-0.055175643636533475,0.30780740183511995,0.028408246262022652,155,1,False,-0.44303190210191734,0.33268061482885036,,False,True,M1
2019-02-28,BND,12,2020-02-28,2020-02-28,3,-0.066141668480855786,-0.048507064246403012,-0.0068782030008164678,0.0001,-0.027692633623609741,1,-0.027692633623609741,0.5,0.12934770852833408,131,1,False,,,,True,True,M1
2019-02-28,DBC,12,2020-02-28,2020-02-28,3,0.18924844232417815,-0.16530089096082637,-0.46713122070898822,0.0001,-0.32036908388215257,1,-0.32036908388215257,0.48624052112088795,0.13461719012099327,145,1,False,-0.62074908812973251,-0.019989079634572637,,False,True,M1
2019-02-28,GLD,12,2020-02-28,2020-02-28,3,-0.13386779198502574,-0.25948031033187646,0.09107123472313626,0.0001,0.0040431323042152967,1,0.0040431323042152967,0.2482605016197075,0.036759180238440846,160,1,False,-0.28193357493625226,0.29001983954468291,,False,True,M1
2019-02-28,VDE,12,2020-02-28,2020-02-28,3,0.33684617434551245,0.045539515900861451,-0.14955482962966668,10000,-0.0512556644737421,1,-0.0512556644737421,0.50385450633443829,0.052387399745314166,161,1,False,-0.52871990539156932,0.42620857644408511,,False,True,M1
2019-02-28,VWO,12,2020-02-28,2020-02-28,3,0.046877465816593578,-0.20584091668669605,0.078709431532907381,35.564803062231285,-0.0058779725875119778,1,-0.0058779725875119778,0.29726691479969136,0.030899767556507782,156,1,False,-0.37421758866382071,0.36246164348879673,,False,True,M1
2019-03-29,BND,12,2020-03-31,2020-03-31,4,-0.032514819764141611,0.13202253814929801,0.10984150754416176,0.0001,0.11001497269637563,1,0.11001497269637563,0.0078204279729768584,0.12975561721549747,132,1,False,,,,True,True,M1
2019-03-29,DBC,12,2020-03-31,2020-03-31,4,0.32696450514729725,-0.061275042079801417,-0.58194153187320108,0.0001,-0.35466715286912176,1,-0.35466715286912176,0.43650663804820955,0.13561292832433303,146,1,False,-0.74280067991174847,0.033466374173504954,,False,True,M1
2019-03-29,GLD,12,2020-03-31,2020-03-31,4,-0.19132842711219089,-0.079173853556810669,0.15811568796545231,0.18420699693267145,0.10397139042539227,1,0.10397139042539227,0.22817818768038756,0.038135929118872695,161,1,False,-0.16544485528724739,0.37338763613803194,,False,True,M1
2019-03-29,VDE,12,2020-03-31,2020-03-31,4,0.62352246590522342,0.10347234586977566,0.032387647065853467,10000,0.066838135120572698,1,0.066838135120572698,0.48463999474410618,0.053505529212252267,162,1,False,-0.41060781950082514,0.54428408974197051,,False,True,M1
2019-03-29,VWO,12,2020-03-31,2020-03-31,4,0.2557559392490345,0.059082431158078978,0.17690244685361586,5.4286754393238592,0.1374400944804168,1,0.1374400944804168,0.33493759222690317,0.032610452981711675,157,1,False,-0.23076304157918512,0.5056432305400187,,False,True,M1
2019-04-30,BND,12,2020-04-30,2020-04-30,4,0.016217684933693244,0.12033112322953994,0.074489429116487149,0.0001,0.07497308102973009,1,0.07497308102973009,0.010550480792664052,0.13061369397955266,133,1,False,,,,True,True,M1
2019-04-30,DBC,12,2020-04-30,2020-04-30,4,0.44839840021674415,-0.16255667698734735,-0.60252069342884895,0.0001,-0.41956908110031005,1,-0.41956908110031005,0.41583312610035789,0.13720866532355144,147,1,False,-0.89525232209637517,0.056114159895755078,,False,True,M1
2019-04-30,GLD,12,2020-04-30,2020-04-30,4,-0.21362062405442184,-0.082499019144384594,-0.0066457648730546305,0.18420699693267145,-0.023304794215181248,1,-0.023304794215181248,0.21962181454386437,0.039949103647758569,162,1,False,-0.29264774696574486,0.24603815853538238,,False,True,M1
2019-04-30,VDE,12,2020-04-30,2020-04-30,4,0.59516159769530763,0.10362739993167512,-0.027225682270506979,10000,0.033694559204256701,1,0.033694559204256701,0.46556214381435318,0.055568335629325546,163,1,False,-0.45520605759235266,0.52259517600086602,,False,True,M1
2019-04-30,VWO,12,2020-04-30,2020-04-30,4,0.29146617681293974,0.066948538324338974,0.096491211512908293,5.4286754393238592,0.086575390321581139,1,0.086575390321581139,0.33564400648631187,0.03448408490847709,158,1,False,-0.2815107628665578,0.45466154350972005,,False,True,M1
2019-05-31,BND,12,2020-05-29,2020-05-29,4,-0.082795019407042592,0.076326011820700534,0.11725205914260248,0.0001,0.11703347869385049,1,0.11703347869385049,0.0053408639009956968,0.13152187296584561,134,1,False,,,,True,True,M1
2019-05-31,DBC,12,2020-05-29,2020-05-29,4,0.22386235181060787,-0.25444323268239333,-0.37451806684110639,0.0001,-0.32022082346930864,1,-0.32022082346930864,0.45219503114223281,0.13946795728562039,148,1,False,-0.88589606809231469,0.24545442115369748,,False,True,M1
2019-05-31,GLD,12,2020-05-29,2020-05-29,4,-0.30621221411009869,-0.15580176344387395,0.11160599652210529,0.18420699693267145,0.054861727780999493,1,0.054861727780999493,0.21220127923110771,0.041673157874547742,163,1,False,-0.21441770440243155,0.32414115996443055,,False,True,M1
2019-05-31,VDE,12,2020-05-29,2020-05-29,4,0.33751808910318493,0.10323956200437748,-0.04806806028917017,10000,0.021195475052788411,1,0.021195475052788411,0.45776633253533228,0.058485119581239232,164,1,False,-0.53309822910133053,0.57548917920690734,,False,True,M1
2019-05-31,VWO,12,2020-05-29,2020-05-29,4,0.064069326609785482,0.082153515350607928,0.16522773720489317,5.4286754393238592,0.13544866530770178,1,0.13544866530770178,0.35846344669258295,0.03677107663059901,159,1,False,-0.25619239963078638,0.52708973024618988,,False,True,M1
2019-06-28,BND,12,2020-06-30,2020-06-30,4,-0.08022559790571604,0.017354018363354359,0.32760468472570914,0.0001,0.31946439622381057,1,0.31946439622381057,0.026237779268429438,0.13295693229402389,135,1,False,0.019235455036460181,0.61969333741116095,,False,True,M1
2019-06-28,DBC,12,2020-06-30,2020-06-30,4,0.23106238101376009,-0.4177882610588376,-0.5213536918448558,0.0001,-0.47134160751367871,1,-0.47134160751367871,0.48290326175062803,0.14191315001218985,149,1,False,-1.0370168521366847,0.094333637109327406,,False,True,M1
2019-06-28,GLD,12,2020-06-30,2020-06-30,4,-0.24111583229954725,-0.21469364536766544,0.1502901138352272,0.18420699693267145,0.071339632657765356,1,0.071339632657765356,0.216312313046164,0.043140125365989483,164,1,False,-0.19401581663825071,0.33669508195378139,,False,True,M1
2019-06-28,VDE,12,2020-06-30,2020-06-30,4,0.41395514865910266,0.10243055541905835,-0.13427527132418599,10000,-0.027674173692817727,1,-0.027674173692817727,0.45035265543758179,0.061593977172600615,165,1,False,-0.68504361362101907,0.62969526623538352,,False,True,M1
2019-06-28,VWO,12,2020-06-30,2020-06-30,4,0.04999878666237767,0.020652638938682466,0.11286444067863893,5.4286754393238592,0.079546015862020952,1,0.079546015862020952,0.36132495177329027,0.038851287264216092,160,1,False,-0.31284376705088757,0.47193579877492942,,False,True,M1
2019-07-31,BND,12,2020-07-31,2020-07-31,4,0.037934333665120556,0.02772902721023722,0.31687689534164382,0.0001,0.29980726122621465,1,0.29980726122621465,0.059034272760647342,0.13448634443159713,136,1,False,-0.0089396358371638396,0.60855415828959314,,False,True,M1
2019-07-31,DBC,12,2020-07-31,2020-07-31,4,0.29715519098146459,-0.40220799172769783,-0.47536478154308065,0.0001,-0.43752541173531928,1,-0.43752541173531928,0.51723660788358994,0.14437012652624731,150,1,False,-1.0032006563583253,0.12814983288768683,,False,True,M1
2019-07-31,GLD,12,2020-07-31,2020-07-31,4,-0.24238600965480162,-0.21935666930706987,0.094071754959893047,0.18420699693267145,0.02185390784758777,1,0.02185390784758777,0.2304125647863822,0.044495285184883972,165,1,False,-0.24346034649438902,0.28716816218956459,,False,True,M1
2019-07-31,VDE,12,2020-07-31,2020-07-31,4,0.53777947047071606,0.10292954592516082,0.00050378789836482394,10000,0.046615381046573943,1,0.046615381046573943,0.45019528326210373,0.064913336108112507,166,1,False,-0.66084209636455116,0.754072858457699,,False,True,M1
2019-07-31,VWO,12,2020-07-31,2020-07-31,4,0.10425108896795821,0.057883672655765384,0.15833031297902775,5.4286754393238592,0.12133853231945252,1,0.12133853231945252,0.36827295109648728,0.041215920362218952,161,1,False,-0.36252431289297771,0.60520137753188274,,False,True,M1
2019-08-30,BND,12,2020-08-31,2020-08-31,4,0.21749491758812711,0.16694413889181653,0.17748501329082264,0.0001,0.17688167942888106,1,0.17688167942888106,0.057237553461264488,0.13397329534407046,137,1,False,-0.13186521763449743,0.48562857649225954,,False,True,M1
2019-08-30,DBC,12,2020-08-31,2020-08-31,4,0.35183043404389835,-0.21632644844743057,-0.52079849206554873,0.0001,-0.35454904008645588,1,-0.35454904008645588,0.54602534276549208,0.14542883148865296,151,1,False,-0.92022428470946194,0.21112620453655023,,False,True,M1
2019-08-30,GLD,12,2020-08-31,2020-08-31,4,-0.0027980169517127784,-0.053902283894576075,0.20452343926907515,0.18420699693267145,0.14455299036411695,1,0.14455299036411695,0.232060679450943,0.043636988190206984,166,1,False,-0.11603484092792599,0.40514082165615989,,False,True,M1
2019-08-30,VDE,12,2020-08-31,2020-08-31,4,0.60501066259245251,0.10366460024874692,-0.091965598232883153,10000,-0.0026485584570604772,1,-0.0026485584570604772,0.45656059478061439,0.066989018360497934,167,1,False,-0.69973290718208148,0.69443579026796054,,False,True,M1
2019-08-30,VWO,12,2020-08-31,2020-08-31,4,0.12743934114692124,0.093148623109462536,0.16528912232420537,5.4286754393238592,0.13752350762114685,1,0.13752350762114685,0.38488248633278488,0.04208034053201741,162,1,False,-0.30928454181027265,0.58433155705256634,,False,True,M1
2019-09-30,BND,12,2020-09-30,2020-09-30,5,0.17248078960455238,0.26991933289362474,0.22288463380489271,0.059636233165946427,0.22602436204843607,0.75,0.16951827153632704,0.066753445953171245,0.13319475217667384,138,1,False,-0.13922862552705145,0.47826516859970553,,False,True,M1
2019-09-30,DBC,12,2020-09-30,2020-09-30,5,0.37786011689410159,0.065179132351179392,0.0083983752129350962,35.564803062231285,0.040190413075884605,0.75,0.030142809806913452,0.55990866387260974,0.14627230573285854,152,1,False,-0.63498271669029349,0.69526833630412033,,False,True,M1
2019-09-30,GLD,12,2020-09-30,2020-09-30,5,0.0036457750638938524,0.13329037629147467,0.27276203629142298,1.7575106248547894,0.23808279276775096,0.75,0.17856209457581323,0.24864724148034717,0.042649755080503796,167,1,False,-0.081964574253292732,0.4390887634049192,,False,True,M1
2019-09-30,VDE,12,2020-09-30,2020-09-30,5,0.70249939518136306,0.13789542206457597,0.19841121737662937,10000,0.16986092151827381,0.75,0.12739569113870536,0.47178254389840218,0.068728192691987933,168,1,False,-0.56965654263682297,0.8244479249142338,,False,True,M1
2019-09-30,VWO,12,2020-09-30,2020-09-30,5,0.16376790944535258,0.38664869618183867,0.25251059379605062,24.420530945486497,0.30305474381607989,0.75,0.22729105786205991,0.37680680672417566,0.042576216621298325,163,1,False,-0.21940227083938738,0.67398438656350723,,False,True,M1
2019-10-31,BND,12,2020-10-30,2020-10-30,5,0.30525661316088359,0.30477963391991791,0.20664767238089668,0.059636233165946427,0.21670560122381638,0.75,0.16252920091786227,0.10249391416598,0.13191299117525485,139,1,False,-0.14621769614551622,0.47127609798124076,,False,True,M1
2019-10-31,DBC,12,2020-10-30,2020-10-30,5,0.54989021586354037,0.11211840150154802,0.17323044913387897,35.564803062231285,0.1386760671461062,0.75,0.10400705035957965,0.56542667651495937,0.14632957912168054,153,1,False,-0.56111847613762722,0.7691325768567866,,False,True,M1
2019-10-31,GLD,12,2020-10-30,2020-10-30,5,0.13096689001480355,0.17930570841286034,0.35224850162283056,1.7575106248547894,0.30468438962183114,0.75,0.22851329221637334,0.27502800850019649,0.041477108649560591,168,1,False,-0.0091511035952938358,0.46617768802804049,1,False,False,M1
2019-10-31,VDE,12,2020-10-30,2020-10-30,5,0.85179949893217177,0.13834077175682535,0.19196994625603703,10000,0.16598488727105912,0.75,0.12448866545329434,0.48453214556490881,0.069391547108938648,169,1,False,-0.57253466486769078,0.82151199577427936,,False,True,M1
2019-10-31,VWO,12,2020-10-30,2020-10-30,5,0.29836486615086422,0.40260866307235305,0.30243588711564634,24.420530945486497,0.34104572356944735,0.75,0.25578429267708552,0.38543242996967214,0.041754705643089245,164,1,False,-0.19080578736738696,0.702374372721558,0.99472065323254344,False,False,M1
2019-11-29,BND,12,2020-11-30,2020-11-30,5,0.18017459022830962,0.32229001319787054,0.17658523289612793,0.059636233165946427,0.19358134927414963,0.75,0.14518601195561223,0.11664762365945809,0.13124962737065879,140,1,False,-0.16356088510776626,0.45393290901899075,,False,True,M1
2019-11-29,DBC,12,2020-11-30,2020-11-30,5,0.32319997361441788,0.067211089149098568,0.051885997326219235,35.564803062231285,0.06042991158142353,0.75,0.045322433686067649,0.55751145598023744,0.14625262048271112,154,1,False,-0.61980309281113921,0.71044796018327461,,False,True,M1
2019-11-29,GLD,12,2020-11-30,2020-11-30,5,0.036265478809484497,0.14782365459190272,0.26777121642951734,1.7575106248547894,0.23337475646053488,0.75,0.17503106734540116,0.28676247721940801,0.040967842922863748,169,1,False,-0.062287910233177507,0.41235004492397986,0.99888537064414984,False,False,M1
2019-11-29,VDE,12,2020-11-30,2020-11-30,5,0.53407790246370157,0.13772840485044943,0.22047677945133212,10000,0.17974688158239152,0.75,0.13481016118679365,0.49221387205962297,0.070546793915179887,170,1,False,-0.52326235502876717,0.79288267740235452,,False,True,M1
2019-11-29,VWO,12,2020-11-30,2020-11-30,5,0.06097014221903363,0.35668062483995788,0.29879560771063857,24.420530945486497,0.31999460612607639,0.75,0.2399959545945573,0.36622600228445557,0.041857853123211441,165,1,False,-0.15421803244260335,0.63420994163171795,0.99310152700274301,False,False,M1
2019-12-31,BND,12,2020-12-31,2020-12-31,5,0.3434085470576862,0.23509636284680729,0.25032440379124971,0.059636233165946427,0.24838283740434172,0.5,0.12419141870217086,0.12749941991826394,0.13151084581723232,141,1,False,-0.18455547836120761,0.43293831576554936,,False,True,M1
2019-12-31,DBC,12,2020-12-31,2020-12-31,5,0.50478673212564118,0.085616135227884721,0.077118800987472508,35.564803062231285,0.081892602254949584,0.5,0.040946301127474792,0.56179986951360683,0.14615025018510677,155,1,False,-0.62417922536973214,0.70607182762468168,,False,True,M1
2019-12-31,GLD,12,2020-12-31,2020-12-31,5,0.16582173486784968,0.14031265209163124,0.35620820106219675,1.7575106248547894,0.29223889012423426,0.5,0.14611944506211713,0.29629749776214176,0.041226993081948916,170,1,False,-0.084062608444869236,0.3763014985691035,0.99989062371305093,False,False,M1
2019-12-31,VDE,12,2020-12-31,2020-12-31,5,0.74935936983992335,0.13777684133762555,0.1190251863638426,10000,0.1283386908619305,0.5,0.064169345430965252,0.49667640062220131,0.071104872564302646,171,1,False,-0.5937194308397673,0.72205812170169792,,False,True,M1
2019-12-31,VWO,12,2020-12-31,2020-12-31,5,0.27100690408994321,0.38628524352800836,0.20950481111567457,24.420530945486497,0.27168500161814829,0.5,0.13584250080907415,0.35173683904924902,0.041919194207933247,166,1,False,-0.25813026915380521,0.52981527077195345,0.99127136823906137,False,False,M1
2020-01-31,BND,12,2021-01-29,2021-01-29,5,0.087858199808682258,0.39931670965477339,0.17879203010604033,0.059636233165946427,0.20877666126744737,0.5,0.10438833063372369,0.13596950338059929,0.13214924102540526,142,1,False,-0.2043585664296548,0.4131352276971022,,False,True,M1
2020-01-31,DBC,12,2021-01-29,2021-01-29,5,0.093107292566140698,0.26009933287035347,0.08776499181132813,35.564803062231285,0.18499878445183748,0.5,0.092499392225918742,0.56421600038036712,0.14762546363639903,156,1,False,-0.57929120693896397,0.76428999139080145,,False,True,M1
2020-01-31,GLD,12,2021-01-29,2021-01-29,5,-0.020950909974939869,0.38487873432787584,0.33267178638992445,1.7575106248547894,0.34716785799126521,0.5,0.1735839289956326,0.2776655631846075,0.04164805656188289,171,1,False,-0.0565943979992371,0.40376225599050231,0.99933147483128604,False,False,M1
2020-01-31,VDE,12,2021-01-29,2021-01-29,5,0.34082324586337176,0.13949945933034491,0.074459180680959081,10000,0.10742157432953643,0.5,0.053710787164768216,0.50679969909520994,0.073342614351432023,172,1,False,-0.59225329883714162,0.69967487316667798,,False,True,M1
2020-01-31,VWO,12,2021-01-29,2021-01-29,5,-0.12225348264132929,0.41890184879699599,0.23300840490811045,24.420530945486497,0.29579485911417241,0.5,0.14789742955708621,0.33775507566362284,0.04327900658523548,167,1,False,-0.24009590972624398,0.53589076884041642,0.9925012669012141,False,False,M1
2020-02-28,BND,12,2021-02-26,2021-02-26,5,0.21997383717362973,0.34524075206481303,0.34975176538964947,0.059636233165946427,0.34909145683431586,0.5,0.17454572841715793,0.14637699066373561,0.13076259130857826,143,1,False,-0.1263930424265281,0.47548449926084396,,False,True,M1
2020-02-28,DBC,12,2021-02-26,2021-02-26,5,0.004714294641843253,0.14638766451611029,0.24103143104385222,35.564803062231285,0.18623941230765631,0.5,0.093119706153828155,0.57892897489593598,0.14789057815033393,157,1,False,-0.57867089301105457,0.76491030531871085,,False,True,M1
2020-02-28,GLD,12,2021-02-26,2021-02-26,5,0.14344664764972404,0.24551768854859865,0.43900814255914661,1.7575106248547894,0.38228463900702153,0.5,0.19114231950351077,0.29315918370336169,0.040627615581959001,172,1,False,-0.027110180128538608,0.40939481913556014,0.99984660087170718,False,False,M1
2020-02-28,VDE,12,2021-02-26,2021-02-26,5,0.090704378224087945,0.13776301778797281,0.20690739008525988,10000,0.17124435589105011,0.5,0.085622177945525055,0.51577638221771827,0.074865756316715729,173,1,False,-0.5602914946099633,0.73153585050101344,,False,True,M1
2020-02-28,VWO,12,2021-02-26,2021-02-26,5,-0.089900209563217759,0.36291128917735416,0.32022836827107448,24.420530945486497,0.33413425976315869,0.5,0.16706712988157935,0.32579521730993727,0.043300425985422129,168,1,False,-0.22092049770100308,0.55505475746416177,0.99450656500091428,False,False,M1
2020-03-31,BND,12,2021-03-31,2021-03-31,6,0.35247137873070922,0.24144508753089308,0.30088714921249493,51.794746792312019,0.29133640750995576,0.40000000000000002,0.11653456300398231,0.16067312324557589,0.12962872039835105,144,1,False,-0.18434960555844715,0.41741873156641174,,False,True,M1
2020-03-31,DBC,12,2021-03-31,2021-03-31,6,-0.10806773469923003,0.15273252064411641,0.36194197559599561,51.794746792312019,0.2358520202492202,0.40000000000000002,0.094340808099688089,0.60269721258906628,0.14902395743512484,158,1,False,-0.58729084991673086,0.77597246611610715,,False,True,M1
2020-03-31,GLD,12,2021-03-31,2021-03-31,6,0.29479285902192309,0.11431523902298682,0.34709312001618037,35.564803062231285,0.27224187597874605,0.40000000000000002,0.10889675039149843,0.32155651438215044,0.039286829208004387,173,1,False,-0.12847749410437448,0.34627099488737134,0.99283879630595373,False,False,M1
2020-03-31,VDE,12,2021-03-31,2021-03-31,6,-0.60370949638658811,0.14731418020905318,0.17874156083393428,10000,0.16245647812129374,0.40000000000000002,0.064982591248517504,0.51818135615628091,0.078018955797109463,174,1,False,-0.58088470093626321,0.71084988343329814,,False,True,M1
2020-03-31,VWO,12,2021-03-31,2021-03-31,6,-0.25033243416903539,0.20020282347962309,0.14746167725366174,16.768329368110066,0.16440356463711078,0.40000000000000002,0.065761425854844319,0.32122713660533869,0.044557559199999722,169,1,False,-0.32222094696305015,0.45374379867273884,0.98489630876765522,False,False,M1
2020-04-30,BND,12,2021-04-30,2021-04-30,6,0.28026278190496012,0.11948186377248643,0.25311262539028168,51.794746792312019,0.23132102144137753,0.29999999999999999,0.069396306432413263,0.16307326011679482,0.12884657532618099,145,1,False,-0.23144106017465341,0.37023367303947996,,False,True,M1
2020-04-30,DBC,12,2021-04-30,2021-04-30,6,-0.39734772623779646,-0.026872096535155515,0.21772314092484499,51.794746792312019,0.066951582098991574,0.29999999999999999,0.02008547462969747,0.61641248779633173,0.15090681556582683,159,1,False,-0.84788200668735669,0.8880529559467516,,False,True,M1
2020-04-30,GLD,12,2021-04-30,2021-04-30,6,0.25791543165694009,-0.1213763495568059,0.2821579500597764,35.564803062231285,0.14773112865669499,0.29999999999999999,0.044319338597008498,0.33312365647928055,0.037833338097300794,174,1,False,-0.18586161606666141,0.27450029326067843,0.90751607281626601,False,False,M1
2020-04-30,VDE,12,2021-04-30,2021-04-30,6,-0.28197346257854061,0.1426995325247512,0.13993876893452301,10000,0.14138239835818711,0.29999999999999999,0.042414719507456129,0.52290946924027559,0.080974056607956327,175,1,False,-0.54728166066705675,0.63211109968196899,,False,True,M1
2020-04-30,VWO,12,2021-04-30,2021-04-30,6,-0.26562412359153509,0.016329559943426789,-0.045043543297942967,16.768329368110066,-0.025137753221321488,0.29999999999999999,-0.0075413259663964461,0.32434061543760401,0.046009962833017011,170,1,False,-0.3785729071766854,0.3634902552438925,0.94889296194396766,False,False,M1
2020-05-29,BND,12,2021-05-31,2021-05-31,6,0.3475299917372171,0.18892133544255921,0.17160848468052628,51.794746792312019,0.17484218132800552,0.29999999999999999,0.052452654398401653,0.18678013759413462,0.12739697536225483,146,1,False,-0.21343405145140962,0.31833936024821291,,False,True,M1
2020-05-29,DBC,12,2021-05-31,2021-05-31,6,-0.2396174643741904,0.095427742692212408,0.31963923167504255,51.794746792312019,0.1815083566287328,0.29999999999999999,0.054452506988619837,0.61607402757531138,0.15136278766735675,160,1,False,-0.81351497432843434,0.92241998830567395,,False,True,M1
2020-05-29,GLD,12,2021-05-31,2021-05-31,6,0.24436949645985129,-0.04346033899624438,0.28810503899751327,35.564803062231285,0.16781456295182315,0.29999999999999999,0.050344368885546942,0.3627956476443534,0.035867363513258518,175,1,False,-0.21024346240649594,0.31093220017758982,0.9336438541629869,False,False,M1
2020-05-29,VDE,12,2021-05-31,2021-05-31,6,-0.14271143809900066,0.1458611065926857,0.18358594605420131,10000,0.16364402673598269,0.29999999999999999,0.049093208020794803,0.5286150876417125,0.082431693156224617,176,1,False,-0.54023241267147393,0.63841882871306344,,False,True,M1
2020-05-29,VWO,12,2021-05-31,2021-05-31,6,-0.133684428711772,0.20395641396408343,0.15258950833694132,16.768329368110066,0.16959771996255391,0.29999999999999999,0.050879315988766168,0.33111224859582578,0.046115573147501046,171,1,False,-0.32003896773158952,0.42179759970912184,0.98731259452049114,False,False,M1
2020-06-30,BND,12,2021-06-30,2021-06-30,6,0.31375186791026655,0.29385028861168105,0.20977958495385055,51.794746792312019,0.23102789274704233,0.20000000000000001,0.046205578549408467,0.25274330853317017,0.12598457690464956,147,1,False,-0.26822526208060427,0.36063641917942124,,False,True,M1
2020-06-30,DBC,12,2021-06-30,2021-06-30,6,-0.27027779915218919,0.21386987144656844,0.32474826164320503,51.794746792312019,0.25674600355086685,0.20000000000000001,0.051349200710173376,0.61330488268940409,0.15185781619745867,161,1,False,-0.8166182806068808,0.91931668202722749,,False,True,M1
2020-06-30,GLD,12,2021-06-30,2021-06-30,6,0.30535558263290485,0.14717137825188517,0.29649263757226302,35.564803062231285,0.23722061891078633,0.20000000000000001,0.047444123782157267,0.39694293318478485,0.034293595355231202,176,1,False,-0.22213703109515351,0.31702527865946806,0.98442154193971887,False,False,M1
2020-06-30,VDE,12,2021-06-30,2021-06-30,6,-0.36784865665472921,0.14877894335360603,0.19253868012569036,10000,0.16903422929470813,0.20000000000000001,0.033806845858941628,0.53712505066932803,0.084304707029122239,177,1,False,-0.53091355614333513,0.59852724786121847,,False,True,M1
2020-06-30,VWO,12,2021-06-30,2021-06-30,6,-0.10469191955871526,0.33502317568673023,0.2097501917588476,16.768329368110066,0.25163082113407548,0.20000000000000001,0.050326164226815101,0.33431493417078484,0.046138149970261957,172,1,False,-0.31649049254712103,0.41714282100075117,0.99356187688631703,False,False,M1
2020-07-31,BND,12,2021-07-30,2021-07-30,6,0.11455593640926376,0.23296139482479697,0.26839769583298972,51.794746792312019,0.25767441218610976,0.14999999999999999,0.038651161827916461,0.3026073078112963,0.12538964282870682,148,1,False,-0.27544532918052955,0.35274765283636245,,False,True,M1
2020-07-31,DBC,12,2021-07-30,2021-07-30,6,-0.40115685671524481,0.14646166743756447,0.36222182567727901,51.794746792312019,0.23077006799713753,0.14999999999999999,0.034615510199570626,0.60924944972507644,0.15275471357266857,162,1,False,-0.83335197111748349,0.9025829915166248,,False,True,M1
2020-07-31,GLD,12,2021-07-30,2021-07-30,6,0.1899810314849627,0.082797838169359789,0.30981835035022925,35.564803062231285,0.21334031447280805,0.14999999999999999,0.032001047170921205,0.42497497230803616,0.032730433745005033,177,1,False,-0.2375390383741918,0.30154113271603422,0.97516342521733812,False,False,M1
2020-07-31,VDE,12,2021-07-30,2021-07-30,6,-0.39393603430280955,0.14748307996645008,0.28766102448209319,10000,0.21200956291080553,0.14999999999999999,0.031801434436620826,0.53968162989324864,0.086852318059692998,178,1,False,-0.5328067826169931,0.59640965149023484,,False,True,M1
2020-07-31,VWO,12,2021-07-30,2021-07-30,6,-0.10908555620120208,0.32913995363577914,0.2269032681135891,16.768329368110066,0.26124588355539041,0.14999999999999999,0.039186882533308563,0.33591284054633602,0.046474062912445185,173,1,False,-0.32762110938149597,0.40599487444811305,0.99448023514424932,False,False,M1
2020-08-31,BND,12,2021-08-31,2021-08-31,6,0.090646608423477382,0.20935632640657884,0.1718658421403445,51.794746792312019,0.18325563701156899,0.14999999999999999,0.027488345551735349,0.30380495462104956,0.12600779903514586,149,1,False,-0.27368703517739595,0.32866372628086665,,False,True,M1
2020-08-31,DBC,12,2021-08-31,2021-08-31,6,-0.32449096926460919,0.11530669574360294,0.11275679141724992,51.794746792312019,0.11432504209174991,0.14999999999999999,0.017148756313762486,0.61502333961798372,0.15397603701114237,163,1,False,-0.8508187250032917,0.88511623763081659,,False,True,M1
2020-08-31,GLD,12,2021-08-31,2021-08-31,6,0.16949388435365409,0.041089791621903696,0.2021383856491229,35.564803062231285,0.13145988816655338,0.14999999999999999,0.019718983224983007,0.43886441796954767,0.032530835707383028,178,1,False,-0.24568315368561089,0.28512112013557689,0.76343823938505262,False,False,M1
2020-08-31,VDE,12,2021-08-31,2021-08-31,6,-0.38049347940138767,0.14765197308333308,0.068725903417859821,10000,0.11175098207266566,0.14999999999999999,0.01676264731089985,0.54513139748586059,0.089747057414624604,179,1,False,-0.59584256603705077,0.62936786065885042,,False,True,M1
2020-08-31,VWO,12,2021-08-31,2021-08-31,6,-0.072774963949761462,0.42012334720772526,0.28637908432438275,16.768329368110066,0.33144038410965332,0.14999999999999999,0.049716057616447998,0.336921366298717,0.046939380603447919,174,1,False,-0.31468420985532258,0.41411632508821855,0.99706534546436121,False,False,M1
2020-09-30,BND,12,2021-09-30,2021-09-30,7,0.04281599553108395,0.17834500670318412,0.19577536633329673,24.420530945486497,0.19052223515653427,0.20000000000000001,0.03810444703130686,0.30137824395127039,0.12631761897227525,150,1,False,-0.26302112109036224,0.33923001515297602,,False,True,M1
2020-09-30,DBC,12,2021-09-30,2021-09-30,7,-0.50022627365018835,0.23262889923691138,-0.028810522416063671,4714.8663634573895,0.13175112607284395,0.20000000000000001,0.026350225214568791,0.61414475090918452,0.15534118383969697,164,1,False,-0.84161725610248539,0.8943177065316229,,False,True,M1
2020-09-30,GLD,12,2021-09-30,2021-09-30,7,0.10453476300749875,0.0023394837685006276,0.20534596134969141,24.420530945486497,0.11369172473143312,0.20000000000000001,0.022738344946286626,0.45148429602007134,0.032369466653508788,179,1,False,-0.24159533136335165,0.2870720212559249,0.69237027085845337,False,False,M1
2020-09-30,VDE,12,2021-09-30,2021-09-30,7,-0.81048014225421428,0.16177855045252487,0.12868850753999875,10000,0.14659938029044645,0.20000000000000001,0.029319876058089292,0.54127680637330378,0.093151237068884271,180,1,False,-0.55487782824027809,0.61351758035645665,,False,True,M1
2020-09-30,VMBS,12,2021-09-30,2021-09-30,7,0.042362630331704731,0.14114947552461171,0.2339636391779282,24.420530945486497,0.18755655735126997,0.20000000000000001,0.037511311470253994,0.5,0.17627072647955377,118,1,False,,,,True,True,M1
2020-09-30,VWO,12,2021-09-30,2021-09-30,7,-0.18365483834434482,0.34381311386171598,0.26228157782998535,51.794746792312019,0.28933337208977528,0.20000000000000001,0.057866674417955059,0.33179546929254311,0.047606972196830223,175,1,False,-0.30217203210599908,0.41790538094190921,0.99605740937881504,False,False,M1
2020-10-30,BND,12,2021-10-29,2021-10-29,7,0.088014130693853221,0.11927266140240264,0.19478806622199932,24.420530945486497,0.17074458442566301,0.25,0.042686146106415752,0.31839174872696796,0.12750264542385542,151,1,False,-0.25839459066853748,0.34376688288136897,0.71973743309972094,False,False,M1
2020-10-30,DBC,12,2021-10-29,2021-10-29,7,-0.60387677097091386,0.2303948903133092,-0.031109357220538026,4714.8663634573895,0.12796953008130491,0.25,0.031992382520326226,0.60832238406090478,0.15773239009438694,165,1,False,-0.70685343515271604,0.77083820019336846,,False,True,M1
2020-10-30,GLD,12,2021-10-29,2021-10-29,7,0.13807003758745262,-0.079900518326446734,0.21006714415183764,24.420530945486497,0.075067741668239679,0.25,0.01876693541705992,0.46556709575747268,0.032917230116627096,180,1,False,-0.2455638109298518,0.28309768176397165,0.49615526834668433,False,False,M1
2020-10-30,VDE,12,2021-10-29,2021-10-29,7,-1.0930455428370287,0.16083223516990072,0.13170777084166857,10000,0.14736349772540877,0.25,0.036840874431352193,0.53754557362155941,0.097342663930007414,181,1,False,-0.60907279812413617,0.68275454698684057,,False,True,M1
2020-10-30,VMBS,12,2021-10-29,2021-10-29,7,0.090568429137412698,0.064685571297996791,0.23513752614536404,24.420530945486497,0.14991154872168042,0.25,0.037477887180420104,0.5,0.17758349198039244,119,1,False,,,,True,True,M1
2020-10-30,VWO,12,2021-10-29,2021-10-29,7,-0.09779057173424488,0.29712680128658631,0.28077690641390451,51.794746792312019,0.28611949766379635,0.25,0.071529874415949088,0.32676609186145078,0.049031732957932658,176,1,False,-0.28847401181248833,0.43153376064438653,0.99607041153876963,False,False,M1
2020-11-30,BND,12,2021-11-30,2021-11-30,7,0.13742821715793696,0.017774758784951328,0.23448082012569774,24.420530945486497,0.16886047338624288,0.29999999999999999,0.050658142015872862,0.30280808175584017,0.12784917137651633,152,1,False,-0.21669421606325784,0.31801050009500359,0.74231095382694467,False,False,M1
2020-11-30,DBC,12,2021-11-30,2021-11-30,7,-0.30571474407528831,0.22562703462785832,-0.10076098979500475,4714.8663634573895,0.097277560907012034,0.29999999999999999,0.029183268272103609,0.60675801770668281,0.15872918276619438,166,1,False,-0.70953633076590061,0.76790286731010782,,False,True,M1
2020-11-30,GLD,12,2021-11-30,2021-11-30,7,0.12856082064418017,-0.21301651116416981,0.14848556766181462,24.420530945486497,-0.023340954859097277,0.29999999999999999,-0.0070022864577291826,0.47531268168342594,0.032935728728189839,181,1,False,-0.26759510319788515,0.25359053028242684,0.10391502811293507,False,False,M1
2020-11-30,VDE,12,2021-11-30,2021-11-30,7,-0.41943197072407656,0.15676911309809102,0.055978610063378606,10000,0.10979379895199806,0.29999999999999999,0.032938139685599416,0.5339311469661524,0.099742308097774957,182,1,False,-0.61294039622541341,0.6788166755966123,,False,True,M1
2020-11-30,VMBS,12,2021-11-30,2021-11-30,7,0.13189669206136878,-0.051575385996857986,0.24624796558438741,24.420530945486497,0.097336289793764713,0.29999999999999999,0.029200886938129413,0.5,0.17790919131160726,120,1,False,,,,True,True,M1
2020-11-30,VWO,12,2021-11-30,2021-11-30,7,0.095208132896182018,0.15933211745090689,0.27477354666670611,51.794746792312019,0.23679352846645541,0.29999999999999999,0.071038058539936624,0.32899816346914046,0.049099181597825885,177,1,False,-0.26309250453715155,0.40516862161702477,0.99427735469648881,False,False,M1
2020-12-31,BND,12,2021-12-31,2021-12-31,7,0.12466905707563025,0.045966196864096309,0.13937742632867781,24.420530945486497,0.11076220155712822,0.40000000000000002,0.044304880622851289,0.30633602550322436,0.12925805618488997,153,1,False,-0.22279841243273232,0.31140817367843487,0.77190988547729922,False,False,M1
2020-12-31,DBC,12,2021-12-31,2021-12-31,7,-0.30755989138457496,0.22845622817158079,-0.048380064629133308,4714.8663634573895,0.11877201593622935,0.40000000000000002,0.047508806374491744,0.60379395661713431,0.16080138366056232,167,1,False,-0.66053544002565245,0.75555305277463591,,False,True,M1
2020-12-31,GLD,12,2021-12-31,2021-12-31,7,0.14753467391407193,-0.18433498823294042,0.10906640484405965,24.420530945486497,-0.034031965210669521,0.40000000000000002,-0.01361278608426781,0.48772219025277269,0.033665871619067096,182,1,False,-0.27417127717019102,0.24694570500165541,0.083375514344569787,False,False,M1
2020-12-31,VDE,12,2021-12-31,2021-12-31,7,-0.45611582310689158,0.16019076181360217,0.1092935079954129,10000,0.13643128216610406,0.40000000000000002,0.05457251286644163,0.53318739489620282,0.10329212810729488,183,1,False,-0.63161317097860803,0.74075819671149123,,False,True,M1
2020-12-31,VMBS,12,2021-12-31,2021-12-31,7,0.11883758871198236,0.033963333094049447,0.22004088681291312,24.420530945486497,0.12700210995348127,0.40000000000000002,0.050800843981392507,0.5,0.179591092118803,121,1,False,,,,True,True,M1
2020-12-31,VWO,12,2021-12-31,2021-12-31,7,0.093660066534642761,0.25876772048515262,0.33190064417872905,51.794746792312019,0.30793739192089203,0.40000000000000002,0.12317495676835682,0.32766708956204155,0.050345854196096211,178,1,False,-0.21072225201235173,0.45707216554906538,0.99693767984893655,False,False,M1
2021-01-29,BND,12,2022-01-31,2022-01-31,7,0.30052418303588602,-0.050014166829606688,0.29307858525916003,24.420530945486497,0.19399434482871039,0.29999999999999999,0.058198303448613112,0.28879724164156639,0.12898922594868084,154,1,False,-0.20262578897698491,0.31902239587421111,0.77989250101042851,False,False,M1
2021-01-29,DBC,12,2022-01-31,2022-01-31,7,-0.20001269746286954,0.2244506188247205,0.1827392784936227,4714.8663634573895,0.20765738571669326,0.29999999999999999,0.062297215715007973,0.59739406658416405,0.16039844264214312,168,1,False,-0.64569946576314219,0.77029389719315822,,False,True,M1
2021-01-29,GLD,12,2022-01-31,2022-01-31,7,0.30261338646967861,-0.32522425508706793,0.34575987185976031,24.420530945486497,0.020494555087079449,0.29999999999999999,0.0061483665261238343,0.48475858624664053,0.033367419260629909,183,1,False,-0.23172328022539651,0.24402001327764417,0.32326816565367855,False,False,M1
2021-01-29,VDE,12,2022-01-31,2022-01-31,7,-0.47047520056347159,0.15588088477892514,0.23823639260844248,10000,0.19419800891139377,0.29999999999999999,0.058259402673418129,0.53473513621228319,0.10458305809509967,184,1,False,-0.59933195326787803,0.71585075861471426,,False,True,M1
2021-01-29,VMBS,12,2022-01-31,2022-01-31,7,0.2987754712162074,-0.03372263601592293,0.30667567644831084,24.420530945486497,0.13647652021619394,0.29999999999999999,0.040942956064858184,0.5,0.17896675031997236,122,1,False,,,,True,True,M1
2021-01-29,VWO,12,2022-01-31,2022-01-31,7,0.31545818646983603,0.17806614306497875,0.3612114480442416,51.794746792312019,0.30147072056105567,0.29999999999999999,0.090441216168316699,0.32619306014942756,0.049381612090859194,179,1,False,-0.23425992038037036,0.41514235271700373,0.90666014692577979,False,False,M1
2021-02-26,BND,12,2022-02-28,2022-02-28,7,0.30511475860091253,-0.074543228205627587,0.23835181097709712,24.420530945486497,0.14568862999353044,0.29999999999999999,0.043706588998059133,0.29614781118166972,0.12957622344045469,155,1,False,-0.21710830311933277,0.30452148111545102,0.79582022064731894,False,False,M1
2021-02-26,DBC,12,2022-02-28,2022-02-28,7,-0.1313925441527648,0.22566654176077072,0.10872002240991964,4714.8663634573895,0.17881955625227064,0.29999999999999999,0.053645866875681188,0.59941530736836635,0.15947723466580999,169,1,False,-0.64908941211866722,0.75638114587002958,,False,True,M1
2021-02-26,GLD,12,2022-02-28,2022-02-28,7,0.1803820597351935,-0.30973267408783889,0.26792630515080679,24.420530945486497,-0.01985479740692242,0.29999999999999999,-0.0059564392220767259,0.49818511076729832,0.033965675936657579,184,1,False,-0.23614007994718689,0.22422720150303344,0.21737003938772098,False,False,M1
2021-02-26,VDE,12,2022-02-28,2022-02-28,7,-0.22234213575016071,0.15798193341582631,0.19501507540301632,10000,0.17513906729881765,0.29999999999999999,0.052541720189645293,0.53670866250219684,0.10450803820390502,185,1,False,-0.60495071579298532,0.71003415617227594,,False,True,M1
2021-02-26,VMBS,12,2022-02-28,2022-02-28,7,0.30855111096369592,-0.10182971646139702,0.22892570834444911,24.420530945486497,0.063547995941526048,0.29999999999999999,0.019064398782457814,0.5,0.17928336641344739,123,1,False,,,,True,True,M1
2021-02-26,VWO,12,2022-02-28,2022-02-28,7,0.32629396015363832,0.18869794324744898,0.33146443479636917,51.794746792312019,0.28404790523960982,0.29999999999999999,0.085214371571882941,0.33212646078447361,0.048607824192780986,180,1,False,-0.23146916675701973,0.40189790990078561,0.80934784801555548,False,False,M1
2021-03-31,BND,12,2022-03-31,2022-03-31,8,0.29987246548187974,-0.12192522297391001,0.1011654152997945,51.794746792312019,0.035751190575429241,0.29999999999999999,0.010725357172628772,0.29321815218489861,0.13100503853846915,156,1,False,-0.23014475241448312,0.25159546675974065,0.78119197101911564,False,False,M1
2021-03-31,DBC,12,2022-03-31,2022-03-31,8,-0.37133727500693192,0.23357302552663783,0.046129029659415094,10000,0.15935627633546648,0.29999999999999999,0.04780688290063994,0.60405907456356556,0.15790344072836859,170,1,False,-0.65491944229730548,0.75053320809858537,0.96190746662634363,False,False,M1
2021-03-31,GLD,12,2022-03-31,2022-03-31,8,0.12408437996302379,-0.37208288066116263,0.26212078188940546,24.420530945486497,-0.048461934886817153,0.29999999999999999,-0.014538580466045146,0.48972078705309963,0.03537555260198335,185,1,False,-0.2447198618128632,0.21564270088077292,0.15590399217676754,False,False,M1
2021-03-31,VDE,12,2022-03-31,2022-03-31,8,-0.39821792610119533,0.17069456914397946,0.069460134941245436,10000,0.12371861808770418,0.29999999999999999,0.03711558542631125,0.53596865111923941,0.10070041705019268,186,1,False,-0.64898936927527162,0.72322054012789405,0.95121306988828824,False,False,M1
2021-03-31,VMBS,12,2022-03-31,2022-03-31,8,0.31002965738958066,-0.11882398764736882,0.15176479111584221,51.794746792312019,0.016470401734236695,0.29999999999999999,0.0049411205202710079,0.5,0.18074147294072454,124,1,False,,,,True,True,M1
2021-03-31,VOO,12,2022-03-31,2022-03-31,8,0.089501947791244874,0.0033508104205256239,-0.037414066992986897,159.98587196060572,-0.017031628286230636,0.29999999999999999,-0.0051094884858691909,0.5,0.07792203409061918,115,1,False,,,,True,True,M1
2021-03-31,VWO,12,2022-03-31,2022-03-31,8,0.33591196246468291,0.073158528073476503,0.25891117023558041,159.98587196060572,0.19633257456480349,0.29999999999999999,0.058899772369441043,0.33689208908353191,0.046956220555422881,181,1,False,-0.25938047814904919,0.37718002288793129,0.85433430390618048,False,False,M1
2021-04-30,BND,12,2022-04-29,2022-04-29,8,0.17291325069221075,0.0076005713607706915,0.032356941219278186,51.794746792312019,0.025360447629554493,0.29999999999999999,0.0076081342888663474,0.28261387391250975,0.13195572480194998,157,1,False,-0.23307223322669224,0.24828850180442491,0.78047362311643842,False,False,M1
2021-04-30,DBC,12,2022-04-29,2022-04-29,8,-0.45130327154111294,0.23710359147044324,0.087264789540754353,10000,0.17847176345497573,0.29999999999999999,0.053541529036492716,0.60870063521343276,0.15465635788061324,171,1,False,-0.63027669008634957,0.73735974815933492,0.89598669069707526,False,False,M1
2021-04-30,GLD,12,2022-04-29,2022-04-29,8,0.017916645905996509,-0.18581789111329383,-0.014566343459026623,24.420530945486497,-0.094559518954601282,0.29999999999999999,-0.028367855686380384,0.46710921209932443,0.036572003564644406,186,1,False,-0.24674033709768264,0.19000462572492186,0.090116625942307849,False,False,M1
2021-04-30,VDE,12,2022-04-29,2022-04-29,8,-0.5200114056241667,0.17569106837159101,0.064947863211326159,10000,0.12419615964598112,0.29999999999999999,0.037258847893794335,0.53500615544684915,0.098654032667151323,187,1,False,-0.64882202969482472,0.72333972548241332,0.87891193002605095,False,False,M1
2021-04-30,VMBS,12,2022-04-29,2022-04-29,8,0.17639435293989691,0.026606163654007364,0.026083193883241245,51.794746792312019,0.026344678768624306,0.29999999999999999,0.0079034036305872923,0.5,0.18146171793541846,125,1,False,,,,True,True,M1
2021-04-30,VOO,12,2022-04-29,2022-04-29,8,0.085081157163128918,0.10343086689289949,-0.040741052777815916,159.98587196060572,0.031344907057541782,0.29999999999999999,0.0094034721172625343,0.5,0.075325821774227114,116,1,False,,,,True,True,M1
2021-04-30,VWO,12,2022-04-29,2022-04-29,8,0.24349984858542428,0.15918339644006524,0.10590724156329029,159.98587196060572,0.12391597560021483,0.29999999999999999,0.037174792680064447,0.33802615970649225,0.045238746137032999,182,1,False,-0.27728846330370027,0.35163804866382919,0.86746388932299023,False,False,M1
2021-05-31,BND,12,2022-05-31,2022-05-31,8,0.31314731518023042,0.01329622963047461,0.052935356749228418,51.794746792312019,0.041326498014316759,0.29999999999999999,0.012397949404295028,0.29286363193954756,0.13332011889647699,158,1,False,-0.2543941499757208,0.27919004878431081,0.79003576495502303,False,False,M1
2021-05-31,DBC,12,2022-05-31,2022-05-31,8,-0.32164317225001438,0.23716632161465145,-0.0074541778595433456,10000,0.14242747167566872,0.29999999999999999,0.04272824150270061,0.61271091285226975,0.15236406821634113,172,1,False,-0.6410339119507461,0.72649039495614731,0.87905152651709362,False,False,M1
2021-05-31,GLD,12,2022-05-31,2022-05-31,8,0.26849784601834326,-0.090325521480346949,0.051013872287739299,24.420530945486497,-0.012934888579401298,0.29999999999999999,-0.0038804665738203892,0.45244824646743259,0.037683220104190958,187,1,False,-0.21732392627388794,0.20956299312624718,0.23340937676550277,False,False,M1
2021-05-31,VDE,12,2022-05-31,2022-05-31,8,-0.52687502561361055,0.17329795192827141,0.004364298380680442,10000,0.094822551236290645,0.29999999999999999,0.028446765370887191,0.53546614872759413,0.097370173780097338,188,1,False,-0.64193741834358786,0.69883094908536225,0.92209923519202308,False,False,M1
2021-05-31,VMBS,12,2022-05-31,2022-05-31,8,0.31025601752536058,0.016744220259385101,0.052954880391526044,51.794746792312019,0.034849550325455572,0.29999999999999999,0.010454865097636672,0.5,0.18275345570329343,126,1,False,,,,True,True,M1
2021-05-31,VOO,12,2022-05-31,2022-05-31,8,0.23524809066928509,0.04932249333551568,-0.0092533964483637564,159.98587196060572,0.02003454844357596,0.29999999999999999,0.006010364533072788,0.5,0.074130110054912726,117,1,False,,,,True,True,M1
2021-05-31,VWO,12,2022-05-31,2022-05-31,8,0.41686636277912026,0.13716629553494061,0.22197930531056201,159.98587196060572,0.19309655607416945,0.29999999999999999,0.057928966822250835,0.34054621234176014,0.044261023870099649,183,1,False,-0.25064277112102179,0.36650070476552349,0.80844751333260201,False,False,M1
2021-06-30,BND,12,2022-06-30,2022-06-30,8,0.32616551594651788,-0.018765455781418056,0.072357790594605592,51.794746792312019,0.044565975622939964,0.29999999999999999,0.013369792686881989,0.30499149313646712,0.13445490977077754,159,1,False,-0.28225950220713364,0.30899908758089761,0.79336619807082054,False,False,M1
2021-06-30,DBC,12,2022-06-30,2022-06-30,8,-0.23843460378989301,0.236753074447072,0.078799053601603553,10000,0.17551929053541501,0.29999999999999999,0.052655787160624502,0.61233159128273162,0.14992105164195654,173,1,False,-0.62036494436070033,0.72567651868194927,0.80833593897213796,False,False,M1
2021-06-30,GLD,12,2022-06-30,2022-06-30,8,0.19921818568757965,-0.13458410854506336,0.24518697254372837,24.420530945486497,0.076689585284585721,0.29999999999999999,0.023006875585375716,0.44368145877791948,0.039107009266577737,188,1,False,-0.21427894881491805,0.26029269998566945,0.51894317096103404,False,False,M1
2021-06-30,VDE,12,2022-06-30,2022-06-30,8,-0.11348184718250054,0.17233548585464398,0.012388773263573842,10000,0.098059156246633972,0.29999999999999999,0.029417746873990191,0.53561827933338302,0.094908698486791371,189,1,False,-0.6409241344385006,0.69975962818648108,0.90807997309252131,False,False,M1
2021-06-30,VMBS,12,2022-06-30,2022-06-30,8,0.31907877989977662,-0.01310660122602994,0.12132434530959135,51.794746792312019,0.054108872041780706,0.29999999999999999,0.01623266161253421,0.5,0.1837718441460453,127,1,False,,,,True,True,M1
2021-06-30,VOO,12,2022-06-30,2022-06-30,8,0.29290532417483739,0.022392051924812958,-0.055325870000340983,159.98587196060572,-0.016466909037764012,0.29999999999999999,-0.0049400727113292032,0.5,0.072326696231179419,118,1,False,,,,True,True,M1
2021-06-30,VWO,12,2022-06-30,2022-06-30,8,0.42412981044556763,0.11785298479510679,0.24504167207307498,159.98587196060572,0.20173861313577654,0.29999999999999999,0.060521583940732961,0.34046313287800917,0.04345149700363872,184,1,False,-0.24799207402613968,0.36903524190760562,0.77044972965976344,False,False,M1
2021-07-30,BND,12,2022-07-29,2022-07-29,8,0.32526945211633551,0.07877123782725387,0.14072159996822955,51.794746792312019,0.12122409419140356,0.25,0.030306023547850891,0.31472787410761238,0.13433054118726809,160,1,False,-0.24103765174100128,0.30164969883670306,0.82590957496221973,False,False,M1
2021-07-30,DBC,12,2022-07-29,2022-07-29,8,-0.10723802162659002,0.23964378500085523,0.17741501370604071,10000,0.2156418178946426,0.25,0.053910454473660649,0.61429469670064485,0.14675393722611055,174,1,False,-0.61908027381945829,0.72690118276677951,0.68391885646105555,False,False,M1
2021-07-30,GLD,12,2022-07-29,2022-07-29,8,0.26541906023082162,0.050505334540427188,0.10605879749040449,24.420530945486497,0.081324297281535618,0.25,0.020331074320383904,0.44523777448654955,0.039905284516410462,189,1,False,-0.20984958553166455,0.25051173417243233,0.5382901245606927,False,False,M1
2021-07-30,VDE,12,2022-07-29,2022-07-29,8,-0.42339162950992648,0.17545158968535685,0.1456401621312324,10000,0.16168450340413618,0.25,0.040421125851034044,0.53819432980102389,0.092335831472109275,190,1,False,-0.615397142091204,0.69623939379327215,0.56044747894386648,False,False,M1
2021-07-30,VMBS,12,2022-07-29,2022-07-29,8,0.29970361701504733,0.088205530893048653,0.13775831109923001,51.794746792312019,0.11298192099613932,0.25,0.028245480249034831,0.5,0.18317410413179841,128,1,False,,,,True,True,M1
2021-07-30,VOO,12,2022-07-29,2022-07-29,8,0.27880741193574643,0.06095292247473745,0.03674631701811433,159.98587196060572,0.04884961974642589,0.25,0.012212404936606473,0.5,0.069549468068464321,119,1,False,,,,True,True,M1
2021-07-30,VWO,12,2022-07-29,2022-07-29,8,0.39942497652915976,0.15485832800612309,0.096643236640334682,159.98587196060572,0.11652711342624641,0.25,0.029131778356561604,0.34155880063768157,0.042626972391720669,185,1,False,-0.25342174428574715,0.31168530099887037,0.8225876236170484,False,False,M1
2021-08-31,BND,12,2022-08-31,2022-08-31,8,0.41817626261069918,0.1401595357418135,0.15254116375708121,51.794746792312019,0.14864312164712992,0.25,0.037160780411782481,0.31482468259784713,0.1340592124123377,161,1,False,-0.23405631534613655,0.30837787616970153,0.84197172737922266,False,False,M1
2021-08-31,DBC,12,2022-08-31,2022-08-31,8,-0.079143125387982183,0.24095846326072184,0.12009104753973929,10000,0.19397776974121303,0.25,0.048494442435303257,0.61130389659391893,0.14406110918902074,175,1,False,-0.61758323730014308,0.7145721221707495,0.69568084205450631,False,False,M1
2021-08-31,GLD,12,2022-08-31,2022-08-31,8,0.35736891630071865,0.16912643968351884,0.12230501553646515,24.420530945486497,0.14290572756650044,0.25,0.03572643189162511,0.43998473786986714,0.040587329778711732,190,1,False,-0.18258401850212683,0.25403688228537702,0.75135244091721087,False,False,M1
2021-08-31,VDE,12,2022-08-31,2022-08-31,8,-0.45180965163804543,0.17576754661664393,0.1250141337290572,10000,0.15217585876172698,0.25,0.038043964690431746,0.5351704149005706,0.089860285341881549,191,1,False,-0.61773173109673729,0.69381966047760069,0.56180058918704756,False,False,M1
2021-08-31,VMBS,12,2022-08-31,2022-08-31,8,0.39753623450725761,0.14269748030939675,0.13349760690938273,51.794746792312019,0.13809754360938975,0.25,0.034524385902347438,0.5,0.18250082559195102,129,1,False,,,,True,True,M1
2021-08-31,VOO,12,2022-08-31,2022-08-31,8,0.39495717877934844,0.080918392335904157,0.057497263249066233,159.98587196060572,0.069207827792485188,0.25,0.017301956948121297,0.5,0.067204264772252678,120,1,False,,,,True,True,M1
2021-08-31,VWO,12,2022-08-31,2022-08-31,8,0.47202041391999927,0.18979915310206713,0.11946714588937202,159.98587196060572,0.14350419802997477,0.25,0.035876049507493693,0.34176547909276817,0.042006531873755706,186,1,False,-0.23474198032478466,0.30649407933977202,0.78882321804623656,False,False,M1
2021-09-30,BND,12,2022-09-30,2022-09-30,9,0.44322921234108992,0.17125579853882228,0.14246008844270752,10000,0.151740609301904,0.20000000000000001,0.0303481218603808,0.3222883140655271,0.13349598267850282,162,1,False,-0.23243986405551395,0.29313610777627552,0.84858863723230116,False,False,M1
2021-09-30,DBC,12,2022-09-30,2022-09-30,9,0.092660120415617886,0.24791770100477989,0.25587860241631927,10000,0.25110015090920978,0.20000000000000001,0.050220030181841957,0.60024000550780843,0.14040038542288888,176,1,False,-0.61583550645504059,0.71627556681872451,0.53054391586653193,False,False,M1
2021-09-30,GLD,12,2022-09-30,2022-09-30,9,0.34580884513691579,0.29430255959751206,0.14248391520248166,16.768329368110066,0.20938000359995432,0.20000000000000001,0.041876000719990869,0.44063157502190442,0.040922133094045701,191,1,False,-0.17156627577573666,0.25531827721571843,0.89524877145247705,False,False,M1
2021-09-30,VDE,12,2022-09-30,2022-09-30,9,-0.17971295896569828,0.81300934745227993,0.24319143129995233,0.0001,0.54672361463525831,0.20000000000000001,0.10934472292705166,0.53268276537335779,0.085171012281485173,192,1,False,-0.57689498894941382,0.79558443480351715,2.7476210256464006e-05,False,False,M1
2021-09-30,VMBS,12,2022-09-30,2022-09-30,9,0.43314981313008016,0.17704233453637286,0.18601617950386301,10000,0.17892687778908101,0.20000000000000001,0.035785375557816204,0.78999600956609284,0.18142283947456456,130,1,False,,,,True,True,M1
2021-09-30,VOO,12,2022-09-30,2022-09-30,9,0.47626100640769398,0.086180169762064995,0.073654819278912986,1048.1131341546852,0.079917494520488991,0.20000000000000001,0.015983498904097799,0.5,0.063898551721631364,121,1,False,,,,True,True,M1
2021-09-30,VWO,12,2022-09-30,2022-09-30,9,0.54436726374264799,0.17312018333607981,0.15561695667861297,10000,0.16165395451133024,0.20000000000000001,0.032330790902266052,0.34490771049587704,0.040799786578471747,187,1,False,-0.22996181413215527,0.29462339593668735,0.75392692498390679,False,False,M1
2021-09-30,VXUS,12,2022-09-30,2022-09-30,9,0.5617479834868826,0.1782822163627153,0.19686746982905268,1526.4179671752302,0.18757484309588399,0.20000000000000001,0.037514968619176803,0.5,0.15267961048456538,116,1,False,,,,True,True,M1
2021-10-29,BND,12,2022-10-31,2022-10-31,9,0.54556659701474586,0.17142680008112199,0.2175838523538019,10000,0.20223312349496853,0.14999999999999999,0.030334968524245276,0.33257602257931379,0.13321695291172581,163,1,False,-0.23242442181806194,0.2930943588665525,0.872871421337723,False,False,M1
2021-10-29,DBC,12,2022-10-31,2022-10-31,9,0.20721311322471481,0.24737283501163917,0.23797514527692704,10000,0.24351367976027147,0.14999999999999999,0.03652705196404072,0.58935064251874636,0.13619542973704818,177,1,False,-0.60399652450542152,0.67705062843350294,0.51686139236318163,False,False,M1
2021-10-29,GLD,12,2022-10-31,2022-10-31,9,0.47317291763606928,0.33714938459571731,0.14945621384605759,16.768329368110066,0.23074543562242256,0.14999999999999999,0.034611815343363384,0.43309632125500408,0.041428111763282198,192,1,False,-0.17882894629226215,0.24805257697898891,0.92357182155531059,False,False,M1
2021-10-29,VDE,12,2022-10-31,2022-10-31,9,-0.21068012496561028,0.69056644817381896,0.26818891967661429,0.0001,0.49209506480012705,0.14999999999999999,0.073814259720019051,0.53010903757157279,0.079066263291233813,193,1,False,-0.65860971852401418,0.80623823796405236,8.9207361848464523e-05,False,False,M1
2021-10-29,VMBS,12,2022-10-31,2022-10-31,9,0.53677500790128319,0.17717555807625021,0.22037520020552123,10000,0.18239856023686152,0.14999999999999999,0.027359784035529227,0.87909617063535017,0.18072929435748705,131,1,False,,,,True,True,M1
2021-10-29,VOO,12,2022-10-31,2022-10-31,9,0.53267522085226038,0.083421907694755687,0.077703307738900038,1048.1131341546852,0.080562607716827855,0.14999999999999999,0.012084391157524178,0.5,0.060553906136441377,122,1,False,,,,True,True,M1
2021-10-29,VWO,12,2022-10-31,2022-10-31,9,0.6661896997638227,0.17285572585888298,0.15333986405809744,10000,0.16015393805228739,0.14999999999999999,0.024023090707843107,0.34915567981300516,0.040062603821489212,188,1,False,-0.23334986989344184,0.28139605130912804,0.74395516404808326,False,False,M1
2021-10-29,VXUS,12,2022-10-31,2022-10-31,9,0.63379973304962578,0.17563508673126765,0.20347193590726481,1526.4179671752302,0.18955351131926623,0.14999999999999999,0.028433026697889933,0.5,0.1494439957053057,117,1,False,,,,True,True,M1
2021-11-30,BND,12,2022-11-30,2022-11-30,9,0.54432925570624013,0.17218563190195743,0.214191927838567,10000,0.20015949336411271,0.14999999999999999,0.030023924004616905,0.33405550671809303,0.13324263135225151,164,1,False,-0.23081020512084227,0.29085805313007607,0.87716681457228884,False,False,M1
2021-11-30,DBC,12,2022-11-30,2022-11-30,9,0.18048189401443593,0.24812947179905653,0.28665695969647731,10000,0.26435279628072961,0.14999999999999999,0.039652919442109441,0.57891559073699261,0.13371278831113617,178,1,False,-0.5385012423130271,0.61780708119724603,0.45183125309888655,False,False,M1
2021-11-30,GLD,12,2022-11-30,2022-11-30,9,0.4383837436672865,0.44907034808049573,0.22231090302377232,16.768329368110066,0.31667464843328141,0.14999999999999999,0.047501197264992211,0.41614030844847155,0.041879576576136585,193,1,False,-0.1658406964197697,0.26084309094975411,0.96793592855771848,False,False,M1
2021-11-30,VDE,12,2022-11-30,2022-11-30,9,-0.30430638405536792,0.66128968402439692,0.27144201110210164,0.0001,0.47692615652611287,0.14999999999999999,0.071538923478916924,0.52708829549681191,0.076496684765381698,194,1,False,-0.63724211100339179,0.78031995796122555,0.00022336256870286476,False,False,M1
2021-11-30,VMBS,12,2022-11-30,2022-11-30,9,0.53186111981848638,0.17797602028822709,0.23450608774155596,10000,0.19599290719109105,0.14999999999999999,0.029398936078663656,0.68128665479236039,0.18035935040069828,132,1,False,,,,True,True,M1
2021-11-30,VOO,12,2022-11-30,2022-11-30,9,0.52716407262989484,0.086134258276266792,0.11227073379850215,1048.1131341546852,0.099202496037384472,0.14999999999999999,0.014880374405607671,0.5,0.058774399916890228,123,1,False,,,,True,True,M1
2021-11-30,VWO,12,2022-11-30,2022-11-30,9,0.59915317254100608,0.17322245829443389,0.2312302602145147,10000,0.21062468155337705,0.14999999999999999,0.031593702233006553,0.35522081477120337,0.040354379107598704,189,1,False,-0.22577024456480088,0.288957649030814,0.67211723230644616,False,False,M1
2021-11-30,VXUS,12,2022-11-30,2022-11-30,9,0.54542807925078562,0.17677081745787721,0.22533958457334974,1526.4179671752302,0.20105520101561347,0.14999999999999999,0.03015828015234202,0.5,0.14844100603224794,118,1,False,,,,True,True,M1
2021-12-31,BND,12,2022-12-30,2022-12-30,9,0.39927313988453361,0.17129105688205276,0.12990488179651755,10000,0.14353323900351236,0.14999999999999999,0.021529985850526855,0.32929733609903078,0.13319067029602955,165,1,False,-0.21948522061483153,0.26254519231588525,0.85956125134015815,False,False,M1
2021-12-31,DBC,12,2022-12-30,2022-12-30,9,0.074762083907343069,0.24594231078041914,0.2329624724389468,10000,0.24036137843010719,0.14999999999999999,0.036054206764516074,0.57003067345761349,0.13124757781004281,179,1,False,-0.54182867418340008,0.61393708771243227,0.47738618911446584,False,False,M1
2021-12-31,GLD,12,2022-12-30,2022-12-30,9,0.27582313620810639,0.42397702566425044,0.046466462667474236,16.768329368110066,0.19808418671024952,0.14999999999999999,0.029712628006537428,0.40162511702770565,0.04242419047994038,194,1,False,-0.17389980002270608,0.23332505603578094,0.86635227378495849,False,False,M1
2021-12-31,VDE,12,2022-12-30,2022-12-30,9,-0.36116328676641607,0.57613066784781475,0.27963483942366107,0.0001,0.43536819369745344,0.14999999999999999,0.065305229054618011,0.52524635878184167,0.073765338571164907,195,1,False,-0.64344703244788226,0.77405749055711826,0.00051898974225570815,False,False,M1
2021-12-31,VMBS,12,2022-12-30,2022-12-30,9,0.38711558864300122,0.17699382810607817,0.16808185748595961,10000,0.17399388888226974,0.14999999999999999,0.026099083332340459,0.66338093428672806,0.17989678076394103,133,1,False,-0.076596721790898908,0.12879488845557982,,False,True,M1
2021-12-31,VOO,12,2022-12-30,2022-12-30,9,0.45006588228211231,0.072815456446330751,0.081587184119681369,1048.1131341546852,0.077201320283006053,0.14999999999999999,0.011580198042450907,0.5,0.056835554439344224,124,1,False,,,,True,True,M1
2021-12-31,VWO,12,2022-12-30,2022-12-30,9,0.44830508150432535,0.17135666293312568,0.14414988632610573,10000,0.15395580383989071,0.14999999999999999,0.023093370575983607,0.36042187780726798,0.04063493535721472,190,1,False,-0.22692932175260933,0.27311606290457652,0.77045239610977001,False,False,M1
2021-12-31,VXUS,12,2022-12-30,2022-12-30,9,0.42915098003881602,0.16621484488465374,0.21594047585228202,1526.4179671752302,0.19107766036846788,0.14999999999999999,0.028661649055270182,0.5,0.14733271647738094,119,1,False,,,,True,True,M1
2022-01-31,BND,12,2023-01-31,2023-01-31,9,0.33225315241700326,0.1729101184901968,0.1171801212241758,10000,0.13407123065332724,0.14999999999999999,0.020110684597999084,0.3030882874177005,0.13419870350530577,166,1,False,-0.24257272322020412,0.28279409241620229,0.8596105523325317,False,False,M1
2022-01-31,DBC,12,2023-01-31,2023-01-31,9,0.13111208035458222,0.24712056102568006,0.16695532413171485,10000,0.21244939385620776,0.14999999999999999,0.031867409078431164,0.56750371466709537,0.12940724294741554,180,1,False,-0.51635041777782154,0.58008523593468397,0.50338621090867341,False,False,M1
2022-01-31,GLD,12,2023-01-31,2023-01-31,9,0.17399349453906687,0.50125765529475597,0.03080028115261944,16.768329368110066,0.20692068980399808,0.14999999999999999,0.031038103470599709,0.37435997038526259,0.043758494049118531,195,1,False,-0.1871218887103708,0.24919809565157022,0.87694734144050335,False,False,M1
2022-01-31,VDE,12,2023-01-31,2023-01-31,9,-0.20478660889050992,0.4755795702737331,0.24395026108008355,0.0001,0.36585568068797442,0.14999999999999999,0.054878352103196158,0.52629531224813186,0.070988601126600437,196,1,False,-0.64253056260073926,0.75228726680713154,0.0022811445299239595,False,False,M1
2022-01-31,VMBS,12,2023-01-31,2023-01-31,9,0.31894443453514831,0.17879978038991942,0.15843043190749248,10000,0.16602886773988343,0.14999999999999999,0.024904330160982514,0.37303283602547666,0.18078393517030117,134,1,False,-0.23292818499036669,0.28273684531233173,,False,True,M1
2022-01-31,VOO,12,2023-01-31,2023-01-31,9,0.3135882376095287,0.092768193906719143,0.14907321419138919,1048.1131341546852,0.12092070404905417,0.14999999999999999,0.018138105607358124,0.5,0.056861196273050953,125,1,False,,,,True,True,M1
2022-01-31,VWO,12,2023-01-31,2023-01-31,9,0.31956968055435953,0.17323562051602021,0.22218269578437408,10000,0.20466596453135197,0.14999999999999999,0.030699894679702792,0.35787084635774663,0.042073800546286039,191,1,False,-0.2125182825844654,0.27391807194387097,0.71353134471769764,False,False,M1
2022-01-31,VXUS,12,2023-01-31,2023-01-31,9,0.28493878981007137,0.18041588676406561,0.24249284278616159,1526.4179671752302,0.21145436477511359,0.14999999999999999,0.031718154716267037,0.5,0.14805922772222321,120,1,False,,,,True,True,M1
2022-02-28,BND,12,2023-02-28,2023-02-28,9,0.41951668040198753,0.17268092877839833,0.13501490842477615,10000,0.14570842494623742,0.14999999999999999,0.021856263741935614,0.28390354014219416,0.135222152937016,167,1,False,-0.23962936552062458,0.2833418930044958,0.86857302217077514,False,False,M1
2022-02-28,DBC,12,2023-02-28,2023-02-28,9,0.31222753087196797,0.24655500939105771,0.18725307110876388,10000,0.22067101566367558,0.14999999999999999,0.033100652349551334,0.56352196105012542,0.12796636014575707,181,1,False,-0.49908190800263769,0.56528321270174031,0.45524888037305428,False,False,M1
2022-02-28,GLD,12,2023-02-28,2023-02-28,9,0.37323383727720105,0.52337641913657573,0.081094229509112423,16.768329368110066,0.23937212019590051,0.14999999999999999,0.035905818029385077,0.35786629983926421,0.044455553057720962,196,1,False,-0.177534108491056,0.24934574454982616,0.90251691051797667,False,False,M1
2022-02-28,VDE,12,2023-02-28,2023-02-28,9,0.038341916919784946,0.43596950333407747,0.21179973559231846,0.0001,0.32985548826164718,0.14999999999999999,0.049478323239247078,0.52663547747137618,0.069499612614535661,197,1,False,-0.64791111750595343,0.74686776398444754,0.0046001354161745245,False,False,M1
2022-02-28,VMBS,12,2023-02-28,2023-02-28,9,0.41302302664111368,0.17835436993590506,0.16660726229438655,10000,0.16943282808732518,0.14999999999999999,0.025414924213098777,0.240532893642011,0.18173035869469673,135,1,False,-0.26407178796813935,0.31490163639433688,,False,True,M1
2022-02-28,VOO,12,2023-02-28,2023-02-28,9,0.40665866915890525,0.084363767435235784,0.15348375574730555,1048.1131341546852,0.11892376159127066,0.14999999999999999,0.0178385642386906,0.5,0.057240814923502498,126,1,False,,,,True,True,M1
2022-02-28,VWO,12,2023-02-28,2023-02-28,9,0.4781948285138482,0.17232399551145641,0.28663632739864281,10000,0.24621969028194721,0.14999999999999999,0.036932953542292077,0.35356322847636723,0.043554113877574317,192,1,False,-0.20432156336092883,0.27818747044551301,0.6694555821513547,False,False,M1
2022-02-28,VXUS,12,2023-02-28,2023-02-28,9,0.41639326796634912,0.17229120877186119,0.30131216929620563,1526.4179671752302,0.23680168903403342,0.14999999999999999,0.03552025335510501,0.5,0.14894827848306666,121,1,False,,,,True,True,M1
2022-03-31,BND,12,2023-03-31,2023-03-31,10,0.26763679207342084,0.17412328815867423,0.14067317949372629,6866.488450042998,0.1499499772725994,0.14999999999999999,0.022492496590889911,0.27733236599599387,0.13620221432121168,168,1,False,-0.24797282235758883,0.29295781553936867,0.87374105019329107,False,False,M1
2022-03-31,DBC,12,2023-03-31,2023-03-31,10,0.35098508471451639,0.3703407133223936,0.12259173348194764,75.431200633546069,0.26065810356678309,0.14999999999999999,0.03909871553501746,0.55728330414822402,0.12522293357898406,182,1,False,-0.48803324308253043,0.56623067415256534,0.33830374742584818,False,False,M1
2022-03-31,GLD,12,2023-03-31,2023-03-31,10,0.22569283058054967,0.43101771132468802,0.04045196834953748,75.431200633546069,0.17524563077164443,0.14999999999999999,0.026286844615746662,0.34512413043527762,0.044859760300895078,197,1,False,-0.18705480481711848,0.23962849404861178,0.83496587688363422,False,False,M1
2022-03-31,VDE,12,2023-03-31,2023-03-31,10,0.15146005406469776,0.35038108635812626,0.23887269965853564,16.768329368110066,0.29729881080998088,0.14999999999999999,0.044594821621497131,0.52396158603610898,0.067137402823042064,198,1,False,-0.64174664567273698,0.73093628891573115,0.010503553092030831,False,False,M1
2022-03-31,VMBS,12,2023-03-31,2023-03-31,10,0.26676836126396941,0.19279650486443953,0.20097980588003631,1526.4179671752302,0.19929237476984779,0.14999999999999999,0.029893856215477167,0.2062042086649884,0.18267373589098265,136,1,False,-0.27519468065383246,0.33498239308478683,,False,True,M1
2022-03-31,VOO,12,2023-03-31,2023-03-31,10,0.31097375324502985,0.081155096321483655,0.091297630978283903,6866.488450042998,0.084354376425375174,0.14999999999999999,0.012653156463806275,0.68456798895466431,0.057494839591752438,127,1,False,,,,True,True,M1
2022-03-31,VWO,12,2023-03-31,2023-03-31,10,0.32047049200640876,0.17611737255811652,0.12082427341906582,3237.4575428176399,0.14009151752972959,0.14999999999999999,0.021013727629459439,0.34845657795759716,0.045068921383207013,193,1,False,-0.2289845289246219,0.27101198418354078,0.80421469842073467,False,False,M1
2022-03-31,VXUS,12,2023-03-31,2023-03-31,10,0.27863324351775931,0.17311716121330301,0.16208111626874092,10000,0.16759913874102195,0.14999999999999999,0.025139870811153292,0.5,0.14994129015146782,122,1,False,,,,True,True,M1
2022-04-29,BND,12,2023-04-28,2023-04-28,10,0.27655871519628017,0.17596159248834983,0.24979798411818013,6866.488450042998,0.22905067153761791,0.14999999999999999,0.034357600730642687,0.28099033718462751,0.13641943938849568,169,1,False,-0.23603090164974083,0.30474610311102623,0.90040743789097477,False,False,M1
2022-04-29,DBC,12,2023-04-28,2023-04-28,10,0.41361159511479761,0.46904990207373304,0.2213308651938076,75.431200633546069,0.35807008363172116,0.14999999999999999,0.053710512544758171,0.55199317807857406,0.12207251715756276,183,1,False,-0.47341033687773398,0.58083136196725027,0.14546334681449671,False,False,M1
2022-04-29,GLD,12,2023-04-28,2023-04-28,10,0.2299308158389104,0.54393883066129289,0.18702122104233224,75.431200633546069,0.30796497653087146,0.14999999999999999,0.046194746479630719,0.33885622964262468,0.0447236839655673,198,1,False,-0.1573299400882795,0.24971943304754096,0.92269128557688762,False,False,M1
2022-04-29,VDE,12,2023-04-28,2023-04-28,10,0.11448163100002073,0.52414031454830412,0.40621046795784133,16.768329368110066,0.46766389642965694,0.14999999999999999,0.070149584464448536,0.5211015722357889,0.064186906298181717,199,1,False,-0.60052225558351935,0.74082142451241639,0.00010593876139288036,False,False,M1
2022-04-29,VMBS,12,2023-04-28,2023-04-28,10,0.28148835344869405,0.20034594279733822,0.29874698888925089,1526.4179671752302,0.27571396272910936,0.14999999999999999,0.041357094409366406,0.23407298067367366,0.18262790097893092,137,1,False,-0.26373144245994323,0.34644563127867606,,False,True,M1
2022-04-29,VOO,12,2023-04-28,2023-04-28,10,0.24830191540730784,0.081435273701719879,0.20022053732424819,6866.488450042998,0.098778016843908717,0.14999999999999999,0.014816702526586307,0.8539992031562097,0.057710357697778811,128,1,False,,,,True,True,M1
2022-04-29,VWO,12,2023-04-28,2023-04-28,10,0.31302188503809669,0.17874194499624807,0.19639404680026568,3237.4575428176399,0.19018501066241733,0.14999999999999999,0.028527751599362598,0.35174486340403815,0.046091761214146265,194,1,False,-0.22138957366953618,0.27844507686826137,0.75377048990068063,False,False,M1
2022-04-29,VXUS,12,2023-04-28,2023-04-28,10,0.23550758054611487,0.17288092873232339,0.29643271226962992,10000,0.23465682050097664,0.14999999999999999,0.035198523075146496,0.5,0.15028933420725046,123,1,False,,,,True,True,M1
2022-05-31,BND,12,2023-05-31,2023-05-31,10,0.10805056409431935,0.17288874775606117,0.18662632067265419,6866.488450042998,0.18267457513936478,0.14999999999999999,0.027401186270904716,0.28765965846239672,0.13745901512844708,170,1,False,-0.2682045206934015,0.32300689323521092,0.88906332753146111,False,False,M1
2022-05-31,DBC,12,2023-05-31,2023-05-31,10,0.27916291530505499,0.33036326019888745,0.087441204269395043,75.431200633546069,0.21987240489003054,0.14999999999999999,0.032980860733504577,0.54515922860077126,0.11966101884556506,184,1,False,-0.48062701198069113,0.54658873344770031,0.38659580535264715,False,False,M1
2022-05-31,GLD,12,2023-05-31,2023-05-31,10,0.024430413723501632,0.43475392761774367,0.043964701220228074,75.431200633546069,0.1755724528413416,0.14999999999999999,0.02633586792620124,0.33677425765888569,0.045848177242214412,199,1,False,-0.19178970570936166,0.24446144156176414,0.83169241832418483,False,False,M1
2022-05-31,VDE,12,2023-05-31,2023-05-31,10,0.14846788299499059,0.30578714746431074,0.13667178499048946,16.768329368110066,0.22414745856522281,0.14999999999999999,0.033622118784783418,0.51725444865054393,0.061231596638622765,200,1,False,-0.63701090258842252,0.70425514015798929,0.064576492127619775,False,False,M1
2022-05-31,VMBS,12,2023-05-31,2023-05-31,10,0.11629330800548487,0.18883391118824611,0.2426616042603906,1526.4179671752302,0.22840790969188751,0.14999999999999999,0.034261186453783128,0.26480225614348774,0.18355274240318042,138,1,False,-0.27082735041552652,0.33934972332309277,,False,True,M1
2022-05-31,VOO,12,2023-05-31,2023-05-31,10,0.043045211447875875,0.078557417051015876,0.090092961964932536,6866.488450042998,0.081491704477657648,0.14999999999999999,0.012223755671648648,0.74563079173643509,0.059086619193681952,129,1,False,,,,True,True,M1
2022-05-31,VWO,12,2023-05-31,2023-05-31,10,0.11007986207080234,0.17034755762146767,0.12495869139222886,3237.4575428176399,0.14090253277602771,0.14999999999999999,0.021135379916404157,0.35127207855939069,0.047993169427299982,195,1,False,-0.24097012256649339,0.28324088239930167,0.81296058415888084,False,False,M1
2022-05-31,VXUS,12,2023-05-31,2023-05-31,10,0.063702335441275126,0.17095869345906251,0.13597259348360147,10000,0.15346564347133199,0.14999999999999999,0.023019846520699796,0.5,0.15196953665440727,124,1,False,,,,True,True,M1
2022-06-30,BND,12,2023-06-30,2023-06-30,10,0.14656525199238801,0.1739724387944224,0.23243176258388004,6866.488450042998,0.21543886375816865,0.14999999999999999,0.032315829563725293,0.29067901789133982,0.13856256191685681,171,1,False,-0.27663350880946602,0.34126516793691664,0.89879811622202299,False,False,M1
2022-06-30,DBC,12,2023-06-30,2023-06-30,10,0.32044445293059887,0.33522096098969573,0.076459025139225284,75.431200633546069,0.21636416706175896,0.14999999999999999,0.032454625059263845,0.54067126010133115,0.11772536683131933,185,1,False,-0.47626588562955113,0.54117513574807885,0.37384982474238715,False,False,M1
2022-06-30,GLD,12,2023-06-30,2023-06-30,10,0.096753982139087258,0.49877200694296631,0.067037435514501323,75.431200633546069,0.20815747332875073,0.14999999999999999,0.031223620999312609,0.32686758752566536,0.046615027284441245,200,1,False,-0.18221559888520317,0.24466284088382839,0.86183709297565436,False,False,M1
2022-06-30,VDE,12,2023-06-30,2023-06-30,10,-0.037614589986349367,0.25923916123894919,0.1691758108427843,16.768329368110066,0.21546683269088263,0.14999999999999999,0.032320024903632394,0.51398289808758335,0.060362375525084833,201,1,False,-0.62368392313032972,0.68832397293759451,0.075919673026119461,False,False,M1
2022-06-30,VMBS,12,2023-06-30,2023-06-30,10,0.14664250424185288,0.19288322543603975,0.28734466850243356,1526.4179671752302,0.26237312726474205,0.14999999999999999,0.039355969089711305,0.26435697388340607,0.1845277498671847,139,1,False,-0.26573256777959836,0.34444450595902093,,False,True,M1
2022-06-30,VOO,12,2023-06-30,2023-06-30,10,-0.010518595656378249,0.079103421753882616,0.10941715469788754,6866.488450042998,0.088368652561321787,0.14999999999999999,0.013255297884198268,0.6943553331239749,0.060885224616613914,130,1,False,-0.2845900990019683,0.31110069477036484,,False,True,M1
2022-06-30,VWO,12,2023-06-30,2023-06-30,10,0.14598284910614523,0.17096833688028762,0.13446462115628458,3237.4575428176399,0.14721707592598046,0.14999999999999999,0.022082561388897068,0.34934675872764626,0.049912233922291147,196,1,False,-0.26336319085789206,0.30752831363568622,0.81148324337313826,False,False,M1
2022-06-30,VXUS,12,2023-06-30,2023-06-30,10,0.042626485851840368,0.17104976351353238,0.18490295017804334,10000,0.17797635684578786,0.14999999999999999,0.026696453526868179,0.5,0.15398166051581808,125,1,False,,,,True,True,M1
2022-07-29,BND,12,2023-07-31,2023-07-31,10,0.12339257741094978,0.17223866494991427,0.19139223871175709,6866.488450042998,0.1857814905650538,0.14999999999999999,0.027867223584758068,0.29293479203765527,0.13964806709243521,172,1,False,-0.27346732740733176,0.32920177457684791,0.89471069468489317,False,False,M1
2022-07-29,DBC,12,2023-07-31,2023-07-31,10,0.14296877035652833,0.23277775174688609,0.059713945356905766,75.431200633546069,0.15293690981626645,0.14999999999999999,0.022940536472439967,0.53866239512433312,0.1165158862482123,186,1,False,-0.48284905408897427,0.52873012703385425,0.52414225464402786,False,False,M1
2022-07-29,GLD,12,2023-07-31,2023-07-31,10,-0.018219048276125749,0.43304999589153764,0.10889257360558072,75.431200633546069,0.21500752127103545,0.14999999999999999,0.032251128190655315,0.32735621759678529,0.04770360456278145,201,1,False,-0.20175959508308167,0.2662618514643923,0.87007152006127475,False,False,M1
2022-07-29,VDE,12,2023-07-31,2023-07-31,10,-0.047166255550594727,0.080098118535359975,0.060475652329463794,16.768329368110066,0.070543925127200799,0.14999999999999999,0.01058158876908012,0.51309925531744205,0.057967553717980819,202,1,False,-0.63557273665328795,0.65673591419144817,0.7369330791649028,False,False,M1
2022-07-29,VMBS,12,2023-07-31,2023-07-31,10,0.13310327308889702,0.18619693554933975,0.24560756722172727,1526.4179671752302,0.22937123519071412,0.14999999999999999,0.034405685278607115,0.27329000843731749,0.18535043463252657,140,1,False,-0.27068285159070254,0.33949422214791675,,False,True,M1
2022-07-29,VOO,12,2023-07-31,2023-07-31,10,-0.037503012772067468,0.077250171983945487,0.077861470058510837,6866.488450042998,0.077457390391330289,0.14999999999999999,0.011618608558699542,0.66101904127189326,0.062548752764088209,131,1,False,-0.28622678832746701,0.30946400544486613,,False,True,M1
2022-07-29,VWO,12,2023-07-31,2023-07-31,10,0.011446575603322851,0.16483528180434731,0.064314215433178348,3237.4575428176399,0.099938578903474434,0.14999999999999999,0.014990786835521165,0.35439699116158319,0.051686410280701651,197,1,False,-0.30308732569384472,0.33306889936488709,0.85786110426668716,False,False,M1
2022-07-29,VXUS,12,2023-07-31,2023-07-31,10,-0.033009344949585184,0.16945836175112516,0.17413935895887939,10000,0.17179886035500228,0.14999999999999999,0.025769829053250339,0.5,0.15577630256880462,126,1,False,,,,True,True,M1
2022-08-31,BND,12,2023-08-31,2023-08-31,10,0.089717535598054843,0.1747710825803046,0.1340060205971953,6866.488450042998,0.1462344759060849,0.20000000000000001,0.029246895181216981,0.29997391673184171,0.14125805666190494,173,1,False,-0.35221321825414281,0.41070700861657677,0.88764548289385714,False,False,M1
2022-08-31,DBC,12,2023-08-31,2023-08-31,10,0.14043258453905505,0.32001565058582859,0.05243746501608882,75.431200633546069,0.19571986139332997,0.20000000000000001,0.039143972278665999,0.53547861561344279,0.11546958137315243,187,1,False,-0.466628122171937,0.54491606672926896,0.38974955607000633,False,False,M1
2022-08-31,GLD,12,2023-08-31,2023-08-31,10,-0.035489720865182983,0.457765428604472,0.047392500762521265,75.431200633546069,0.18386107873524693,0.20000000000000001,0.036772215747049385,0.33254771139602224,0.049236601155543513,202,1,False,-0.22363419362081463,0.29717862511491339,0.85069462995053446,False,False,M1
2022-08-31,VDE,12,2023-08-31,2023-08-31,10,-0.031954940924395769,0.33185764970870246,0.088024450761634787,16.768329368110066,0.21283140772708065,0.20000000000000001,0.042566281545416133,0.51185383083350966,0.055456335957606309,203,1,False,-0.60356211494853396,0.68869467803936613,0.067210592884020454,False,False,M1
2022-08-31,VMBS,12,2023-08-31,2023-08-31,10,0.099664090424120722,0.19700732646964905,0.1964763509208465,1526.4179671752302,0.19663461553076644,0.20000000000000001,0.039326923106153294,0.29806383792411845,0.18685529846142537,141,1,False,-0.32368492549875694,0.40233877171106347,,False,True,M1
2022-08-31,VOO,12,2023-08-31,2023-08-31,10,-0.041172828646775406,0.081124636953510576,0.029792922347029724,6866.488450042998,0.062114772870410374,0.20000000000000001,0.012422954574082075,0.62966629443739397,0.065066998415718974,132,1,False,-0.36523226725714503,0.39007817640530923,,False,True,M1
2022-08-31,VWO,12,2023-08-31,2023-08-31,10,0.064810289339266358,0.17258680380040836,0.054373516398038599,3237.4575428176399,0.09694496492318222,0.20000000000000001,0.019388992984636446,0.36012405593831931,0.053809309288980936,198,1,False,-0.33953809978248511,0.37831608575175796,0.86412463026302311,False,False,M1
2022-08-31,VXUS,12,2023-08-31,2023-08-31,10,-0.026524070065749861,0.17212281984031436,0.12646157984508685,10000,0.14929219984270059,0.20000000000000001,0.02985843996854012,0.5,0.15841060825907671,127,1,False,,,,True,True,M1
