benchmark,target_horizon,date,before,after,data_only,delta,status,sign_flip,delta_data,delta_window
VTI,6,2001-11-30,0.209631211,0.2490400935,0.209631211,0.03940888253,changed,False,0,0.03940888253
VTI,6,2002-02-28,0.2163158166,0.2155688037,0.2163158166,-0.0007470129238,changed,False,0,-0.0007470129238
VTI,6,2002-11-29,0.2213454873,0.219928978,0.2213454873,-0.001416509316,changed,False,0,-0.001416509316
VTI,6,2003-02-28,0.1211807165,0.1282626797,0.1211807165,0.007081963262,changed,False,0,0.007081963262
VTI,6,2003-04-30,-0.1148560123,-0.1088000751,-0.1148560123,0.006055937253,changed,False,0,0.006055937253
VTI,6,2004-06-30,-0.08650517156,-0.09654900932,-0.08650517156,-0.01004383777,changed,False,0,-0.01004383777
VTI,6,2005-09-30,-0.08503955956,-0.08294789241,-0.08503955956,0.00209166715,changed,False,0,0.00209166715
VTI,6,2006-09-29,-0.1958346649,-0.1966653058,-0.1958346649,-0.0008306408494,changed,False,0,-0.0008306408494
VTI,6,2007-02-28,-0.03796612687,-0.06678110582,-0.03796612687,-0.02881497895,changed,False,0,-0.02881497895
VTI,6,2008-04-30,0.02786779366,0.06403299635,0.02786779366,0.0361652027,changed,False,0,0.0361652027
VTI,6,2008-11-28,0.04014153152,0.01251397789,0.04014153152,-0.02762755363,changed,False,0,-0.02762755363
VTI,6,2009-01-30,0.07385901041,0.05595831412,0.07385901041,-0.0179006963,changed,False,0,-0.0179006963
VTI,6,2009-02-27,0.0276970559,0.002987446363,0.0276970559,-0.02470960953,changed,False,0,-0.02470960953
VTI,6,2009-06-30,-0.05048413708,-0.03977621296,-0.05048413708,0.01070792412,changed,False,0,0.01070792412
VTI,6,2010-01-29,0.1544827079,0.1407961308,0.1544827079,-0.01368657713,changed,False,0,-0.01368657713
VTI,6,2010-02-26,0.1530432624,0.1848433266,0.1530432624,0.03180006418,changed,False,0,0.03180006418
VTI,6,2010-06-30,-0.1285054335,-0.1237068125,-0.1285054335,0.00479862102,changed,False,0,0.00479862102
VTI,6,2012-02-29,-0.1107114693,-0.120872304,-0.1107114693,-0.01016083467,changed,False,0,-0.01016083467
VTI,6,2012-11-30,0.04819927841,0.04433877727,0.04819927841,-0.003860501139,changed,False,0,-0.003860501139
VTI,6,2013-02-28,-0.08338579802,-0.07833799634,-0.08338579802,0.005047801681,changed,False,0,0.005047801681
VTI,6,2013-11-29,-0.1244764976,-0.1388081968,-0.1244764976,-0.01433169924,changed,False,0,-0.01433169924
VTI,6,2014-02-28,-0.0542906303,-0.05390681065,-0.0542906303,0.0003838196475,changed,False,0,0.0003838196475
VTI,6,2014-04-30,0.03077700022,0.02349440723,0.03077700022,-0.007282592982,changed,False,0,-0.007282592982
VTI,6,2014-11-28,-0.01700236534,-0.005362481346,-0.01700236534,0.01163988399,changed,False,0,0.01163988399
VTI,6,2015-01-30,0.1542252637,0.1413035785,0.1542252637,-0.01292168527,changed,False,0,-0.01292168527
VTI,6,2015-02-27,0.1781003282,0.1745364555,0.1781003282,-0.003563872617,changed,False,0,-0.003563872617
VTI,6,2015-06-30,0.1541990481,0.1557603199,0.1541990481,0.001561271742,changed,False,0,0.001561271742
VTI,6,2016-09-30,0.1864713426,0.1646295315,0.1864713426,-0.02184181106,changed,False,0,-0.02184181106
VTI,6,2018-02-28,0.09536800407,0.09598874128,0.09536800407,0.0006207372111,changed,False,0,0.0006207372111
VTI,6,2018-09-28,0.09873053683,0.07568676152,0.09873053683,-0.02304377531,changed,False,0,-0.02304377531
VTI,6,2018-11-30,0.2237606633,0.2368482001,0.2237606633,0.01308753681,changed,False,0,0.01308753681
VTI,6,2019-02-28,0.02268264043,0.005520021081,0.02268264043,-0.01716261935,changed,False,0,-0.01716261935
VTI,6,2020-06-30,-0.01357129068,-0.01830544797,-0.01357129068,-0.004734157287,changed,False,0,-0.004734157287
VTI,6,2021-01-29,-0.0913223879,-0.08238580887,-0.0913223879,0.00893657903,changed,False,0,0.00893657903
VTI,6,2021-02-26,-0.009856802067,-0.03402798311,-0.009856802067,-0.02417118104,changed,False,0,-0.02417118104
VTI,6,2021-06-30,-0.02162856581,-0.01428358421,-0.02162856581,0.0073449816,changed,False,0,0.0073449816
VTI,6,2022-09-30,0.1033617636,0.08572455972,0.1033617636,-0.01763720391,changed,False,0,-0.01763720391
VTI,6,2023-11-30,0.08139285577,0.1324372801,0.08139285577,0.05104442432,changed,False,0,0.05104442432
VTI,6,2024-02-29,0.1529643501,0.2071023774,0.1529643501,0.05413802733,changed,False,0,0.05413802733
VTI,6,2024-11-29,0.09482984146,0.1075213264,0.09482984146,0.01269148493,changed,False,0,0.01269148493
VTI,6,2025-02-28,-0.2088282076,-0.2165266861,-0.2088282076,-0.007698478519,changed,False,0,-0.007698478519
VTI,6,2025-04-30,-0.4128027172,-0.4685912035,-0.4128027172,-0.05578848623,changed,False,0,-0.05578848623
VTI,6,2025-10-31,-0.02066606205,-0.01429785667,-0.01429785667,0.006368205381,changed,False,0.006368205381,0
VTI,6,2025-11-28,-0.1653078307,-0.2248463045,-0.1653078307,-0.0595384738,changed,False,0,-0.0595384738
VTI,6,2026-01-30,-0.04259006725,-0.06419516581,-0.04259006725,-0.02160509856,changed,False,0,-0.02160509856
VTI,6,2026-02-27,-0.08968061797,-0.09598364326,-0.08968061797,-0.006303025286,changed,False,0,-0.006303025286
VOO,6,2012-02-29,-0.1224449345,-0.130758196,-0.1224449345,-0.008313261441,changed,False,0,-0.008313261441
VOO,6,2012-11-30,0.05197152762,0.04948936536,0.05197152762,-0.002482162258,changed,False,0,-0.002482162258
VOO,6,2013-02-28,-0.07678157861,-0.07271683519,-0.07678157861,0.004064743425,changed,False,0,0.004064743425
VOO,6,2013-04-30,-1.197677352,-0.07382875125,-0.07382875125,1.1238486,changed,False,1.1238486,0
VOO,6,2013-05-31,-1.140627035,-0.02245161077,-0.02245161077,1.118175424,changed,False,1.118175424,0
VOO,6,2013-06-28,-1.255900844,-0.09549566189,-0.09549566189,1.160405182,changed,False,1.160405182,0
VOO,6,2013-07-31,-1.199686946,-0.1348993043,-0.1348993043,1.064787642,changed,False,1.064787642,0
VOO,6,2013-08-30,-1.287302253,-0.1355238829,-0.1355238829,1.15177837,changed,False,1.15177837,0
VOO,6,2013-09-30,-1.303124034,-0.1949929194,-0.1949929194,1.108131114,changed,False,1.108131114,0
VOO,6,2013-11-29,-0.1285824075,-0.1438685236,-0.1285824075,-0.01528611602,changed,False,0,-0.01528611602
VOO,6,2014-02-28,-0.06764376662,-0.06641303062,-0.06764376662,0.001230736002,changed,False,0,0.001230736002
VOO,6,2014-04-30,0.02279273974,0.01681799116,0.02279273974,-0.005974748577,changed,False,0,-0.005974748577
VOO,6,2014-11-28,-0.01053941608,0.001135212632,-0.01053941608,0.01167462871,changed,True,0,0.01167462871
VOO,6,2015-01-30,0.1546807447,0.1417039841,0.1546807447,-0.01297676058,changed,False,0,-0.01297676058
VOO,6,2015-02-27,0.178003634,0.1726002857,0.178003634,-0.005403348362,changed,False,0,-0.005403348362
VOO,6,2015-06-30,0.1392482497,0.1404896332,0.1392482497,0.001241383423,changed,False,0,0.001241383423
VOO,6,2016-09-30,0.1849711255,0.1654192488,0.1849711255,-0.01955187661,changed,False,0,-0.01955187661
VOO,6,2018-02-28,0.1036528142,0.1041511257,0.1036528142,0.0004983114594,changed,False,0,0.0004983114594
VOO,6,2018-09-28,0.09271335678,0.0709689661,0.09271335678,-0.02174439068,changed,False,0,-0.02174439068
VOO,6,2018-11-30,0.2223319065,0.2347914226,0.2223319065,0.01245951609,changed,False,0,0.01245951609
VOO,6,2019-02-28,0.01232465809,-0.006347289522,0.01232465809,-0.01867194761,changed,True,0,-0.01867194761
VOO,6,2020-06-30,0.02452636106,0.01529164382,0.02452636106,-0.009234717235,changed,False,0,-0.009234717235
VOO,6,2021-01-29,-0.1081731829,-0.09959071154,-0.1081731829,0.008582471332,changed,False,0,0.008582471332
VOO,6,2021-02-26,-0.03644179081,-0.05537534097,-0.03644179081,-0.01893355016,changed,False,0,-0.01893355016
VOO,6,2021-06-30,-0.04751143488,-0.04289983102,-0.04751143488,0.004611603863,changed,False,0,0.004611603863
VOO,6,2022-09-30,0.09320273193,0.07742907042,0.09320273193,-0.01577366151,changed,False,0,-0.01577366151
VOO,6,2023-11-30,0.08035743695,0.1300882319,0.08035743695,0.04973079497,changed,False,0,0.04973079497
VOO,6,2024-02-29,0.1479418451,0.2022605086,0.1479418451,0.05431866347,changed,False,0,0.05431866347
VOO,6,2024-11-29,0.08343183015,0.09534806726,0.08343183015,0.01191623712,changed,False,0,0.01191623712
VOO,6,2025-02-28,-0.2085657649,-0.2159560122,-0.2085657649,-0.007390247267,changed,False,0,-0.007390247267
VOO,6,2025-04-30,-0.409993353,-0.4683511545,-0.409993353,-0.05835780153,changed,False,0,-0.05835780153
VOO,6,2025-11-28,-0.1655994974,-0.2238546374,-0.1655994974,-0.05825514001,changed,False,0,-0.05825514001
VOO,6,2026-01-30,-0.03890557577,-0.06230214137,-0.03890557577,-0.02339656559,changed,False,0,-0.02339656559
VOO,6,2026-02-27,-0.08832999405,-0.09692088162,-0.08832999405,-0.008590887578,changed,False,0,-0.008590887578
VGT,6,2004-06-30,-0.03269791619,-0.0424030835,-0.03269791619,-0.009705167307,changed,False,0,-0.009705167307
VGT,6,2005-09-30,-0.08118003792,-0.08807976058,-0.08118003792,-0.006899722662,changed,False,0,-0.006899722662
VGT,6,2006-09-29,-0.1741978691,-0.1724364452,-0.1741978691,0.001761423921,changed,False,0,0.001761423921
VGT,6,2007-02-28,-0.0799201648,-0.1274808846,-0.0799201648,-0.04756071985,changed,False,0,-0.04756071985
VGT,6,2008-04-30,0.02894020697,0.07110336129,0.02894020697,0.04216315433,changed,False,0,0.04216315433
VGT,6,2008-11-28,-0.1083184592,-0.1510109943,-0.1083184592,-0.04269253509,changed,False,0,-0.04269253509
VGT,6,2009-01-30,-0.1232691658,-0.1316772362,-0.1232691658,-0.008408070347,changed,False,0,-0.008408070347
VGT,6,2009-02-27,-0.05598633008,-0.08575451532,-0.05598633008,-0.02976818524,changed,False,0,-0.02976818524
VGT,6,2009-06-30,-0.1045756781,-0.09897734968,-0.1045756781,0.005598328383,changed,False,0,0.005598328383
VGT,6,2010-01-29,0.1279673756,0.1321579638,0.1279673756,0.0041905882,changed,False,0,0.0041905882
VGT,6,2010-02-26,0.1629806827,0.2038446311,0.1629806827,0.04086394835,changed,False,0,0.04086394835
VGT,6,2010-06-30,-0.1245424124,-0.1159726802,-0.1245424124,0.008569732149,changed,False,0,0.008569732149
VGT,6,2012-02-29,-0.1070488619,-0.1153783132,-0.1070488619,-0.0083294513,changed,False,0,-0.0083294513
VGT,6,2012-11-30,0.12898861,0.1054666455,0.12898861,-0.02352196445,changed,False,0,-0.02352196445
VGT,6,2013-02-28,-0.08227055997,-0.07609970581,-0.08227055997,0.006170854162,changed,False,0,0.006170854162
VGT,6,2013-11-29,-0.1462166125,-0.1627084963,-0.1462166125,-0.01649188386,changed,False,0,-0.01649188386
VGT,6,2014-02-28,-0.08939695561,-0.0845860194,-0.08939695561,0.004810936206,changed,False,0,0.004810936206
VGT,6,2014-04-30,-0.01590836429,-0.03299903634,-0.01590836429,-0.01709067205,changed,False,0,-0.01709067205
VGT,6,2014-11-28,-0.02118015936,-0.01419686146,-0.02118015936,0.006983297893,changed,False,0,0.006983297893
VGT,6,2015-01-30,0.1324149814,0.1287459501,0.1324149814,-0.00366903127,changed,False,0,-0.00366903127
VGT,6,2015-02-27,0.2043234947,0.1827944613,0.2043234947,-0.02152903343,changed,False,0,-0.02152903343
VGT,6,2015-06-30,0.1089007324,0.1113662008,0.1089007324,0.002465468383,changed,False,0,0.002465468383
VGT,6,2016-09-30,0.1556406867,0.1322928147,0.1556406867,-0.02334787193,changed,False,0,-0.02334787193
VGT,6,2018-02-28,0.03987817613,0.02231819151,0.03987817613,-0.01755998462,changed,False,0,-0.01755998462
VGT,6,2018-09-28,0.0761191733,0.05644335804,0.0761191733,-0.01967581525,changed,False,0,-0.01967581525
VGT,6,2018-11-30,0.1645611945,0.1716976795,0.1645611945,0.00713648493,changed,False,0,0.00713648493
VGT,6,2019-02-28,-0.04181623436,-0.0629108476,-0.04181623436,-0.02109461324,changed,False,0,-0.02109461324
VGT,6,2020-06-30,-0.04287805546,-0.03891601453,-0.04287805546,0.003962040932,changed,False,0,0.003962040932
VGT,6,2021-01-29,-0.0957258886,-0.08358703789,-0.0957258886,0.01213885071,changed,False,0,0.01213885071
VGT,6,2021-02-26,-0.03399413561,-0.0597205642,-0.03399413561,-0.02572642859,changed,False,0,-0.02572642859
VGT,6,2021-06-30,-0.1027178328,-0.09230765408,-0.1027178328,0.01041017875,changed,False,0,0.01041017875
VGT,6,2022-09-30,-0.005282035342,-0.02690363698,-0.005282035342,-0.02162160164,changed,False,0,-0.02162160164
VGT,6,2023-11-30,0.06166691429,0.129509257,0.06166691429,0.06784234272,changed,False,0,0.06784234272
VGT,6,2024-02-29,0.1279066234,0.1970152067,0.1279066234,0.06910858329,changed,False,0,0.06910858329
VGT,6,2024-11-29,0.09307869765,0.1038468782,0.09307869765,0.01076818057,changed,False,0,0.01076818057
VGT,6,2025-02-28,-0.2783073598,-0.29071067,-0.2783073598,-0.01240331021,changed,False,0,-0.01240331021
VGT,6,2025-04-30,-0.5922594606,-0.6766640703,-0.5922594606,-0.0844046097,changed,False,0,-0.0844046097
VGT,6,2025-09-30,-0.05440447602,-0.05441373304,-0.05441373304,-9.257026661e-06,changed,False,-9.257026661e-06,0
VGT,6,2025-10-31,0.9066661741,-0.01443039901,-0.01443039901,-0.9210965731,changed,True,-0.9210965731,0
VGT,6,2025-11-28,0.7742096496,-0.4041679479,-0.3051844673,-1.178377597,changed,True,-1.079394117,-0.09898348068
VGT,6,2025-12-31,0.9030110068,-0.1369956038,-0.1369956038,-1.040006611,changed,True,-1.040006611,0
VGT,6,2026-01-30,0.8769103005,-0.1946036412,-0.1846173106,-1.071513942,changed,True,-1.061527611,-0.009986330555
VGT,6,2026-02-27,0.8637030229,-0.2993730654,-0.2781926532,-1.163076088,changed,True,-1.141895676,-0.02118041226
VHT,6,2004-06-30,-0.00580007209,-0.02406029088,-0.00580007209,-0.01826021879,changed,False,0,-0.01826021879
VHT,6,2005-09-30,-0.06461740873,-0.04442353569,-0.06461740873,0.02019387304,changed,False,0,0.02019387304
VHT,6,2006-09-29,-0.1359482359,-0.1422376558,-0.1359482359,-0.006289419946,changed,False,0,-0.006289419946
VHT,6,2007-02-28,-0.03050236513,-0.06166143849,-0.03050236513,-0.03115907336,changed,False,0,-0.03115907336
VHT,6,2008-04-30,-0.1482856071,-0.08799397265,-0.1482856071,0.06029163442,changed,False,0,0.06029163442
VHT,6,2008-11-28,0.03216670973,0.01621406102,0.03216670973,-0.01595264871,changed,False,0,-0.01595264871
VHT,6,2009-01-30,0.1951689423,0.1853098696,0.1951689423,-0.009859072737,changed,False,0,-0.009859072737
VHT,6,2009-02-27,0.1793651618,0.1638458615,0.1793651618,-0.01551930025,changed,False,0,-0.01551930025
VHT,6,2009-06-30,-0.006989765226,0.002023628071,-0.006989765226,0.009013393297,changed,True,0,0.009013393297
VHT,6,2010-01-29,0.2699129187,0.2523656642,0.2699129187,-0.01754725454,changed,False,0,-0.01754725454
VHT,6,2010-02-26,0.2046646165,0.2362043598,0.2046646165,0.03153974335,changed,False,0,0.03153974335
VHT,6,2010-06-30,-0.05287695957,-0.03797094013,-0.05287695957,0.01490601944,changed,False,0,0.01490601944
VHT,6,2012-02-29,-0.1591299871,-0.1746391843,-0.1591299871,-0.01550919718,changed,False,0,-0.01550919718
VHT,6,2012-11-30,-0.002405973542,0.003144421712,-0.002405973542,0.005550395254,changed,True,0,0.005550395254
VHT,6,2013-02-28,-0.1367577515,-0.1383555337,-0.1367577515,-0.001597782283,changed,False,0,-0.001597782283
VHT,6,2013-11-29,-0.1334888614,-0.1496581182,-0.1334888614,-0.01616925678,changed,False,0,-0.01616925678
VHT,6,2014-02-28,-0.04411523818,-0.05222891969,-0.04411523818,-0.008113681508,changed,False,0,-0.008113681508
VHT,6,2014-04-30,-0.0642493819,-0.07843837711,-0.0642493819,-0.01418899521,changed,False,0,-0.01418899521
VHT,6,2014-11-28,-0.07581081741,-0.0751310227,-0.07581081741,0.0006797947127,changed,False,0,0.0006797947127
VHT,6,2015-01-30,0.1022786534,0.07901880498,0.1022786534,-0.02325984843,changed,False,0,-0.02325984843
VHT,6,2015-02-27,0.1203858327,0.1176261376,0.1203858327,-0.002759695173,changed,False,0,-0.002759695173
VHT,6,2015-06-30,0.1797343389,0.1785705811,0.1797343389,-0.001163757796,changed,False,0,-0.001163757796
VHT,6,2016-09-30,0.2360269508,0.2213814595,0.2360269508,-0.01464549131,changed,False,0,-0.01464549131
VHT,6,2018-02-28,0.05991216454,0.05581819284,0.05991216454,-0.004093971708,changed,False,0,-0.004093971708
VHT,6,2018-09-28,0.10927383,0.08788043391,0.10927383,-0.02139339611,changed,False,0,-0.02139339611
VHT,6,2018-11-30,0.3027058867,0.3133576508,0.3027058867,0.01065176418,changed,False,0,0.01065176418
VHT,6,2019-02-28,0.0734738414,0.06380092832,0.0734738414,-0.009672913081,changed,False,0,-0.009672913081
VHT,6,2020-06-30,0.07504269351,0.07396761704,0.07504269351,-0.001075076462,changed,False,0,-0.001075076462
VHT,6,2021-01-29,-0.03297121119,-0.03228858871,-0.03297121119,0.0006826224783,changed,False,0,0.0006826224783
VHT,6,2021-02-26,-0.03263649826,-0.03177829734,-0.03263649826,0.0008582009207,changed,False,0,0.0008582009207
VHT,6,2021-06-30,-0.01568403752,-0.007501431385,-0.01568403752,0.008182606131,changed,False,0,0.008182606131
VHT,6,2022-09-30,0.1574016308,0.1594497019,0.1574016308,0.002048071038,changed,False,0,0.002048071038
VHT,6,2023-11-30,0.1386544691,0.1877845854,0.1386544691,0.0491301163,changed,False,0,0.0491301163
VHT,6,2024-02-29,0.1998792797,0.2471232919,0.1998792797,0.0472440122,changed,False,0,0.0472440122
VHT,6,2024-11-29,0.1672463042,0.1790975399,0.1672463042,0.01185123566,changed,False,0,0.01185123566
VHT,6,2025-02-28,-0.06605804922,-0.06857355596,-0.06605804922,-0.00251550674,changed,False,0,-0.00251550674
VHT,6,2025-04-30,-0.2656946673,-0.3060276054,-0.2656946673,-0.04033293814,changed,False,0,-0.04033293814
VHT,6,2025-09-30,-0.1886185132,-0.1886071887,-0.1886071887,1.132445484e-05,changed,False,1.132445484e-05,0
VHT,6,2025-10-31,0.03056781255,0.03057859849,0.03057859849,1.078593445e-05,changed,False,1.078593445e-05,0
VHT,6,2025-11-28,-0.02880036945,-0.07234827605,-0.02879012379,-0.04354790659,changed,False,1.024566837e-05,-0.04355815226
VHT,6,2025-12-31,0.01082850169,0.01083964161,0.01083964161,1.113991781e-05,changed,False,1.113991781e-05,0
VHT,6,2026-01-30,-0.03730524604,-0.04797792577,-0.03729383738,-0.01067267973,changed,False,1.140866045e-05,-0.01068408839
VHT,6,2026-02-27,-0.08621035522,-0.06630309211,-0.08619844157,0.01990726311,changed,False,1.19136491e-05,0.01989534946
VFH,6,2004-06-30,-0.1083216892,-0.1183581075,-0.1083216892,-0.01003641825,changed,False,0,-0.01003641825
VFH,6,2005-09-30,-0.1337967461,-0.1255522973,-0.1337967461,0.008244448789,changed,False,0,0.008244448789
VFH,6,2006-09-29,-0.1603411659,-0.1529715655,-0.1603411659,0.007369600338,changed,False,0,0.007369600338
VFH,6,2007-02-28,0.05333674883,0.03470608424,0.05333674883,-0.01863066459,changed,False,0,-0.01863066459
VFH,6,2008-04-30,0.09308282657,0.131647272,0.09308282657,0.03856444539,changed,False,0,0.03856444539
VFH,6,2008-11-28,0.1350091831,0.1036075977,0.1350091831,-0.03140158548,changed,False,0,-0.03140158548
VFH,6,2009-01-30,0.00503521584,-0.05508553854,0.00503521584,-0.06012075438,changed,True,0,-0.06012075438
VFH,6,2009-02-27,-0.3327394398,-0.3727234413,-0.3327394398,-0.03998400153,changed,False,0,-0.03998400153
VFH,6,2009-06-30,-0.04610969191,-0.03730685743,-0.04610969191,0.00880283448,changed,False,0,0.00880283448
VFH,6,2010-01-29,0.1580759255,0.1312909528,0.1580759255,-0.02678497276,changed,False,0,-0.02678497276
VFH,6,2010-02-26,0.1765671093,0.2071892988,0.1765671093,0.03062218952,changed,False,0,0.03062218952
VFH,6,2010-06-30,-0.04118863804,-0.04077176334,-0.04118863804,0.0004168746956,changed,False,0,0.0004168746956
VFH,6,2012-02-29,-0.1197103111,-0.1340296594,-0.1197103111,-0.01431934831,changed,False,0,-0.01431934831
VFH,6,2012-11-30,-0.01882667242,-0.02671839849,-0.01882667242,-0.00789172607,changed,False,0,-0.00789172607
VFH,6,2013-02-28,-0.08812482634,-0.07156145825,-0.08812482634,0.01656336809,changed,False,0,0.01656336809
VFH,6,2013-11-29,-0.09669430887,-0.1110244345,-0.09669430887,-0.01433012561,changed,False,0,-0.01433012561
VFH,6,2014-02-28,-0.04940168622,-0.04997015532,-0.04940168622,-0.0005684691023,changed,False,0,-0.0005684691023
VFH,6,2014-04-30,0.02921425226,0.01699418373,0.02921425226,-0.01222006852,changed,False,0,-0.01222006852
VFH,6,2014-11-28,-0.005626935115,0.006067397004,-0.005626935115,0.01169433212,changed,True,0,0.01169433212
VFH,6,2015-01-30,0.1151074874,0.1116050281,0.1151074874,-0.003502459292,changed,False,0,-0.003502459292
VFH,6,2015-02-27,0.1359376279,0.1478799738,0.1359376279,0.01194234593,changed,False,0,0.01194234593
VFH,6,2015-06-30,0.1528970687,0.153239821,0.1528970687,0.0003427523418,changed,False,0,0.0003427523418
VFH,6,2016-09-30,0.05863505362,0.03263846309,0.05863505362,-0.02599659054,changed,False,0,-0.02599659054
VFH,6,2018-02-28,0.169668435,0.1780208341,0.169668435,0.008352399038,changed,False,0,0.008352399038
VFH,6,2018-09-28,0.1390737492,0.1122167243,0.1390737492,-0.02685702492,changed,False,0,-0.02685702492
VFH,6,2018-11-30,0.2481341895,0.2656572478,0.2481341895,0.01752305831,changed,False,0,0.01752305831
VFH,6,2019-02-28,0.05379207822,0.03452376467,0.05379207822,-0.01926831355,changed,False,0,-0.01926831355
VFH,6,2020-06-30,-0.04338428549,-0.05740703668,-0.04338428549,-0.01402275119,changed,False,0,-0.01402275119
VFH,6,2021-01-29,-0.1664956829,-0.1744897304,-0.1664956829,-0.007994047463,changed,False,0,-0.007994047463
VFH,6,2021-02-26,-0.03059006195,-0.07228433162,-0.03059006195,-0.04169426967,changed,False,0,-0.04169426967
VFH,6,2021-06-30,-8.466872275e-05,0.009416136264,-8.466872275e-05,0.009500804987,changed,True,0,0.009500804987
VFH,6,2022-09-30,0.1902499416,0.1729022294,0.1902499416,-0.01734771218,changed,False,0,-0.01734771218
VFH,6,2023-11-30,0.05951106452,0.1055766127,0.05951106452,0.04606554815,changed,False,0,0.04606554815
VFH,6,2024-02-29,0.1452333664,0.1732620216,0.1452333664,0.02802865523,changed,False,0,0.02802865523
VFH,6,2024-11-29,0.08556503027,0.0976246151,0.08556503027,0.01205958482,changed,False,0,0.01205958482
VFH,6,2025-02-28,-0.1641615773,-0.178266768,-0.1641615773,-0.01410519074,changed,False,0,-0.01410519074
VFH,6,2025-04-30,-0.3039620187,-0.3368726043,-0.3039620187,-0.03291058556,changed,False,0,-0.03291058556
VFH,6,2025-09-30,-0.02743750339,-0.02745940897,-0.02745940897,-2.190557563e-05,changed,False,-2.190557563e-05,0
VFH,6,2025-10-31,0.02468769964,0.03707582464,0.03707582464,0.012388125,changed,False,0.012388125,0
VFH,6,2025-11-28,-0.05938262097,-0.09629317059,-0.05940674876,-0.03691054962,changed,False,-2.412778337e-05,-0.03688642184
VFH,6,2025-12-31,0.07984804955,0.07982431395,0.07982431395,-2.373559811e-05,changed,False,-2.373559811e-05,0
VFH,6,2026-01-30,-0.02762896544,-0.05013046982,-0.02765476384,-0.02250150438,changed,False,-2.579839378e-05,-0.02247570599
VFH,6,2026-02-27,-0.09743921533,-0.1106903056,-0.09746667675,-0.01325109022,changed,False,-2.746141567e-05,-0.0132236288
VIS,6,2005-09-30,-0.1546816397,-0.1593328432,-0.1546816397,-0.004651203529,changed,False,0,-0.004651203529
VIS,6,2006-09-29,-0.2153795787,-0.2045988425,-0.2153795787,0.01078073626,changed,False,0,0.01078073626
VIS,6,2007-02-28,-0.09423582812,-0.1271406167,-0.09423582812,-0.03290478854,changed,False,0,-0.03290478854
VIS,6,2008-04-30,0.08019943328,0.1112058548,0.08019943328,0.03100642155,changed,False,0,0.03100642155
VIS,6,2008-11-28,0.09850375161,0.07593139176,0.09850375161,-0.02257235984,changed,False,0,-0.02257235984
VIS,6,2009-01-30,0.1235114549,0.09105352648,0.1235114549,-0.03245792842,changed,False,0,-0.03245792842
VIS,6,2009-02-27,-0.05269786393,-0.07255216693,-0.05269786393,-0.019854303,changed,False,0,-0.019854303
VIS,6,2009-06-30,-0.1004065381,-0.08055422923,-0.1004065381,0.01985230883,changed,False,0,0.01985230883
VIS,6,2010-01-29,0.09685714853,0.07664501517,0.09685714853,-0.02021213336,changed,False,0,-0.02021213336
VIS,6,2010-02-26,0.1252361648,0.1645039328,0.1252361648,0.03926776796,changed,False,0,0.03926776796
VIS,6,2010-06-30,-0.1638941459,-0.1593371627,-0.1638941459,0.0045569832,changed,False,0,0.0045569832
VIS,6,2012-02-29,-0.06736220963,-0.07086512706,-0.06736220963,-0.003502917435,changed,False,0,-0.003502917435
VIS,6,2012-11-30,0.02595379265,0.01461592554,0.02595379265,-0.01133786711,changed,False,0,-0.01133786711
VIS,6,2013-02-28,-0.08731306951,-0.0753028429,-0.08731306951,0.0120102266,changed,False,0,0.0120102266
VIS,6,2013-11-29,-0.1307807732,-0.1434523042,-0.1307807732,-0.01267153101,changed,False,0,-0.01267153101
VIS,6,2014-02-28,-0.03049284483,-0.01899915432,-0.03049284483,0.01149369051,changed,False,0,0.01149369051
VIS,6,2014-04-30,0.07022803448,0.0620992806,0.07022803448,-0.008128753884,changed,False,0,-0.008128753884
VIS,6,2014-11-28,0.005229595155,0.02568969797,0.005229595155,0.02046010282,changed,False,0,0.02046010282
VIS,6,2015-01-30,0.2123641304,0.1868395296,0.2123641304,-0.02552460075,changed,False,0,-0.02552460075
VIS,6,2015-02-27,0.2132097839,0.2107142574,0.2132097839,-0.002495526487,changed,False,0,-0.002495526487
VIS,6,2015-06-30,0.1560500966,0.1565441842,0.1560500966,0.0004940875494,changed,False,0,0.0004940875494
VIS,6,2016-09-30,0.164722643,0.1399419751,0.164722643,-0.02478066796,changed,False,0,-0.02478066796
VIS,6,2018-02-28,0.1472209574,0.1528462035,0.1472209574,0.005625246132,changed,False,0,0.005625246132
VIS,6,2018-09-28,0.1339325635,0.09697701554,0.1339325635,-0.03695554801,changed,False,0,-0.03695554801
VIS,6,2018-11-30,0.2293470896,0.2386039201,0.2293470896,0.009256830546,changed,False,0,0.009256830546
VIS,6,2019-02-28,0.06959860987,0.04430362777,0.06959860987,-0.0252949821,changed,False,0,-0.0252949821
VIS,6,2020-06-30,-0.09940388386,-0.09674043338,-0.09940388386,0.00266345048,changed,False,0,0.00266345048
VIS,6,2021-01-29,-0.1131188548,-0.1087863028,-0.1131188548,0.004332552054,changed,False,0,0.004332552054
VIS,6,2021-02-26,0.02419583089,-0.005367273432,0.02419583089,-0.02956310432,changed,True,0,-0.02956310432
VIS,6,2021-06-30,0.04113242722,0.0398764414,0.04113242722,-0.001255985821,changed,False,0,-0.001255985821
VIS,6,2022-09-30,0.0427919235,0.01434758571,0.0427919235,-0.02844433779,changed,False,0,-0.02844433779
VIS,6,2023-11-30,0.06012862593,0.1139151464,0.06012862593,0.05378652047,changed,False,0,0.05378652047
VIS,6,2024-02-29,0.1791284719,0.2220962288,0.1791284719,0.04296775689,changed,False,0,0.04296775689
VIS,6,2024-11-29,0.09492671248,0.1111626788,0.09492671248,0.01623596629,changed,False,0,0.01623596629
VIS,6,2025-02-28,-0.2533449424,-0.2521007744,-0.2533449424,0.001244167961,changed,False,0,0.001244167961
VIS,6,2025-04-30,-0.4089406635,-0.4584359367,-0.4089406635,-0.04949527318,changed,False,0,-0.04949527318
VIS,6,2025-09-30,-0.1851751754,-0.1852211858,-0.1852211858,-4.601038372e-05,changed,False,-4.601038372e-05,0
VIS,6,2025-10-31,-0.09955164878,-0.08618213008,-0.08618213008,0.0133695187,changed,False,0.0133695187,0
VIS,6,2025-11-28,-0.2092720741,-0.2671171324,-0.2093217114,-0.05784505836,changed,False,-4.963732118e-05,-0.05779542103
VIS,6,2025-12-31,-0.1126202154,-0.11267101,-0.11267101,-5.079451881e-05,changed,False,-5.079451881e-05,0
VIS,6,2026-01-30,-0.06769469567,-0.06139574883,-0.06774252543,0.006298946837,changed,False,-4.782975757e-05,0.006346776595
VIS,6,2026-02-27,0.01287496816,0.02892543317,0.01283072901,0.016050465,changed,False,-4.423915897e-05,0.01609470416
VDE,6,2005-09-30,-0.01596795818,-0.02774855301,-0.01596795818,-0.01178059483,changed,False,0,-0.01178059483
VDE,6,2006-09-29,-0.2384810518,-0.2539347095,-0.2384810518,-0.01545365769,changed,False,0,-0.01545365769
VDE,6,2007-02-28,-0.1905537469,-0.2321708785,-0.1905537469,-0.04161713159,changed,False,0,-0.04161713159
VDE,6,2008-04-30,0.1150472853,0.1454248284,0.1150472853,0.03037754315,changed,False,0,0.03037754315
VDE,6,2008-11-28,0.07416625458,0.01790403331,0.07416625458,-0.05626222127,changed,False,0,-0.05626222127
VDE,6,2009-01-30,0.1555656443,0.164719781,0.1555656443,0.009154136649,changed,False,0,0.009154136649
VDE,6,2009-02-27,0.1384193664,0.1218229368,0.1384193664,-0.01659642953,changed,False,0,-0.01659642953
VDE,6,2009-06-30,-0.03387789785,-0.01963062922,-0.03387789785,0.01424726863,changed,False,0,0.01424726863
VDE,6,2010-01-29,0.2145972591,0.1984694849,0.2145972591,-0.0161277742,changed,False,0,-0.0161277742
VDE,6,2010-02-26,0.2011526272,0.2247002335,0.2011526272,0.02354760633,changed,False,0,0.02354760633
VDE,6,2010-06-30,-0.2398784754,-0.2460846355,-0.2398784754,-0.00620616014,changed,False,0,-0.00620616014
VDE,6,2012-02-29,-0.01540564802,-0.01840166995,-0.01540564802,-0.002996021928,changed,False,0,-0.002996021928
VDE,6,2012-11-30,0.07712350342,0.07790883905,0.07712350342,0.0007853356214,changed,False,0,0.0007853356214
VDE,6,2013-02-28,-0.02135473499,-0.03537312424,-0.02135473499,-0.01401838924,changed,False,0,-0.01401838924
VDE,6,2013-11-29,-0.1658948863,-0.1808845593,-0.1658948863,-0.01498967301,changed,False,0,-0.01498967301
VDE,6,2014-02-28,-0.1010073453,-0.1138050777,-0.1010073453,-0.01279773237,changed,False,0,-0.01279773237
VDE,6,2014-04-30,0.1667031727,0.170442317,0.1667031727,0.003739144325,changed,False,0,0.003739144325
VDE,6,2014-11-28,0.0137225028,0.03778897823,0.0137225028,0.02406647542,changed,False,0,0.02406647542
VDE,6,2015-01-30,0.2842134925,0.2853245374,0.2842134925,0.00111104484,changed,False,0,0.00111104484
VDE,6,2015-02-27,0.3235563651,0.2964155689,0.3235563651,-0.02714079614,changed,False,0,-0.02714079614
VDE,6,2015-06-30,0.3196162329,0.3322439258,0.3196162329,0.01262769286,changed,False,0,0.01262769286
VDE,6,2016-09-30,0.3023234029,0.2645001619,0.3023234029,-0.037823241,changed,False,0,-0.037823241
VDE,6,2018-02-28,0.04923048914,0.06195077573,0.04923048914,0.01272028659,changed,False,0,0.01272028659
VDE,6,2018-09-28,0.2093029971,0.1902362551,0.2093029971,-0.01906674209,changed,False,0,-0.01906674209
VDE,6,2018-11-30,0.3250937743,0.352427353,0.3250937743,0.02733357866,changed,False,0,0.02733357866
VDE,6,2019-02-28,0.2007733548,0.1854319356,0.2007733548,-0.01534141921,changed,False,0,-0.01534141921
VDE,6,2020-06-30,0.1650178848,0.1786800654,0.1650178848,0.01366218054,changed,False,0,0.01366218054
VDE,6,2021-01-29,-0.1884623945,-0.2033622979,-0.1884623945,-0.01489990335,changed,False,0,-0.01489990335
VDE,6,2021-02-26,0.1585711383,0.0781476295,0.1585711383,-0.08042350878,changed,False,0,-0.08042350878
VDE,6,2021-06-30,0.05116395064,0.05691940278,0.05116395064,0.005755452143,changed,False,0,0.005755452143
VDE,6,2022-09-30,0.1290554641,0.08456157663,0.1290554641,-0.04449388742,changed,False,0,-0.04449388742
VDE,6,2023-11-30,0.1610346524,0.1829880871,0.1610346524,0.02195343465,changed,False,0,0.02195343465
VDE,6,2024-02-29,0.1923864452,0.2407069101,0.1923864452,0.04832046493,changed,False,0,0.04832046493
VDE,6,2024-11-29,0.1846758733,0.2167190781,0.1846758733,0.03204320483,changed,False,0,0.03204320483
VDE,6,2025-02-28,-0.1079297104,-0.1404914286,-0.1079297104,-0.03256171821,changed,False,0,-0.03256171821
VDE,6,2025-04-30,-0.2765052126,-0.3254071815,-0.2765052126,-0.04890196886,changed,False,0,-0.04890196886
VDE,6,2025-09-30,-0.5141322889,-0.51433309,-0.51433309,-0.0002008011455,changed,False,-0.0002008011455,0
VDE,6,2025-10-31,-0.2780605338,-0.278251582,-0.278251582,-0.0001910482269,changed,False,-0.0001910482269,0
VDE,6,2025-11-28,-0.4056535993,-0.3774059117,-0.4058472238,0.02824768769,changed,False,-0.000193624479,0.02844131217
VDE,6,2025-12-31,-0.1766412299,-0.1768194931,-0.1768194931,-0.0001782632761,changed,False,-0.0001782632761,0
VDE,6,2026-01-30,-0.1480007398,-0.1579453417,-0.1481715042,-0.009944601947,changed,False,-0.0001707643983,-0.009773837549
VDE,6,2026-02-27,-0.119124911,-0.1030138555,-0.1192912339,0.01611105558,changed,False,-0.0001663228364,0.01627737842
VPU,6,2004-06-30,-0.1901172043,-0.196281899,-0.1901172043,-0.006164694712,changed,False,0,-0.006164694712
VPU,6,2005-09-30,0.03893740982,0.05833040156,0.03893740982,0.01939299174,changed,False,0,0.01939299174
VPU,6,2006-09-29,-0.2857092551,-0.3046999127,-0.2857092551,-0.0189906576,changed,False,0,-0.0189906576
VPU,6,2007-02-28,-0.04900756272,-0.06684106749,-0.04900756272,-0.01783350477,changed,False,0,-0.01783350477
VPU,6,2008-04-30,-0.03099956906,0.02483547385,-0.03099956906,0.05583504291,changed,True,0,0.05583504291
VPU,6,2008-11-28,0.1825603194,0.159265416,0.1825603194,-0.02329490338,changed,False,0,-0.02329490338
VPU,6,2009-01-30,0.2407341642,0.2494141913,0.2407341642,0.008680027054,changed,False,0,0.008680027054
VPU,6,2009-02-27,0.2413525465,0.2308795318,0.2413525465,-0.01047301474,changed,False,0,-0.01047301474
VPU,6,2009-06-30,0.03240904882,0.04614824293,0.03240904882,0.01373919411,changed,False,0,0.01373919411
VPU,6,2010-01-29,0.1409129793,0.1326041494,0.1409129793,-0.008308829911,changed,False,0,-0.008308829911
VPU,6,2010-02-26,0.07138851462,0.07684301933,0.07138851462,0.005454504715,changed,False,0,0.005454504715
VPU,6,2010-06-30,-0.05963680501,-0.05051801689,-0.05963680501,0.009118788118,changed,False,0,0.009118788118
VPU,6,2012-02-29,-0.1384978195,-0.1419096189,-0.1384978195,-0.003411799368,changed,False,0,-0.003411799368
VPU,6,2012-11-30,0.0977564729,0.1119764855,0.0977564729,0.01422001259,changed,False,0,0.01422001259
VPU,6,2013-02-28,-0.00801257555,-0.01237022102,-0.00801257555,-0.00435764547,changed,False,0,-0.00435764547
VPU,6,2013-11-29,-0.1818868183,-0.2094806525,-0.1818868183,-0.02759383416,changed,False,0,-0.02759383416
VPU,6,2014-02-28,-0.05450922838,-0.06563113354,-0.05450922838,-0.01112190516,changed,False,0,-0.01112190516
VPU,6,2014-04-30,0.03910286037,0.03707878249,0.03910286037,-0.002024077877,changed,False,0,-0.002024077877
VPU,6,2014-11-28,0.04202549623,0.04550936327,0.04202549623,0.00348386704,changed,False,0,0.00348386704
VPU,6,2015-01-30,0.318283831,0.2835382055,0.318283831,-0.03474562553,changed,False,0,-0.03474562553
VPU,6,2015-02-27,0.1255802173,0.1673380297,0.1255802173,0.04175781243,changed,False,0,0.04175781243
VPU,6,2015-06-30,0.06959709533,0.06759063696,0.06959709533,-0.002006458364,changed,False,0,-0.002006458364
VPU,6,2016-09-30,0.1956486792,0.1949896284,0.1956486792,-0.0006590507654,changed,False,0,-0.0006590507654
VPU,6,2018-02-28,0.06321177866,0.07990689441,0.06321177866,0.01669511575,changed,False,0,0.01669511575
VPU,6,2018-09-28,-0.05747111108,-0.06290314864,-0.05747111108,-0.005432037562,changed,False,0,-0.005432037562
VPU,6,2018-11-30,0.1682261306,0.1815893734,0.1682261306,0.01336324278,changed,False,0,0.01336324278
VPU,6,2019-02-28,-0.04494797916,-0.05681383026,-0.04494797916,-0.0118658511,changed,False,0,-0.0118658511
VPU,6,2020-06-30,0.1381471005,0.1178846773,0.1381471005,-0.02026242314,changed,False,0,-0.02026242314
VPU,6,2021-01-29,0.01555956424,0.01669251773,0.01555956424,0.001132953487,changed,False,0,0.001132953487
VPU,6,2021-02-26,-0.06542627125,-0.04358855379,-0.06542627125,0.02183771746,changed,False,0,0.02183771746
VPU,6,2021-06-30,-0.03845306312,-0.05281521444,-0.03845306312,-0.01436215132,changed,False,0,-0.01436215132
VPU,6,2022-09-30,0.1883139577,0.1797074697,0.1883139577,-0.008606488072,changed,False,0,-0.008606488072
VPU,6,2023-11-30,0.08467920561,0.1097977185,0.08467920561,0.02511851289,changed,False,0,0.02511851289
VPU,6,2024-02-29,0.02186322903,0.06563797574,0.02186322903,0.04377474672,changed,False,0,0.04377474672
VPU,6,2024-11-29,0.05968715807,0.07808951971,0.05968715807,0.01840236164,changed,False,0,0.01840236164
VPU,6,2025-02-28,-0.2167288528,-0.2038921617,-0.2167288528,0.01283669107,changed,False,0,0.01283669107
VPU,6,2025-04-30,-0.3584714571,-0.3776766055,-0.3584714571,-0.01920514834,changed,False,0,-0.01920514834
VPU,6,2025-09-30,-0.1910358055,-0.1911124401,-0.1911124401,-7.663457384e-05,changed,False,-7.663457384e-05,0
VPU,6,2025-10-31,-0.02520448936,-0.01136284037,-0.01136284037,0.01384164899,changed,False,0.01384164899,0
VPU,6,2025-11-28,-0.08562527894,-0.1084255516,-0.08569856179,-0.02280027265,changed,False,-7.328284864e-05,-0.0227269898
VPU,6,2025-12-31,-0.03174618847,-0.03182447923,-0.03182447923,-7.829075106e-05,changed,False,-7.829075106e-05,0
VPU,6,2026-01-30,-0.03941017631,-0.006957338631,-0.03948735685,0.03245283768,changed,False,-7.718053502e-05,0.03253001821
VPU,6,2026-02-27,0.1221693801,0.1204272496,0.1221040015,-0.001742130514,changed,False,-6.537862797e-05,-0.001676751886
KIE,6,2006-09-29,-0.1707457455,-0.1696440494,-0.1707457455,0.001101696055,changed,False,0,0.001101696055
KIE,6,2007-02-28,0.007596350643,-0.003276388784,0.007596350643,-0.01087273943,changed,True,0,-0.01087273943
KIE,6,2008-04-30,0.1320072557,0.2182804577,0.1320072557,0.08627320206,changed,False,0,0.08627320206
KIE,6,2008-11-28,-0.02414806289,-0.0589781239,-0.02414806289,-0.03483006101,changed,False,0,-0.03483006101
KIE,6,2009-01-30,-0.08232060805,-0.1366562057,-0.08232060805,-0.05433559761,changed,False,0,-0.05433559761
KIE,6,2009-02-27,-0.5148336354,-0.60477171,-0.5148336354,-0.08993807464,changed,False,0,-0.08993807464
KIE,6,2009-06-30,-0.1579262641,-0.138298974,-0.1579262641,0.01962729008,changed,False,0,0.01962729008
KIE,6,2010-01-29,0.1114180686,0.09184730295,0.1114180686,-0.01957076565,changed,False,0,-0.01957076565
KIE,6,2010-02-26,0.1511695219,0.1621902558,0.1511695219,0.01102073395,changed,False,0,0.01102073395
KIE,6,2010-06-30,-0.09761977223,-0.09143863397,-0.09761977223,0.006181138258,changed,False,0,0.006181138258
KIE,6,2012-02-29,-0.1019325233,-0.1129107647,-0.1019325233,-0.01097824133,changed,False,0,-0.01097824133
KIE,6,2012-11-30,-0.008686075657,-0.03248110355,-0.008686075657,-0.02379502789,changed,False,0,-0.02379502789
KIE,6,2013-02-28,-0.1169895586,-0.1007836291,-0.1169895586,0.01620592951,changed,False,0,0.01620592951
KIE,6,2013-11-29,-0.07548081611,-0.08261470143,-0.07548081611,-0.00713388532,changed,False,0,-0.00713388532
KIE,6,2014-02-28,-0.04532981398,-0.05197970049,-0.04532981398,-0.006649886507,changed,False,0,-0.006649886507
KIE,6,2014-04-30,0.04886292292,0.03821918291,0.04886292292,-0.01064374002,changed,False,0,-0.01064374002
KIE,6,2014-11-28,-0.01401912718,-0.001265551093,-0.01401912718,0.01275357609,changed,False,0,0.01275357609
KIE,6,2015-01-30,0.06442969194,0.05746412307,0.06442969194,-0.00696556887,changed,False,0,-0.00696556887
KIE,6,2015-02-27,0.07645901893,0.09359456212,0.07645901893,0.01713554319,changed,False,0,0.01713554319
KIE,6,2015-06-30,0.1129992567,0.1152163273,0.1129992567,0.002217070637,changed,False,0,0.002217070637
KIE,6,2016-09-30,0.1192811384,0.09612699357,0.1192811384,-0.02315414487,changed,False,0,-0.02315414487
KIE,6,2018-02-28,0.113726894,0.123643729,0.113726894,0.009916835021,changed,False,0,0.009916835021
KIE,6,2018-09-28,0.09948650365,0.079950127,0.09948650365,-0.01953637665,changed,False,0,-0.01953637665
KIE,6,2018-11-30,0.1752281718,0.1846225002,0.1752281718,0.009394328402,changed,False,0,0.009394328402
KIE,6,2019-02-28,-0.01331161226,-0.01891945447,-0.01331161226,-0.005607842211,changed,False,0,-0.005607842211
KIE,6,2020-06-30,-0.01353442672,-0.01540372036,-0.01353442672,-0.001869293643,changed,False,0,-0.001869293643
KIE,6,2021-01-29,-0.09853890398,-0.1014408961,-0.09853890398,-0.002901992153,changed,False,0,-0.002901992153
KIE,6,2021-02-26,0.004811897051,-0.01373381151,0.004811897051,-0.01854570856,changed,True,0,-0.01854570856
KIE,6,2021-06-30,0.03121760735,0.03376246438,0.03121760735,0.002544857027,changed,False,0,0.002544857027
KIE,6,2022-09-30,0.1568646599,0.133727674,0.1568646599,-0.02313698588,changed,False,0,-0.02313698588
KIE,6,2023-11-30,0.1166796553,0.153506804,0.1166796553,0.03682714864,changed,False,0,0.03682714864
KIE,6,2024-02-29,0.1360927126,0.1660184408,0.1360927126,0.02992572823,changed,False,0,0.02992572823
KIE,6,2024-11-29,0.110864042,0.1166562827,0.110864042,0.005792240741,changed,False,0,0.005792240741
KIE,6,2025-02-28,-0.1148529939,-0.110738938,-0.1148529939,0.00411405593,changed,False,0,0.00411405593
KIE,6,2025-04-30,-0.1891363101,-0.2248764067,-0.1891363101,-0.0357400966,changed,False,0,-0.0357400966
KIE,6,2025-11-28,-0.04149855923,-0.04264385806,-0.04149855923,-0.001145298829,changed,False,0,-0.001145298829
KIE,6,2026-01-30,-0.0745825668,-0.08789493022,-0.0745825668,-0.01331236343,changed,False,0,-0.01331236343
KIE,6,2026-02-27,-0.06956956221,-0.08121182323,-0.06956956221,-0.01164226101,changed,False,0,-0.01164226101
VXUS,6,2012-02-29,-0.02907383635,-0.0283494719,-0.02907383635,0.0007243644486,changed,False,0,0.0007243644486
VXUS,6,2012-11-30,0.1317132184,0.1419328895,0.1317132184,0.01021967111,changed,False,0,0.01021967111
VXUS,6,2013-02-28,0.003331513287,0.01842731267,0.003331513287,0.01509579938,changed,False,0,0.01509579938
VXUS,6,2013-11-29,-0.1124014907,-0.119498697,-0.1124014907,-0.007097206234,changed,False,0,-0.007097206234
VXUS,6,2014-02-28,-0.03111953867,-0.02873434827,-0.03111953867,0.002385190396,changed,False,0,0.002385190396
VXUS,6,2014-04-30,0.1217414302,0.1199577547,0.1217414302,-0.001783675515,changed,False,0,-0.001783675515
VXUS,6,2014-11-28,-0.04056312649,-0.01277120735,-0.04056312649,0.02779191915,changed,False,0,0.02779191915
VXUS,6,2015-01-30,0.1713794511,0.1596905544,0.1713794511,-0.01168889677,changed,False,0,-0.01168889677
VXUS,6,2015-02-27,0.214517751,0.2048456981,0.214517751,-0.009672052921,changed,False,0,-0.009672052921
VXUS,6,2015-06-30,0.2359052833,0.2398057246,0.2359052833,0.003900441304,changed,False,0,0.003900441304
VXUS,6,2016-09-30,0.2116821825,0.2014435146,0.2116821825,-0.01023866795,changed,False,0,-0.01023866795
VXUS,6,2018-02-28,0.2143280906,0.225944406,0.2143280906,0.01161631538,changed,False,0,0.01161631538
VXUS,6,2018-09-28,0.09848656026,0.07910748093,0.09848656026,-0.01937907933,changed,False,0,-0.01937907933
VXUS,6,2018-11-30,0.227886648,0.2246541411,0.227886648,-0.003232506886,changed,False,0,-0.003232506886
VXUS,6,2019-02-28,0.07187602231,0.05911296153,0.07187602231,-0.01276306078,changed,False,0,-0.01276306078
VXUS,6,2020-06-30,0.0307884714,0.02148858443,0.0307884714,-0.009299886971,changed,False,0,-0.009299886971
VXUS,6,2021-01-29,-0.001355679949,0.005764021703,-0.001355679949,0.007119701652,changed,True,0,0.007119701652
VXUS,6,2021-02-26,0.0890489891,0.06175277827,0.0890489891,-0.02729621083,changed,False,0,-0.02729621083
VXUS,6,2021-06-30,0.09140612438,0.1010361457,0.09140612438,0.009630021356,changed,False,0,0.009630021356
VXUS,6,2022-09-30,0.02665024293,0.009424818532,0.02665024293,-0.01722542439,changed,False,0,-0.01722542439
VXUS,6,2023-11-30,0.1299459433,0.1813334325,0.1299459433,0.05138748918,changed,False,0,0.05138748918
VXUS,6,2024-02-29,0.1734269309,0.2319236111,0.1734269309,0.05849668023,changed,False,0,0.05849668023
VXUS,6,2024-11-29,-0.0516152468,-0.02581476012,-0.0516152468,0.02580048669,changed,False,0,0.02580048669
VXUS,6,2025-02-28,-0.2936416626,-0.2853148328,-0.2936416626,0.008326829747,changed,False,0,0.008326829747
VXUS,6,2025-04-30,-0.3700202387,-0.4143414608,-0.3700202387,-0.04432122211,changed,False,0,-0.04432122211
VXUS,6,2025-10-31,-0.09623790411,-0.08845247137,-0.08845247137,0.007785432744,changed,False,0.007785432744,0
VXUS,6,2025-11-28,-0.2204307964,-0.2845870443,-0.2204307964,-0.06415624793,changed,False,0,-0.06415624793
VXUS,6,2026-01-30,-0.01951525113,-0.04606220862,-0.01951525113,-0.02654695748,changed,False,0,-0.02654695748
VXUS,6,2026-02-27,-0.020825354,-0.02155284128,-0.020825354,-0.0007274872876,changed,False,0,-0.0007274872876
VEA,6,2008-04-30,0.1252097204,0.1643098228,0.1252097204,0.03910010242,changed,False,0,0.03910010242
VEA,6,2008-11-28,-0.05728803259,-0.07967696329,-0.05728803259,-0.0223889307,changed,False,0,-0.0223889307
VEA,6,2009-01-30,-0.01915753022,-0.05582653627,-0.01915753022,-0.03666900605,changed,False,0,-0.03666900605
VEA,6,2009-02-27,-0.09195607658,-0.1280904488,-0.09195607658,-0.03613437226,changed,False,0,-0.03613437226
VEA,6,2009-06-30,-0.02357083985,-0.02054027703,-0.02357083985,0.003030562816,changed,False,0,0.003030562816
VEA,6,2010-01-29,0.1965639202,0.1746496221,0.1965639202,-0.02191429813,changed,False,0,-0.02191429813
VEA,6,2010-02-26,0.160501512,0.183670225,0.160501512,0.02316871299,changed,False,0,0.02316871299
VEA,6,2010-06-30,-0.1346314069,-0.1385282102,-0.1346314069,-0.003896803218,changed,False,0,-0.003896803218
VEA,6,2012-02-29,-0.04025720103,-0.04397618463,-0.04025720103,-0.003718983598,changed,False,0,-0.003718983598
VEA,6,2012-11-30,0.0995003826,0.1092187937,0.0995003826,0.009718411131,changed,False,0,0.009718411131
VEA,6,2013-02-28,-0.04158781573,-0.02039642971,-0.04158781573,0.02119138602,changed,False,0,0.02119138602
VEA,6,2013-11-29,-0.1089415046,-0.1216785337,-0.1089415046,-0.01273702902,changed,False,0,-0.01273702902
VEA,6,2014-02-28,-0.002275390774,0.003207600321,-0.002275390774,0.005482991096,changed,True,0,0.005482991096
VEA,6,2014-04-30,0.1394002169,0.1370407291,0.1394002169,-0.002359487853,changed,False,0,-0.002359487853
VEA,6,2014-11-28,-0.04880486857,-0.02485578164,-0.04880486857,0.02394908693,changed,False,0,0.02394908693
VEA,6,2015-01-30,0.1490092973,0.133951662,0.1490092973,-0.01505763536,changed,False,0,-0.01505763536
VEA,6,2015-02-27,0.1910592409,0.183387291,0.1910592409,-0.007671949848,changed,False,0,-0.007671949848
VEA,6,2015-06-30,0.2132589513,0.2165631886,0.2132589513,0.003304237374,changed,False,0,0.003304237374
VEA,6,2016-09-30,0.216954467,0.2029390644,0.216954467,-0.01401540264,changed,False,0,-0.01401540264
VEA,6,2018-02-28,0.195965065,0.2049682853,0.195965065,0.009003220304,changed,False,0,0.009003220304
VEA,6,2018-09-28,0.112240569,0.09502097545,0.112240569,-0.01721959356,changed,False,0,-0.01721959356
VEA,6,2018-11-30,0.2210858533,0.2262569568,0.2210858533,0.005171103558,changed,False,0,0.005171103558
VEA,6,2019-02-28,0.0660647345,0.05392933396,0.0660647345,-0.01213540054,changed,False,0,-0.01213540054
VEA,6,2020-06-30,0.03157754582,0.02730792273,0.03157754582,-0.004269623089,changed,False,0,-0.004269623089
VEA,6,2021-01-29,-0.02683922274,-0.02513831721,-0.02683922274,0.001700905526,changed,False,0,0.001700905526
VEA,6,2021-02-26,0.05268570491,0.02981563927,0.05268570491,-0.02287006565,changed,False,0,-0.02287006565
VEA,6,2021-06-30,0.07137321951,0.08139032065,0.07137321951,0.01001710114,changed,False,0,0.01001710114
VEA,6,2022-09-30,-0.003533238052,-0.02833820129,-0.003533238052,-0.02480496323,changed,False,0,-0.02480496323
VEA,6,2023-11-30,0.1274641997,0.1714485852,0.1274641997,0.04398438555,changed,False,0,0.04398438555
VEA,6,2024-02-29,0.1743531953,0.2308170733,0.1743531953,0.05646387806,changed,False,0,0.05646387806
VEA,6,2024-11-29,-0.06376420444,-0.04597266604,-0.06376420444,0.0177915384,changed,False,0,0.0177915384
VEA,6,2025-02-28,-0.2966792899,-0.2874537997,-0.2966792899,0.009225490214,changed,False,0,0.009225490214
VEA,6,2025-04-30,-0.3552822288,-0.4000793905,-0.3552822288,-0.04479716177,changed,False,0,-0.04479716177
VEA,6,2025-11-28,-0.237271744,-0.3013369742,-0.237271744,-0.06406523025,changed,False,0,-0.06406523025
VEA,6,2026-01-30,-0.02631586814,-0.05167871554,-0.02631586814,-0.0253628474,changed,False,0,-0.0253628474
VEA,6,2026-02-27,-0.02028071329,-0.0181433712,-0.02028071329,0.002137342094,changed,False,0,0.002137342094
VWO,6,2005-09-30,-0.1787010031,-0.1920920614,-0.1787010031,-0.01339105826,changed,False,0,-0.01339105826
VWO,6,2006-09-29,-0.2918035616,-0.3055954652,-0.2918035616,-0.01379190365,changed,False,0,-0.01379190365
VWO,6,2007-02-28,-0.1610013596,-0.2300410754,-0.1610013596,-0.06903971578,changed,False,0,-0.06903971578
VWO,6,2008-04-30,0.260522253,0.2759007582,0.260522253,0.01537850518,changed,False,0,0.01537850518
VWO,6,2008-11-28,-0.3527230041,-0.4091466917,-0.3527230041,-0.05642368755,changed,False,0,-0.05642368755
VWO,6,2009-01-30,-0.3347720333,-0.3613843414,-0.3347720333,-0.02661230811,changed,False,0,-0.02661230811
VWO,6,2009-02-27,-0.2587292254,-0.2645649284,-0.2587292254,-0.005835703022,changed,False,0,-0.005835703022
VWO,6,2009-06-30,-0.08942692847,-0.103489167,-0.08942692847,-0.01406223857,changed,False,0,-0.01406223857
VWO,6,2010-01-29,0.1092582054,0.08963293225,0.1092582054,-0.01962527318,changed,False,0,-0.01962527318
VWO,6,2010-02-26,0.06433403377,0.1026363224,0.06433403377,0.0383022886,changed,False,0,0.0383022886
VWO,6,2010-06-30,-0.1316217015,-0.1547873192,-0.1316217015,-0.02316561763,changed,False,0,-0.02316561763
VWO,6,2012-02-29,0.002053888387,0.01023836784,0.002053888387,0.008184479456,changed,False,0,0.008184479456
VWO,6,2012-11-30,0.1983779203,0.2143367759,0.1983779203,0.01595885558,changed,False,0,0.01595885558
VWO,6,2013-02-28,0.1329878311,0.1380625252,0.1329878311,0.005074694111,changed,False,0,0.005074694111
VWO,6,2013-11-29,-0.1077379312,-0.09357535929,-0.1077379312,0.01416257189,changed,False,0,0.01416257189
VWO,6,2014-02-28,-0.1588640788,-0.1601450116,-0.1588640788,-0.001280932834,changed,False,0,-0.001280932834
VWO,6,2014-04-30,0.04214840615,0.03535626795,0.04214840615,-0.006792138205,changed,False,0,-0.006792138205
VWO,6,2014-11-28,-0.0208947853,0.02001781405,-0.0208947853,0.04091259935,changed,True,0,0.04091259935
VWO,6,2015-01-30,0.2349345188,0.2363110861,0.2349345188,0.00137656731,changed,False,0,0.00137656731
VWO,6,2015-02-27,0.3051490674,0.2903841176,0.3051490674,-0.01476494983,changed,False,0,-0.01476494983
VWO,6,2015-06-30,0.3063366383,0.3150798405,0.3063366383,0.008743202232,changed,False,0,0.008743202232
VWO,6,2016-09-30,0.2018427946,0.2036394274,0.2018427946,0.001796632812,changed,False,0,0.001796632812
VWO,6,2018-02-28,0.2853344901,0.2988063344,0.2853344901,0.01347184432,changed,False,0,0.01347184432
VWO,6,2018-09-28,0.03592035847,0.007839314651,0.03592035847,-0.02808104382,changed,False,0,-0.02808104382
VWO,6,2018-11-30,0.2452436695,0.2104218402,0.2452436695,-0.03482182929,changed,False,0,-0.03482182929
VWO,6,2019-02-28,0.09574853072,0.07752065759,0.09574853072,-0.01822787314,changed,False,0,-0.01822787314
VWO,6,2020-06-30,0.008740900679,-0.0144855242,0.008740900679,-0.02322642488,changed,True,0,-0.02322642488
VWO,6,2021-01-29,0.07673490146,0.09823150688,0.07673490146,0.02149660542,changed,False,0,0.02149660542
VWO,6,2021-02-26,0.1912168347,0.150015451,0.1912168347,-0.04120138371,changed,False,0,-0.04120138371
VWO,6,2021-06-30,0.1446459574,0.1541173393,0.1446459574,0.009471381976,changed,False,0,0.009471381976
VWO,6,2022-09-30,0.1038608402,0.10730223,0.1038608402,0.003441389773,changed,False,0,0.003441389773
VWO,6,2023-11-30,0.1397280868,0.2125714361,0.1397280868,0.0728433493,changed,False,0,0.0728433493
VWO,6,2024-02-29,0.1731812177,0.2389343668,0.1731812177,0.06575314909,changed,False,0,0.06575314909
VWO,6,2024-11-29,-0.02337610954,0.02356029876,-0.02337610954,0.0469364083,changed,True,0,0.0469364083
VWO,6,2025-02-28,-0.2865402277,-0.279805647,-0.2865402277,0.006734580687,changed,False,0,0.006734580687
VWO,6,2025-04-30,-0.4123702301,-0.4570856172,-0.4123702301,-0.04471538704,changed,False,0,-0.04471538704
VWO,6,2025-10-31,-0.05463068586,-0.0562997721,-0.0562997721,-0.001669086238,changed,False,-0.001669086238,0
VWO,6,2025-11-28,-0.1788971446,-0.2381867564,-0.1788971446,-0.05928961175,changed,False,0,-0.05928961175
VWO,6,2026-01-30,0.005003036739,-0.02341252784,0.005003036739,-0.02841556458,changed,True,0,-0.02841556458
VWO,6,2026-02-27,-0.01361839591,-0.02246732268,-0.01361839591,-0.008848926762,changed,False,0,-0.008848926762
VIG,6,2006-09-29,-0.1641873339,-0.1635163661,-0.1641873339,0.0006709678011,changed,False,0,0.0006709678011
VIG,6,2007-02-28,-0.04319493523,-0.07347498476,-0.04319493523,-0.03028004954,changed,False,0,-0.03028004954
VIG,6,2008-04-30,-0.03228080527,0.003622103639,-0.03228080527,0.03590290891,changed,True,0,0.03590290891
VIG,6,2008-11-28,0.08286426251,0.06859377587,0.08286426251,-0.01427048663,changed,False,0,-0.01427048663
VIG,6,2009-01-30,0.143955327,0.1272533289,0.143955327,-0.01670199811,changed,False,0,-0.01670199811
VIG,6,2009-02-27,0.1240280093,0.1088810621,0.1240280093,-0.01514694716,changed,False,0,-0.01514694716
VIG,6,2009-06-30,-0.006506019367,0.001030948304,-0.006506019367,0.007536967671,changed,True,0,0.007536967671
VIG,6,2010-01-29,0.1631269395,0.1512402602,0.1631269395,-0.01188667928,changed,False,0,-0.01188667928
VIG,6,2010-02-26,0.140693387,0.172383821,0.140693387,0.03169043403,changed,False,0,0.03169043403
VIG,6,2010-06-30,-0.1159889945,-0.107082147,-0.1159889945,0.008906847557,changed,False,0,0.008906847557
VIG,6,2012-02-29,-0.1119464271,-0.1200524108,-0.1119464271,-0.00810598373,changed,False,0,-0.00810598373
VIG,6,2012-11-30,0.06537676742,0.06978204472,0.06537676742,0.004405277292,changed,False,0,0.004405277292
VIG,6,2013-02-28,-0.05270610613,-0.05055092998,-0.05270610613,0.002155176152,changed,False,0,0.002155176152
VIG,6,2013-11-29,-0.104833084,-0.1186014391,-0.104833084,-0.01376835506,changed,False,0,-0.01376835506
VIG,6,2014-02-28,-0.03412187243,-0.03038634765,-0.03412187243,0.00373552478,changed,False,0,0.00373552478
VIG,6,2014-04-30,0.0537913733,0.05060203108,0.0537913733,-0.003189342223,changed,False,0,-0.003189342223
VIG,6,2014-11-28,0.01158879019,0.02451818791,0.01158879019,0.01292939773,changed,False,0,0.01292939773
VIG,6,2015-01-30,0.1878149578,0.1713021551,0.1878149578,-0.01651280268,changed,False,0,-0.01651280268
VIG,6,2015-02-27,0.1942785228,0.1977777509,0.1942785228,0.003499228108,changed,False,0,0.003499228108
VIG,6,2015-06-30,0.1392659483,0.1401656187,0.1392659483,0.000899670423,changed,False,0,0.000899670423
VIG,6,2016-09-30,0.197682731,0.1822390755,0.197682731,-0.01544365546,changed,False,0,-0.01544365546
VIG,6,2018-02-28,0.1027745397,0.1076121525,0.1027745397,0.004837612789,changed,False,0,0.004837612789
VIG,6,2018-09-28,0.08176701468,0.05281375149,0.08176701468,-0.02895326319,changed,False,0,-0.02895326319
VIG,6,2018-11-30,0.2214941732,0.2282798841,0.2214941732,0.006785710848,changed,False,0,0.006785710848
VIG,6,2019-02-28,-0.0220642347,-0.04394637398,-0.0220642347,-0.02188213928,changed,False,0,-0.02188213928
VIG,6,2020-06-30,0.03168866991,0.02183762919,0.03168866991,-0.009851040724,changed,False,0,-0.009851040724
VIG,6,2021-01-29,-0.08381743543,-0.08115571496,-0.08381743543,0.002661720474,changed,False,0,0.002661720474
VIG,6,2021-02-26,-0.03592402975,-0.03910152684,-0.03592402975,-0.003177497091,changed,False,0,-0.003177497091
VIG,6,2021-06-30,-0.04087283233,-0.04526729781,-0.04087283233,-0.004394465476,changed,False,0,-0.004394465476
VIG,6,2022-09-30,0.09440874709,0.08133108962,0.09440874709,-0.01307765746,changed,False,0,-0.01307765746
VIG,6,2023-11-30,0.1342845568,0.183367072,0.1342845568,0.04908251515,changed,False,0,0.04908251515
VIG,6,2024-02-29,0.1695863193,0.2126556293,0.1695863193,0.04306931002,changed,False,0,0.04306931002
VIG,6,2024-11-29,0.09357534727,0.1047649202,0.09357534727,0.01118957294,changed,False,0,0.01118957294
VIG,6,2025-02-28,-0.1657789934,-0.1710738588,-0.1657789934,-0.005294865348,changed,False,0,-0.005294865348
VIG,6,2025-04-30,-0.3404601218,-0.3821440477,-0.3404601218,-0.04168392592,changed,False,0,-0.04168392592
VIG,6,2025-10-31,-0.01964499528,-0.01094908173,-0.01094908173,0.008695913549,changed,False,0.008695913549,0
VIG,6,2025-11-28,-0.1226292851,-0.1720109614,-0.1226292851,-0.04938167624,changed,False,0,-0.04938167624
VIG,6,2026-01-30,-0.03675130364,-0.05066499763,-0.03675130364,-0.01391369399,changed,False,0,-0.01391369399
VIG,6,2026-02-27,-0.04436105411,-0.04366893696,-0.04436105411,0.0006921171427,changed,False,0,0.0006921171427
SCHD,6,2012-02-29,-0.1376261436,-0.1469900727,-0.1376261436,-0.00936392909,changed,False,0,-0.00936392909
SCHD,6,2012-11-30,0.02970079846,0.03645399493,0.02970079846,0.006753196469,changed,False,0,0.006753196469
SCHD,6,2013-02-28,-0.08419258321,-0.08256614684,-0.08419258321,0.001626436377,changed,False,0,0.001626436377
SCHD,6,2013-11-29,-0.117651866,-0.1313388122,-0.117651866,-0.01368694614,changed,False,0,-0.01368694614
SCHD,6,2014-02-28,-0.06419538316,-0.06204695658,-0.06419538316,0.002148426574,changed,False,0,0.002148426574
SCHD,6,2014-04-30,0.03981595902,0.034895363,0.03981595902,-0.004920596021,changed,False,0,-0.004920596021
SCHD,6,2014-11-28,0.02187026562,0.03114042069,0.02187026562,0.00927015507,changed,False,0,0.00927015507
SCHD,6,2015-01-30,0.2067524292,0.1932189435,0.2067524292,-0.01353348572,changed,False,0,-0.01353348572
SCHD,6,2015-02-27,0.2105678277,0.2109485958,0.2105678277,0.0003807680905,changed,False,0,0.0003807680905
SCHD,6,2015-06-30,0.1171312909,0.1199527763,0.1171312909,0.002821485376,changed,False,0,0.002821485376
SCHD,6,2016-09-30,0.2113982721,0.1952841073,0.2113982721,-0.01611416488,changed,False,0,-0.01611416488
SCHD,6,2018-02-28,0.1146931587,0.122281236,0.1146931587,0.007588077284,changed,False,0,0.007588077284
SCHD,6,2018-09-28,0.07524125785,0.05232600708,0.07524125785,-0.02291525077,changed,False,0,-0.02291525077
SCHD,6,2018-11-30,0.2460542069,0.2616343482,0.2460542069,0.01558014131,changed,False,0,0.01558014131
SCHD,6,2019-02-28,0.03536370895,0.01438464874,0.03536370895,-0.02097906021,changed,False,0,-0.02097906021
SCHD,6,2020-06-30,-0.03487301696,-0.03385150038,-0.03487301696,0.001021516579,changed,False,0,0.001021516579
SCHD,6,2021-01-29,-0.1211072473,-0.1209529177,-0.1211072473,0.0001543295536,changed,False,0,0.0001543295536
SCHD,6,2021-02-26,-0.01989550896,-0.03316686001,-0.01989550896,-0.01327135105,changed,False,0,-0.01327135105
SCHD,6,2021-06-30,-0.007581076912,-0.009426031705,-0.007581076912,-0.001844954793,changed,False,0,-0.001844954793
SCHD,6,2022-09-30,0.1254070189,0.1125424225,0.1254070189,-0.01286459633,changed,False,0,-0.01286459633
SCHD,6,2023-11-30,0.1450257453,0.1830120621,0.1450257453,0.03798631682,changed,False,0,0.03798631682
SCHD,6,2024-02-29,0.170304685,0.2143941591,0.170304685,0.04408947403,changed,False,0,0.04408947403
SCHD,6,2024-11-29,0.1591155278,0.1784022338,0.1591155278,0.01928670596,changed,False,0,0.01928670596
SCHD,6,2025-02-28,-0.1133557405,-0.1199145898,-0.1133557405,-0.006558849336,changed,False,0,-0.006558849336
SCHD,6,2025-04-30,-0.2459931695,-0.2843077897,-0.2459931695,-0.03831462024,changed,False,0,-0.03831462024
SCHD,6,2025-11-28,-0.2836232547,-0.3138329937,-0.2836232547,-0.03020973897,changed,False,0,-0.03020973897
SCHD,6,2026-01-30,-0.09724661219,-0.114926329,-0.09724661219,-0.01767971676,changed,False,0,-0.01767971676
SCHD,6,2026-02-27,-0.08764367192,-0.08397473258,-0.08764367192,0.003668939336,changed,False,0,0.003668939336
BND,6,2008-04-30,-0.330264315,-0.2094584997,-0.330264315,0.1208058153,changed,False,0,0.1208058153
BND,6,2008-11-28,0.01782722695,0.02738957686,0.01782722695,0.009562349914,changed,False,0,0.009562349914
BND,6,2009-01-30,0.2612169244,0.2461787055,0.2612169244,-0.01503821892,changed,False,0,-0.01503821892
BND,6,2009-02-27,0.410063596,0.3874450719,0.410063596,-0.02261852406,changed,False,0,-0.02261852406
BND,6,2009-06-30,0.1656171662,0.1605317618,0.1656171662,-0.005085404415,changed,False,0,-0.005085404415
BND,6,2010-01-29,0.1560105624,0.1376617714,0.1560105624,-0.01834879092,changed,False,0,-0.01834879092
BND,6,2010-02-26,0.0798395862,0.1071014728,0.0798395862,0.02726188656,changed,False,0,0.02726188656
BND,6,2010-06-30,0.05276200969,0.0535420999,0.05276200969,0.0007800902091,changed,False,0,0.0007800902091
BND,6,2012-02-29,-0.1027293546,-0.119026285,-0.1027293546,-0.01629693038,changed,False,0,-0.01629693038
BND,6,2012-11-30,0.2344922612,0.2264398472,0.2344922612,-0.008052413911,changed,False,0,-0.008052413911
BND,6,2013-02-28,0.05895584647,0.03989938677,0.05895584647,-0.0190564597,changed,False,0,-0.0190564597
BND,6,2013-11-29,-0.0934733762,-0.09858498817,-0.0934733762,-0.00511161197,changed,False,0,-0.00511161197
BND,6,2014-02-28,-0.01038000144,-0.00484176503,-0.01038000144,0.005538236406,changed,False,0,0.005538236406
BND,6,2014-04-30,0.06052953479,0.08909935453,0.06052953479,0.02856981974,changed,False,0,0.02856981974
BND,6,2014-11-28,0.02298669077,0.02181850441,0.02298669077,-0.001168186365,changed,False,0,-0.001168186365
BND,6,2015-01-30,0.2281327343,0.2246169339,0.2281327343,-0.00351580037,changed,False,0,-0.00351580037
BND,6,2015-02-27,0.1245453773,0.1338931371,0.1245453773,0.009347759794,changed,False,0,0.009347759794
BND,6,2015-06-30,0.1163554907,0.10979512,0.1163554907,-0.006560370649,changed,False,0,-0.006560370649
BND,6,2016-09-30,0.3029336167,0.2904200948,0.3029336167,-0.01251352184,changed,False,0,-0.01251352184
BND,6,2018-02-28,0.1465785061,0.1595693297,0.1465785061,0.01299082363,changed,False,0,0.01299082363
BND,6,2018-09-28,0.02020790231,0.006900727328,0.02020790231,-0.01330717499,changed,False,0,-0.01330717499
BND,6,2018-11-30,0.1996290428,0.1754069707,0.1996290428,-0.02422207207,changed,False,0,-0.02422207207
BND,6,2019-02-28,-0.03382579714,-0.02747084333,-0.03382579714,0.006354953808,changed,False,0,0.006354953808
BND,6,2020-06-30,0.2533885363,0.2586543901,0.2533885363,0.00526585382,changed,False,0,0.00526585382
BND,6,2021-01-29,0.08905723349,0.0913420166,0.08905723349,0.002284783105,changed,False,0,0.002284783105
BND,6,2021-02-26,0.1209191768,0.1203390698,0.1209191768,-0.0005801070839,changed,False,0,-0.0005801070839
BND,6,2021-06-30,0.05923486862,0.07488273332,0.05923486862,0.0156478647,changed,False,0,0.0156478647
BND,6,2022-09-30,0.1561421386,0.1836432495,0.1561421386,0.02750111093,changed,False,0,0.02750111093
BND,6,2023-11-30,0.2188387473,0.2639214929,0.2188387473,0.04508274557,changed,False,0,0.04508274557
BND,6,2024-02-29,0.2079513245,0.2707475911,0.2079513245,0.06279626661,changed,False,0,0.06279626661
BND,6,2024-11-29,0.05220638044,0.07311644407,0.05220638044,0.02091006363,changed,False,0,0.02091006363
BND,6,2025-02-28,-0.1361704514,-0.1446306031,-0.1361704514,-0.008460151736,changed,False,0,-0.008460151736
BND,6,2025-04-30,-0.2179339212,-0.2612365872,-0.2179339212,-0.04330266592,changed,False,0,-0.04330266592
BND,6,2025-11-28,-0.06040392267,-0.1090275895,-0.06040392267,-0.0486236668,changed,False,0,-0.0486236668
BND,6,2026-01-30,0.04823741492,0.03772951473,0.04823741492,-0.01050790019,changed,False,0,-0.01050790019
BND,6,2026-02-27,0.06302821047,0.05896378318,0.06302821047,-0.004064427297,changed,False,0,-0.004064427297
BNDX,6,2013-11-29,-0.09189724385,-0.09813002357,-0.09189724385,-0.006232779719,changed,False,0,-0.006232779719
BNDX,6,2014-02-28,-0.02468410137,-0.02047917784,-0.02468410137,0.004204923536,changed,False,0,0.004204923536
BNDX,6,2014-04-30,0.05185472071,0.07304617444,0.05185472071,0.02119145373,changed,False,0,0.02119145373
BNDX,6,2014-11-28,0.01875131185,0.01509034253,0.01875131185,-0.003660969319,changed,False,0,-0.003660969319
BNDX,6,2015-01-30,0.2219575746,0.2196995947,0.2219575746,-0.002257979909,changed,False,0,-0.002257979909
BNDX,6,2015-02-27,0.1330568598,0.1435309253,0.1330568598,0.0104740655,changed,False,0,0.0104740655
BNDX,6,2015-06-30,0.1050029373,0.09716490804,0.1050029373,-0.007838029228,changed,False,0,-0.007838029228
BNDX,6,2016-09-30,0.3014130894,0.2881155213,0.3014130894,-0.01329756804,changed,False,0,-0.01329756804
BNDX,6,2018-02-28,0.1425020407,0.1534437398,0.1425020407,0.01094169908,changed,False,0,0.01094169908
BNDX,6,2018-09-28,0.01700096483,0.005789799785,0.01700096483,-0.01121116504,changed,False,0,-0.01121116504
BNDX,6,2018-11-30,0.2065641242,0.186769873,0.2065641242,-0.01979425124,changed,False,0,-0.01979425124
BNDX,6,2019-02-28,-0.03350986382,-0.0288776248,-0.03350986382,0.00463223902,changed,False,0,0.00463223902
BNDX,6,2020-06-30,0.2450403626,0.2508049943,0.2450403626,0.005764631727,changed,False,0,0.005764631727
BNDX,6,2021-01-29,0.09068195044,0.09389745836,0.09068195044,0.003215507922,changed,False,0,0.003215507922
BNDX,6,2021-02-26,0.1186047884,0.1208342844,0.1186047884,0.002229496,changed,False,0,0.002229496
BNDX,6,2021-06-30,0.05862648566,0.07695679262,0.05862648566,0.01833030696,changed,False,0,0.01833030696
BNDX,6,2022-09-30,0.1681771111,0.1974082663,0.1681771111,0.02923115519,changed,False,0,0.02923115519
BNDX,6,2023-11-30,0.2182954805,0.2657121797,0.2182954805,0.04741669918,changed,False,0,0.04741669918
BNDX,6,2024-02-29,0.2264270809,0.2878691762,0.2264270809,0.06144209527,changed,False,0,0.06144209527
BNDX,6,2024-11-29,0.05045042558,0.07245903137,0.05045042558,0.02200860579,changed,False,0,0.02200860579
BNDX,6,2025-02-28,-0.1238553727,-0.1320989135,-0.1238553727,-0.008243540833,changed,False,0,-0.008243540833
BNDX,6,2025-04-30,-0.1929498137,-0.2438181216,-0.1929498137,-0.05086830791,changed,False,0,-0.05086830791
BNDX,6,2025-11-28,-0.06500465402,-0.1129784218,-0.06500465402,-0.04797376778,changed,False,0,-0.04797376778
BNDX,6,2026-01-30,0.04013035772,0.02915823548,0.04013035772,-0.01097212224,changed,False,0,-0.01097212224
BNDX,6,2026-02-27,0.05636862273,0.05438999692,0.05636862273,-0.001978625815,changed,False,0,-0.001978625815
VCIT,6,2010-01-29,0.1375217928,0.1108956942,0.1375217928,-0.02662609861,changed,False,0,-0.02662609861
VCIT,6,2010-02-26,0.04895697218,0.08081790431,0.04895697218,0.03186093214,changed,False,0,0.03186093214
VCIT,6,2010-06-30,0.02946201859,0.02725387233,0.02946201859,-0.002208146257,changed,False,0,-0.002208146257
VCIT,6,2012-02-29,-0.12264426,-0.1415242435,-0.12264426,-0.0188799835,changed,False,0,-0.0188799835
VCIT,6,2012-11-30,0.2196357766,0.2198599539,0.2196357766,0.0002241773361,changed,False,0,0.0002241773361
VCIT,6,2013-02-28,0.07392877776,0.05084517946,0.07392877776,-0.02308359831,changed,False,0,-0.02308359831
VCIT,6,2013-11-29,-0.1140363391,-0.1215077886,-0.1140363391,-0.007471449522,changed,False,0,-0.007471449522
VCIT,6,2014-02-28,-0.02136759292,-0.01770043507,-0.02136759292,0.003667157855,changed,False,0,0.003667157855
VCIT,6,2014-04-30,0.0547073582,0.08295287679,0.0547073582,0.02824551858,changed,False,0,0.02824551858
VCIT,6,2014-11-28,0.01866612187,0.01636223109,0.01866612187,-0.00230389078,changed,False,0,-0.00230389078
VCIT,6,2015-01-30,0.2326526005,0.2301955826,0.2326526005,-0.002457017896,changed,False,0,-0.002457017896
VCIT,6,2015-02-27,0.1381172878,0.1503090874,0.1381172878,0.01219179968,changed,False,0,0.01219179968
VCIT,6,2015-06-30,0.1159247474,0.1106681895,0.1159247474,-0.005256557941,changed,False,0,-0.005256557941
VCIT,6,2016-09-30,0.3001614767,0.2862422975,0.3001614767,-0.01391917918,changed,False,0,-0.01391917918
VCIT,6,2018-02-28,0.1483674989,0.1619322116,0.1483674989,0.01356471266,changed,False,0,0.01356471266
VCIT,6,2018-09-28,0.007965649986,-0.005409633359,0.007965649986,-0.01337528334,changed,True,0,-0.01337528334
VCIT,6,2018-11-30,0.1752709161,0.1512279447,0.1752709161,-0.02404297141,changed,False,0,-0.02404297141
VCIT,6,2019-02-28,-0.054643668,-0.04730013554,-0.054643668,0.007343532465,changed,False,0,0.007343532465
VCIT,6,2020-06-30,0.2251497155,0.2296937963,0.2251497155,0.004544080774,changed,False,0,0.004544080774
VCIT,6,2021-01-29,0.08258751307,0.08479966168,0.08258751307,0.002212148611,changed,False,0,0.002212148611
VCIT,6,2021-02-26,0.1165396453,0.115606956,0.1165396453,-0.0009326892725,changed,False,0,-0.0009326892725
VCIT,6,2021-06-30,0.06380032999,0.07925500628,0.06380032999,0.01545467629,changed,False,0,0.01545467629
VCIT,6,2022-09-30,0.1297873301,0.1550090515,0.1297873301,0.02522172134,changed,False,0,0.02522172134
VCIT,6,2023-11-30,0.2055073097,0.2490390162,0.2055073097,0.04353170652,changed,False,0,0.04353170652
VCIT,6,2024-02-29,0.198669517,0.2612094269,0.198669517,0.06253990982,changed,False,0,0.06253990982
VCIT,6,2024-11-29,0.04452608032,0.06350896247,0.04452608032,0.01898288216,changed,False,0,0.01898288216
VCIT,6,2025-02-28,-0.1558300485,-0.1639588313,-0.1558300485,-0.00812878279,changed,False,0,-0.00812878279
VCIT,6,2025-04-30,-0.237625544,-0.2781379678,-0.237625544,-0.0405124238,changed,False,0,-0.0405124238
VCIT,6,2025-10-31,0.03335440898,0.02850277116,0.02850277116,-0.004851637817,changed,False,-0.004851637817,0
VCIT,6,2025-11-28,-0.05902580219,-0.1089846805,-0.05902580219,-0.04995887826,changed,False,0,-0.04995887826
VCIT,6,2026-01-30,0.05416248532,0.04172991533,0.05416248532,-0.01243256999,changed,False,0,-0.01243256999
VCIT,6,2026-02-27,0.06673123753,0.06254971532,0.06673123753,-0.00418152221,changed,False,0,-0.00418152221
VMBS,6,2010-01-29,0.1631426117,0.1466968308,0.1631426117,-0.0164457809,changed,False,0,-0.0164457809
VMBS,6,2010-02-26,0.1004009183,0.1248253981,0.1004009183,0.02442447981,changed,False,0,0.02442447981
VMBS,6,2010-06-30,0.05472402214,0.05825582766,0.05472402214,0.003531805524,changed,False,0,0.003531805524
VMBS,6,2012-02-29,-0.09723369561,-0.1118576794,-0.09723369561,-0.01462398377,changed,False,0,-0.01462398377
VMBS,6,2012-11-30,0.237883175,0.2254523075,0.237883175,-0.01243086755,changed,False,0,-0.01243086755
VMBS,6,2013-02-28,0.05450936459,0.03451284282,0.05450936459,-0.01999652178,changed,False,0,-0.01999652178
VMBS,6,2013-11-29,-0.09432197864,-0.09907842743,-0.09432197864,-0.004756448795,changed,False,0,-0.004756448795
VMBS,6,2014-02-28,-0.008238583287,-0.0005350997236,-0.008238583287,0.007703483563,changed,False,0,0.007703483563
VMBS,6,2014-04-30,0.0603569618,0.08518804391,0.0603569618,0.02483108211,changed,False,0,0.02483108211
VMBS,6,2014-11-28,0.01686517899,0.01855633453,0.01686517899,0.001691155538,changed,False,0,0.001691155538
VMBS,6,2015-01-30,0.2075288646,0.203711889,0.2075288646,-0.003816975565,changed,False,0,-0.003816975565
VMBS,6,2015-02-27,0.1169808834,0.1219486432,0.1169808834,0.004967759809,changed,False,0,0.004967759809
VMBS,6,2015-06-30,0.116764343,0.1081624101,0.116764343,-0.00860193285,changed,False,0,-0.00860193285
VMBS,6,2016-09-30,0.2954743598,0.2813517082,0.2954743598,-0.01412265158,changed,False,0,-0.01412265158
VMBS,6,2018-02-28,0.1447570987,0.1561158705,0.1447570987,0.01135877182,changed,False,0,0.01135877182
VMBS,6,2018-09-28,0.02353302336,0.01145884387,0.02353302336,-0.01207417948,changed,False,0,-0.01207417948
VMBS,6,2018-11-30,0.2148731857,0.1941478342,0.2148731857,-0.02072535148,changed,False,0,-0.02072535148
VMBS,6,2019-02-28,0.00189286634,0.008170423541,0.00189286634,0.006277557202,changed,False,0,0.006277557202
VMBS,6,2020-06-30,0.2620513481,0.2682720835,0.2620513481,0.006220735465,changed,False,0,0.006220735465
VMBS,6,2021-01-29,0.09523296876,0.09850391286,0.09523296876,0.003270944104,changed,False,0,0.003270944104
VMBS,6,2021-02-26,0.1386636411,0.1362350813,0.1386636411,-0.002428559752,changed,False,0,-0.002428559752
VMBS,6,2021-06-30,0.06622189979,0.08016767313,0.06622189979,0.01394577334,changed,False,0,0.01394577334
VMBS,6,2022-09-30,0.1550998721,0.1856435377,0.1550998721,0.03054366559,changed,False,0,0.03054366559
VMBS,6,2023-11-30,0.2130432982,0.2583863032,0.2130432982,0.04534300502,changed,False,0,0.04534300502
VMBS,6,2024-02-29,0.2028608776,0.2651110407,0.2028608776,0.06225016311,changed,False,0,0.06225016311
VMBS,6,2024-11-29,0.05277567715,0.07290318367,0.05277567715,0.02012750652,changed,False,0,0.02012750652
VMBS,6,2025-02-28,-0.1382926552,-0.148120764,-0.1382926552,-0.009828108866,changed,False,0,-0.009828108866
VMBS,6,2025-04-30,-0.221956364,-0.2669585829,-0.221956364,-0.04500221886,changed,False,0,-0.04500221886
VMBS,6,2025-10-31,0.02621466576,0.02168413074,0.02168413074,-0.004530535014,changed,False,-0.004530535014,0
VMBS,6,2025-11-28,-0.06946814296,-0.1191462707,-0.06946814296,-0.04967812771,changed,False,0,-0.04967812771
VMBS,6,2026-01-30,0.04407886129,0.03525716033,0.04407886129,-0.008821700953,changed,False,0,-0.008821700953
VMBS,6,2026-02-27,0.05931654738,0.05569066438,0.05931654738,-0.003625882992,changed,False,0,-0.003625882992
VNQ,6,2005-09-30,-0.1604759557,-0.1641200128,-0.1604759557,-0.00364405708,changed,False,0,-0.00364405708
VNQ,6,2006-09-29,-0.2507536259,-0.2426621923,-0.2507536259,0.008091433667,changed,False,0,0.008091433667
VNQ,6,2007-02-28,0.143918646,0.1069609374,0.143918646,-0.03695770858,changed,False,0,-0.03695770858
VNQ,6,2008-04-30,0.128442272,0.1412175194,0.128442272,0.01277524732,changed,False,0,0.01277524732
VNQ,6,2008-11-28,0.06912923367,0.01160715036,0.06912923367,-0.05752208331,changed,False,0,-0.05752208331
VNQ,6,2009-01-30,0.145470747,0.09785298351,0.145470747,-0.04761776349,changed,False,0,-0.04761776349
VNQ,6,2009-02-27,-0.2257724794,-0.2929540462,-0.2257724794,-0.06718156684,changed,False,0,-0.06718156684
VNQ,6,2009-06-30,-0.3238336957,-0.2873849786,-0.3238336957,0.03644871711,changed,False,0,0.03644871711
VNQ,6,2010-01-29,-0.002594971788,-0.04087968764,-0.002594971788,-0.03828471585,changed,False,0,-0.03828471585
VNQ,6,2010-02-26,0.007186024887,0.01428992315,0.007186024887,0.00710389826,changed,False,0,0.00710389826
VNQ,6,2010-06-30,-0.06528385572,-0.08037647155,-0.06528385572,-0.01509261583,changed,False,0,-0.01509261583
VNQ,6,2012-02-29,-0.1692453836,-0.1877190082,-0.1692453836,-0.01847362455,changed,False,0,-0.01847362455
VNQ,6,2012-11-30,0.0445184624,0.09041704019,0.0445184624,0.04589857779,changed,False,0,0.04589857779
VNQ,6,2013-02-28,0.06734000709,0.07025223708,0.06734000709,0.002912229994,changed,False,0,0.002912229994
VNQ,6,2013-11-29,-0.221822551,-0.2330109938,-0.221822551,-0.01118844284,changed,False,0,-0.01118844284
VNQ,6,2014-02-28,-0.08989798538,-0.08668129717,-0.08989798538,0.00321668821,changed,False,0,0.00321668821
VNQ,6,2014-04-30,-0.001280655198,-0.005994137824,-0.001280655198,-0.004713482626,changed,False,0,-0.004713482626
VNQ,6,2014-11-28,0.01512126212,0.02889588571,0.01512126212,0.01377462359,changed,False,0,0.01377462359
VNQ,6,2015-01-30,0.2903746403,0.2790621336,0.2903746403,-0.01131250668,changed,False,0,-0.01131250668
VNQ,6,2015-02-27,0.1714685155,0.2043367563,0.1714685155,0.03286824076,changed,False,0,0.03286824076
VNQ,6,2015-06-30,0.05858198482,0.04733799367,0.05858198482,-0.01124399115,changed,False,0,-0.01124399115
VNQ,6,2016-09-30,0.3071165121,0.2873927585,0.3071165121,-0.01972375362,changed,False,0,-0.01972375362
VNQ,6,2018-02-28,0.02539006287,0.02739450346,0.02539006287,0.002004440587,changed,False,0,0.002004440587
VNQ,6,2018-09-28,-0.01738559079,-0.04390462039,-0.01738559079,-0.0265190296,changed,False,0,-0.0265190296
VNQ,6,2018-11-30,0.163770563,0.1635681468,0.163770563,-0.0002024161217,changed,False,0,-0.0002024161217
VNQ,6,2019-02-28,-0.0404112195,-0.04954304591,-0.0404112195,-0.009131826416,changed,False,0,-0.009131826416
VNQ,6,2020-06-30,0.1373752068,0.1305935185,0.1373752068,-0.006781688283,changed,False,0,-0.006781688283
VNQ,6,2021-01-29,-0.1733900404,-0.1736944782,-0.1733900404,-0.000304437783,changed,False,0,-0.000304437783
VNQ,6,2021-02-26,-0.09130667363,-0.09696610564,-0.09130667363,-0.005659432019,changed,False,0,-0.005659432019
VNQ,6,2021-06-30,-0.04319359429,-0.06701560874,-0.04319359429,-0.02382201445,changed,False,0,-0.02382201445
VNQ,6,2022-09-30,0.2042658288,0.1726631141,0.2042658288,-0.03160271474,changed,False,0,-0.03160271474
VNQ,6,2023-11-30,0.2046085539,0.2315957523,0.2046085539,0.02698719835,changed,False,0,0.02698719835
VNQ,6,2024-02-29,0.1211908231,0.1742720689,0.1211908231,0.05308124577,changed,False,0,0.05308124577
VNQ,6,2024-11-29,0.1468585971,0.1526276157,0.1468585971,0.005769018642,changed,False,0,0.005769018642
VNQ,6,2025-02-28,-0.1170202662,-0.1253018392,-0.1170202662,-0.008281572951,changed,False,0,-0.008281572951
VNQ,6,2025-04-30,-0.255374867,-0.2667368819,-0.255374867,-0.01136201486,changed,False,0,-0.01136201486
VNQ,6,2025-09-30,-0.1054710496,-0.1053728487,-0.1053728487,9.82008212e-05,changed,False,9.82008212e-05,0
VNQ,6,2025-10-31,-0.05163117935,-0.05152139053,-0.05152139053,0.0001097888234,changed,False,0.0001097888234,0
VNQ,6,2025-11-28,-0.1521144526,-0.1824521296,-0.1520056066,-0.03033767699,changed,False,0.0001088459895,-0.03044652298
VNQ,6,2025-12-31,-0.07076191498,-0.07064885606,-0.07064885606,0.0001130589252,changed,False,0.0001130589252,0
VNQ,6,2026-01-30,-0.09363046003,-0.08440702908,-0.09351741699,0.009223430946,changed,False,0.0001130430325,0.009110387914
VNQ,6,2026-02-27,-0.01361004837,-0.003194357229,-0.01350524006,0.01041569114,changed,False,0.0001048083078,0.01031088283
GLD,6,2005-09-30,-0.1999494879,-0.2484532851,-0.1999494879,-0.04850379716,changed,False,0,-0.04850379716
GLD,6,2006-09-29,-0.1941818101,-0.2159248173,-0.1941818101,-0.02174300718,changed,False,0,-0.02174300718
GLD,6,2007-02-28,0.007021787713,-0.03222863265,0.007021787713,-0.03925042037,changed,True,0,-0.03925042037
GLD,6,2008-04-30,-0.1697067854,-0.05190510581,-0.1697067854,0.1178016796,changed,False,0,0.1178016796
GLD,6,2008-11-28,-0.1097489903,-0.1239568344,-0.1097489903,-0.01420784407,changed,False,0,-0.01420784407
GLD,6,2009-01-30,0.2658903126,0.2599630526,0.2658903126,-0.005927259961,changed,False,0,-0.005927259961
GLD,6,2009-02-27,0.4444767806,0.4248156554,0.4444767806,-0.01966112519,changed,False,0,-0.01966112519
GLD,6,2009-06-30,0.02388160389,0.0326009772,0.02388160389,0.008719373317,changed,False,0,0.008719373317
GLD,6,2010-01-29,0.1028297316,0.09462011065,0.1028297316,-0.008209620946,changed,False,0,-0.008209620946
GLD,6,2010-02-26,0.03779350672,0.0545287814,0.03779350672,0.01673527468,changed,False,0,0.01673527468
GLD,6,2010-06-30,-0.03527361127,-0.06189565969,-0.03527361127,-0.02662204842,changed,False,0,-0.02662204842
GLD,6,2012-02-29,-0.01835117463,-0.04214764275,-0.01835117463,-0.02379646812,changed,False,0,-0.02379646812
GLD,6,2012-11-30,0.4242568179,0.4080458625,0.4242568179,-0.01621095541,changed,False,0,-0.01621095541
GLD,6,2013-02-28,0.1492766048,0.1341167378,0.1492766048,-0.015159867,changed,False,0,-0.015159867
GLD,6,2013-11-29,-0.09665370058,-0.06545820844,-0.09665370058,0.03119549214,changed,False,0,0.03119549214
GLD,6,2014-02-28,0.04696232544,0.05110395302,0.04696232544,0.004141627582,changed,False,0,0.004141627582
GLD,6,2014-04-30,0.1438775203,0.2119400812,0.1438775203,0.06806256088,changed,False,0,0.06806256088
GLD,6,2014-11-28,-0.00317972144,0.01246088293,-0.00317972144,0.01564060437,changed,True,0,0.01564060437
GLD,6,2015-01-30,0.3534304266,0.3564370672,0.3534304266,0.003006640623,changed,False,0,0.003006640623
GLD,6,2015-02-27,0.1675049682,0.1918015004,0.1675049682,0.02429653218,changed,False,0,0.02429653218
GLD,6,2015-06-30,0.2144317757,0.2214954284,0.2144317757,0.007063652681,changed,False,0,0.007063652681
GLD,6,2016-09-30,0.3313672346,0.321171354,0.3313672346,-0.01019588063,changed,False,0,-0.01019588063
GLD,6,2018-02-28,0.2545648973,0.2702879938,0.2545648973,0.01572309644,changed,False,0,0.01572309644
GLD,6,2018-09-28,-0.03577895021,-0.02848083303,-0.03577895021,0.00729811718,changed,False,0,0.00729811718
GLD,6,2018-11-30,0.2082625303,0.1759505429,0.2082625303,-0.03231198737,changed,False,0,-0.03231198737
GLD,6,2019-02-28,-0.1061691898,-0.09380478204,-0.1061691898,0.01236440779,changed,False,0,0.01236440779
GLD,6,2020-06-30,0.2061942884,0.2014601424,0.2061942884,-0.004734146003,changed,False,0,-0.004734146003
GLD,6,2021-01-29,0.1121771175,0.1098193325,0.1121771175,-0.002357784979,changed,False,0,-0.002357784979
GLD,6,2021-02-26,0.1073105248,0.08480932928,0.1073105248,-0.02250119555,changed,False,0,-0.02250119555
GLD,6,2021-06-30,0.04891516818,0.05167073435,0.04891516818,0.002755566169,changed,False,0,0.002755566169
GLD,6,2022-09-30,0.02302143321,0.04846992613,0.02302143321,0.02544849292,changed,False,0,0.02544849292
GLD,6,2023-11-30,0.08848954689,0.1364816363,0.08848954689,0.04799208944,changed,False,0,0.04799208944
GLD,6,2024-02-29,0.03223316138,0.09339856105,0.03223316138,0.06116539968,changed,False,0,0.06116539968
GLD,6,2024-11-29,-0.2094211058,-0.1554379977,-0.2094211058,0.05398310811,changed,False,0,0.05398310811
GLD,6,2025-02-28,-0.2953232788,-0.3314029214,-0.2953232788,-0.03607964265,changed,False,0,-0.03607964265
GLD,6,2025-04-30,-0.4114880462,-0.4300746013,-0.4114880462,-0.01858655507,changed,False,0,-0.01858655507
GLD,6,2025-11-28,-0.1384693103,-0.1893698994,-0.1384693103,-0.0509005891,changed,False,0,-0.0509005891
GLD,6,2026-01-30,0.1927311155,0.1819477225,0.1927311155,-0.010783393,changed,False,0,-0.010783393
GLD,6,2026-02-27,0.1516663177,0.178581515,0.1516663177,0.02691519729,changed,False,0,0.02691519729
DBC,6,2006-09-29,-0.1610508053,-0.1954286322,-0.1610508053,-0.03437782688,changed,False,0,-0.03437782688
DBC,6,2007-02-28,-0.03220424134,-0.06777749939,-0.03220424134,-0.03557325804,changed,False,0,-0.03557325804
DBC,6,2008-04-30,0.02838169254,0.08499165935,0.02838169254,0.0566099668,changed,False,0,0.0566099668
DBC,6,2008-11-28,0.04797093978,0.01364760396,0.04797093978,-0.03432333582,changed,False,0,-0.03432333582
DBC,6,2009-01-30,0.1703703704,0.144526749,0.1703703704,-0.0258436214,changed,False,0,-0.0258436214
DBC,6,2009-02-27,0.2550697029,0.2487726292,0.2550697029,-0.006297073713,changed,False,0,-0.006297073713
DBC,6,2009-06-30,0.1309308006,0.1159976754,0.1309308006,-0.01493312515,changed,False,0,-0.01493312515
DBC,6,2010-01-29,0.2094499152,0.1757452548,0.2094499152,-0.03370466044,changed,False,0,-0.03370466044
DBC,6,2010-02-26,0.19462708,0.2064776579,0.19462708,0.01185057785,changed,False,0,0.01185057785
DBC,6,2010-06-30,-0.1523024785,-0.1650998505,-0.1523024785,-0.01279737199,changed,False,0,-0.01279737199
DBC,6,2012-02-29,-0.03884458017,-0.05867423304,-0.03884458017,-0.01982965287,changed,False,0,-0.01982965287
DBC,6,2012-11-30,0.300971695,0.29426523,0.300971695,-0.006706464957,changed,False,0,-0.006706464957
DBC,6,2013-02-28,0.06846770789,0.04821654707,0.06846770789,-0.02025116083,changed,False,0,-0.02025116083
DBC,6,2013-11-29,-0.1011521233,-0.08807932263,-0.1011521233,0.01307280068,changed,False,0,0.01307280068
DBC,6,2014-02-28,0.0604703342,0.0637386926,0.0604703342,0.0032683584,changed,False,0,0.0032683584
DBC,6,2014-04-30,0.2534083594,0.2700851431,0.2534083594,0.01667678373,changed,False,0,0.01667678373
DBC,6,2014-11-28,0.146951398,0.1629243331,0.146951398,0.01597293503,changed,False,0,0.01597293503
DBC,6,2015-01-30,0.2792261557,0.3023938276,0.2792261557,0.02316767189,changed,False,0,0.02316767189
DBC,6,2015-02-27,0.3091228248,0.2844316911,0.3091228248,-0.02469113366,changed,False,0,-0.02469113366
DBC,6,2015-06-30,0.3734463277,0.368079096,0.3734463277,-0.005367231638,changed,False,0,-0.005367231638
DBC,6,2016-09-30,0.284065754,0.252768903,0.284065754,-0.03129685099,changed,False,0,-0.03129685099
DBC,6,2018-02-28,0.1388318654,0.1393189205,0.1388318654,0.0004870550651,changed,False,0,0.0004870550651
DBC,6,2018-09-28,0.1652280173,0.1573985577,0.1652280173,-0.00782945962,changed,False,0,-0.00782945962
DBC,6,2018-11-30,0.2227712614,0.2411493606,0.2227712614,0.01837809922,changed,False,0,0.01837809922
DBC,6,2019-02-28,0.1221482675,0.1299230537,0.1221482675,0.007774786169,changed,False,0,0.007774786169
DBC,6,2020-06-30,0.05348079877,0.05251707015,0.05348079877,-0.0009637286183,changed,False,0,-0.0009637286183
DBC,6,2021-01-29,-0.1719840088,-0.1900835754,-0.1719840088,-0.01809956668,changed,False,0,-0.01809956668
DBC,6,2021-02-26,0.06759690411,-0.01104050722,0.06759690411,-0.07863741133,changed,True,0,-0.07863741133
DBC,6,2021-06-30,-0.02473928159,-0.01635733582,-0.02473928159,0.008381945772,changed,False,0,0.008381945772
DBC,6,2022-09-30,0.2443703347,0.234221039,0.2443703347,-0.01014929575,changed,False,0,-0.01014929575
DBC,6,2023-11-30,0.2272929176,0.2828386739,0.2272929176,0.05554575631,changed,False,0,0.05554575631
DBC,6,2024-02-29,0.2384063671,0.3026012755,0.2384063671,0.06419490844,changed,False,0,0.06419490844
DBC,6,2024-11-29,0.03579707897,0.08989006345,0.03579707897,0.05409298449,changed,False,0,0.05409298449
DBC,6,2025-02-28,-0.1192581952,-0.1327970484,-0.1192581952,-0.01353885321,changed,False,0,-0.01353885321
DBC,6,2025-04-30,-0.2428784635,-0.2937171501,-0.2428784635,-0.05083868659,changed,False,0,-0.05083868659
DBC,6,2025-11-28,-0.4390975125,-0.4340261759,-0.4390975125,0.005071336601,changed,False,0,0.005071336601
DBC,6,2026-01-30,-0.2035363251,-0.1885221666,-0.2035363251,0.01501415852,changed,False,0,0.01501415852
DBC,6,2026-02-27,-0.2185892183,-0.2028610661,-0.2185892183,0.01572815219,changed,False,0,0.01572815219
VTI,12,2007-02-28,-0.0544798136,-0.06957635108,-0.0544798136,-0.01509653748,changed,False,0,-0.01509653748
VTI,12,2025-04-30,-0.5122757735,-0.5043375711,-0.5043375711,0.007938202465,changed,False,0.007938202465,0
VOO,12,2012-10-31,-1.308216712,-0.03478054908,-0.03478054908,1.273436163,changed,False,1.273436163,0
VOO,12,2012-11-30,-1.274672898,0.02806918987,0.02806918987,1.302742088,changed,True,1.302742088,0
VOO,12,2012-12-31,-1.367138003,-0.02627953561,-0.02627953561,1.340858468,changed,False,1.340858468,0
VOO,12,2013-01-31,-1.352104519,-0.1418698297,-0.1418698297,1.210234689,changed,False,1.210234689,0
VOO,12,2013-02-28,-1.473035976,-0.2211963861,-0.2211963861,1.25183959,changed,False,1.25183959,0
VOO,12,2013-03-29,-1.432286789,-0.2225356485,-0.2225356485,1.20975114,changed,False,1.20975114,0
VOO,12,2013-04-30,-1.421685888,-0.2195909749,-0.2195909749,1.202094913,changed,False,1.202094913,0
VOO,12,2013-05-31,-1.3851526,-0.1818019927,-0.1818019927,1.203350608,changed,False,1.203350608,0
VOO,12,2013-06-28,-1.461522858,-0.2138741674,-0.2138741674,1.247648691,changed,False,1.247648691,0
VOO,12,2013-07-31,-1.419294286,-0.2256970812,-0.2256970812,1.193597205,changed,False,1.193597205,0
VOO,12,2013-08-30,-1.468147572,-0.2149499134,-0.2149499134,1.253197658,changed,False,1.253197658,0
VOO,12,2013-09-30,-1.419967203,-0.2252359275,-0.2252359275,1.194731275,changed,False,1.194731275,0
VGT,12,2007-02-28,-0.05489216749,-0.07281024793,-0.05489216749,-0.01791808044,changed,False,0,-0.01791808044
VGT,12,2025-03-31,-0.4993841514,-0.4993967678,-0.4993967678,-1.261641788e-05,changed,False,-1.261641788e-05,0
VGT,12,2025-04-30,0.6162989989,-0.723536996,-0.723536996,-1.339835995,changed,True,-1.339835995,0
VGT,12,2025-05-30,0.5114942374,-0.8921063181,-0.8921063181,-1.403600555,changed,True,-1.403600555,0
VGT,12,2025-06-30,0.7314893802,-0.4863925224,-0.4863925224,-1.217881903,changed,True,-1.217881903,0
VGT,12,2025-07-31,0.7355460645,-0.418241808,-0.418241808,-1.153787872,changed,True,-1.153787872,0
VGT,12,2025-08-29,0.7697608513,-0.4399580302,-0.4399580302,-1.209718882,changed,True,-1.209718882,0
VHT,12,2007-02-28,-0.08754159466,-0.1040114849,-0.08754159466,-0.01646989029,changed,False,0,-0.01646989029
VHT,12,2025-03-31,-0.2676374135,-0.2676264179,-0.2676264179,1.099564196e-05,changed,False,1.099564196e-05,0
VHT,12,2025-04-30,-0.2845984381,-0.2845867464,-0.2845867464,1.169166408e-05,changed,False,1.169166408e-05,0
VHT,12,2025-05-30,-0.4554739673,-0.4554614709,-0.4554614709,1.249636761e-05,changed,False,1.249636761e-05,0
VHT,12,2025-06-30,-0.3318854076,-0.3318721633,-0.3318721633,1.324429616e-05,changed,False,1.324429616e-05,0
VHT,12,2025-07-31,-0.3282239704,-0.3282108199,-0.3282108199,1.315052164e-05,changed,False,1.315052164e-05,0
VHT,12,2025-08-29,-0.333008805,-0.3329951516,-0.3329951516,1.365348537e-05,changed,False,1.365348537e-05,0
VFH,12,2007-02-28,0.1294554193,0.1349973864,0.1294554193,0.005541967117,changed,False,0,0.005541967117
VFH,12,2025-03-31,-0.2467726498,-0.2467972324,-0.2467972324,-2.458258866e-05,changed,False,-2.458258866e-05,0
VFH,12,2025-04-30,-0.3222356477,-0.3084251402,-0.3084251402,0.01381050743,changed,False,0.01381050743,0
VFH,12,2025-05-30,-0.334494322,-0.3345198839,-0.3345198839,-2.556185933e-05,changed,False,-2.556185933e-05,0
VFH,12,2025-06-30,-0.1485477855,-0.148573531,-0.148573531,-2.574548629e-05,changed,False,-2.574548629e-05,0
VFH,12,2025-07-31,-0.1803056105,-0.1803320071,-0.1803320071,-2.639664341e-05,changed,False,-2.639664341e-05,0
VFH,12,2025-08-29,-0.1456536042,-0.1456801854,-0.1456801854,-2.658112917e-05,changed,False,-2.658112917e-05,0
VIS,12,2007-02-28,-0.1257730874,-0.1368735906,-0.1257730874,-0.01110050317,changed,False,0,-0.01110050317
VIS,12,2025-03-31,-0.5011022385,-0.501157245,-0.501157245,-5.500646284e-05,changed,False,-5.500646284e-05,0
VIS,12,2025-04-30,-0.5990548835,-0.5825250572,-0.5825250572,0.01652982625,changed,False,0.01652982625,0
VIS,12,2025-05-30,-0.56553339,-0.5655891295,-0.5655891295,-5.573948511e-05,changed,False,-5.573948511e-05,0
VIS,12,2025-06-30,-0.3679892585,-0.36804482,-0.36804482,-5.556147679e-05,changed,False,-5.556147679e-05,0
VIS,12,2025-07-31,-0.2742107483,-0.2742619957,-0.2742619957,-5.124739603e-05,changed,False,-5.124739603e-05,0
VIS,12,2025-08-29,-0.2309471877,-0.2309983889,-0.2309983889,-5.120120367e-05,changed,False,-5.120120367e-05,0
VDE,12,2007-02-28,-0.384353019,-0.4309190898,-0.384353019,-0.04656607076,changed,False,0,-0.04656607076
VDE,12,2025-03-31,-0.6590706561,-0.6592765661,-0.6592765661,-0.0002059100357,changed,False,-0.0002059100357,0
VDE,12,2025-04-30,-0.6446528381,-0.6448636317,-0.6448636317,-0.0002107935951,changed,False,-0.0002107935951,0
VDE,12,2025-05-30,-0.7220735265,-0.7222816676,-0.7222816676,-0.0002081411831,changed,False,-0.0002081411831,0
VDE,12,2025-06-30,-0.391702443,-0.3918907136,-0.3918907136,-0.0001882706306,changed,False,-0.0001882706306,0
VDE,12,2025-07-31,-0.5038284918,-0.5040322962,-0.5040322962,-0.000203804377,changed,False,-0.000203804377,0
VDE,12,2025-08-29,-0.4792284623,-0.4794348218,-0.4794348218,-0.0002063595248,changed,False,-0.0002063595248,0
VPU,12,2007-02-28,-0.1398128857,-0.1315168186,-0.1398128857,0.008296067106,changed,False,0,0.008296067106
VPU,12,2025-03-31,-0.4375287495,-0.4376152671,-0.4376152671,-8.651765158e-05,changed,False,-8.651765158e-05,0
VPU,12,2025-04-30,-0.4212495627,-0.4052538456,-0.4052538456,0.01599571711,changed,False,0.01599571711,0
VPU,12,2025-05-30,-0.4070007242,-0.4070815934,-0.4070815934,-8.086923961e-05,changed,False,-8.086923961e-05,0
VPU,12,2025-06-30,-0.2533153663,-0.2533991103,-0.2533991103,-8.374400758e-05,changed,False,-8.374400758e-05,0
VPU,12,2025-07-31,-0.1681155309,-0.1681927491,-0.1681927491,-7.72181874e-05,changed,False,-7.72181874e-05,0
VPU,12,2025-08-29,-0.08964439657,-0.08971899384,-0.08971899384,-7.45972676e-05,changed,False,-7.45972676e-05,0
KIE,12,2007-02-28,0.04719453856,0.03510437064,0.04719453856,-0.01209016792,changed,False,0,-0.01209016792
VXUS,12,2025-04-30,-0.544933186,-0.5356507151,-0.5356507151,0.009282470827,changed,False,0.009282470827,0
VWO,12,2007-02-28,-0.3622070987,-0.3789742713,-0.3622070987,-0.01676717254,changed,False,0,-0.01676717254
VWO,12,2025-04-30,-0.5420396958,-0.5441010694,-0.5441010694,-0.00206137363,changed,False,-0.00206137363,0
VIG,12,2007-02-28,-0.08272399146,-0.09655839986,-0.08272399146,-0.0138344084,changed,False,0,-0.0138344084
VIG,12,2025-04-30,-0.4195509721,-0.4094629327,-0.4094629327,0.0100880394,changed,False,0.0100880394,0
VCIT,12,2025-04-30,-0.2535516713,-0.2586754063,-0.2586754063,-0.00512373504,changed,False,-0.00512373504,0
VMBS,12,2025-04-30,-0.2497779056,-0.2545118806,-0.2545118806,-0.004733975047,changed,False,-0.004733975047,0
VNQ,12,2007-02-28,0.1452485236,0.1272684537,0.1452485236,-0.01798006986,changed,False,0,-0.01798006986
VNQ,12,2025-03-31,-0.2484968952,-0.2483953412,-0.2483953412,0.0001015540183,changed,False,0.0001015540183,0
VNQ,12,2025-04-30,-0.330877728,-0.3307630336,-0.3307630336,0.000114694462,changed,False,0.000114694462,0
VNQ,12,2025-05-30,-0.4017826801,-0.4016704829,-0.4016704829,0.0001121971796,changed,False,0.0001121971796,0
VNQ,12,2025-06-30,-0.2425648722,-0.2424492252,-0.2424492252,0.0001156469801,changed,False,0.0001156469801,0
VNQ,12,2025-07-31,-0.210257315,-0.2101454362,-0.2101454362,0.000111878792,changed,False,0.000111878792,0
VNQ,12,2025-08-29,-0.1428245975,-0.1427152601,-0.1427152601,0.0001093374697,changed,False,0.0001093374697,0
GLD,12,2007-02-28,-0.4908839,-0.557499783,-0.4908839,-0.06661588307,changed,False,0,-0.06661588307
DBC,12,2007-02-28,-0.5442152713,-0.6020942459,-0.5442152713,-0.05787897454,changed,False,0,-0.05787897454
