code,as_of,recommendation_mode,sell_pct,consensus,confidence_tier,mean_predicted,mean_ic_reported,mean_hit_rate_reported,aggregate_oos_r2,pooled_ic,calibrated_prob_outperform,equal_weight_mean_ic,quality_weighted_mean_ic,pooled_ic_p_value,hit_rate,constant_rule_hit_rate,pesaran_timmermann_p_value,clark_west_p_value,shrinkage_alpha,prequential_ece,conformal_trailing_coverage,cpcv_verdict,cpcv_positive_paths,cpcv_n_paths,gate_oos_r2,gate_mean_ic,gate_directional_skill,gate_cpcv_completed,equal_weight_consensus,equal_weight_mode,equal_weight_sell_pct,quality_weighted_consensus,quality_weighted_mode,quality_weighted_sell_pct,gate_contract_version,gate_wfo_completed,gate_data_ready,failed_gates,deferral_reasons,wfo_completed,wfo_failed_pairs,data_ready,missing_live_features,stale_required_feeds,decision_row_date,readiness_basis,historical_cpcv_verdict,historical_cpcv_positive_paths,historical_cpcv_n_paths,historical_gate_cpcv_completed,db_sha256
master 449fcde (pre-R3),2026-02-28,DEFER-TO-TAX-DEFAULT,0.5,UNDERPERFORM,LOW,-0.0397237580433887,0.1006850704311598,0.6457781080184308,0.0303013706999712,0.1263121686426518,0.6458306961651752,0.1006850704311598,0.1034512763677451,0.0494167175322729,0.641156462585034,0.6998299319727891,0.3641166028392087,0.0006586785480963,0.5,0.1624232558529904,0.4895833333333333,MARGINAL,4.0,7.0,PASS,PASS,FAIL,PASS,NEUTRAL,DEFER-TO-TAX-DEFAULT,0.5,UNDERPERFORM,DEFER-TO-TAX-DEFAULT,0.5,,,,,,,,,,,,,,,,,
master 449fcde (pre-R3),2026-03-31,DEFER-TO-TAX-DEFAULT,0.5,NEUTRAL,LOW,-0.048406033683254,0.1057947219227786,0.6519582421091041,0.056518671284424,0.1319624948962395,0.617468519393215,0.1057947219227786,0.1124163951225382,0.0827639170411545,0.6380471380471381,0.6961279461279462,0.3825464611288521,0.0002798993276325,0.5,0.1735586546555336,0.4479166666666666,MARGINAL,4.0,7.0,PASS,PASS,FAIL,PASS,NEUTRAL,DEFER-TO-TAX-DEFAULT,0.5,NEUTRAL,DEFER-TO-TAX-DEFAULT,0.5,,,,,,,,,,,,,,,,,
master 449fcde (pre-R3),2026-04-22,DEFER-TO-TAX-DEFAULT,0.5,NEUTRAL,LOW,-0.048406033683254,0.1057947219227786,0.6519582421091041,0.056518671284424,0.1319624948962395,0.617468519393215,0.1057947219227786,0.1124163951225382,0.0827639170411545,0.6380471380471381,0.6961279461279462,0.3825464611288521,0.0002798993276325,0.5,0.1735586546555336,0.4479166666666666,MARGINAL,4.0,7.0,PASS,PASS,FAIL,PASS,NEUTRAL,DEFER-TO-TAX-DEFAULT,0.5,NEUTRAL,DEFER-TO-TAX-DEFAULT,0.5,,,,,,,,,,,,,,,,,
master 449fcde (pre-R3),2026-05-22,DEFER-TO-TAX-DEFAULT,0.5,UNDERPERFORM,LOW,-0.0665770160883506,0.08787354815284,0.6327519319131161,0.0304712216250983,0.1075914774940815,0.6633577116358926,0.08787354815284,0.0953345859561505,0.159017312724089,0.6308333333333334,0.6941666666666667,0.4603703605478209,0.001844194818962,0.5,0.192919206347252,0.4270833333333333,MARGINAL,4.0,7.0,PASS,PASS,FAIL,PASS,UNDERPERFORM,DEFER-TO-TAX-DEFAULT,0.5,UNDERPERFORM,DEFER-TO-TAX-DEFAULT,0.5,,,,,,,,,,,,,,,,,
master 449fcde (pre-R3),2026-06-22,DEFER-TO-TAX-DEFAULT,0.5,UNDERPERFORM,LOW,-0.0735253870160446,0.0730197800611793,0.6300413720405231,0.0351793552163983,0.0873023785278136,0.66774952079554,0.0730197800611793,0.0785657610554326,0.244594013801679,0.6155115511551155,0.6881188118811881,0.5756798359288038,0.0012475742152985,0.5,0.1703424486591638,0.40625,MARGINAL,4.0,7.0,PASS,PASS,FAIL,PASS,NEUTRAL,DEFER-TO-TAX-DEFAULT,0.5,UNDERPERFORM,DEFER-TO-TAX-DEFAULT,0.5,,,,,,,,,,,,,,,,,
master 449fcde (pre-R3),2026-07-22,DEFER-TO-TAX-DEFAULT,0.5,NEUTRAL,LOW,-0.0448923638002023,0.0695767534390263,0.6214897467338045,0.0513234396011704,0.0898983042193773,0.6629488566196333,0.0695767534390263,0.0741308004416881,0.2395966953875605,0.6174055829228243,0.6830870279146142,0.5024105400195307,0.0006169965890804,0.5,0.1693072393076868,0.4270833333333333,MARGINAL,4.0,7.0,PASS,MARGINAL,FAIL,PASS,NEUTRAL,DEFER-TO-TAX-DEFAULT,0.5,NEUTRAL,DEFER-TO-TAX-DEFAULT,0.5,,,,,,,,,,,,,,,,,
master 449fcde (pre-R3),2026-08-20,DEFER-TO-TAX-DEFAULT,0.5,NEUTRAL,LOW,-0.0225479988435544,0.0487495580622246,0.6211805933447487,0.0120781761660327,0.0729596172074717,0.7036127493188435,0.0487495580622246,0.0563419623980089,0.2920809689316798,0.6045751633986928,0.6821895424836601,0.6153905234366899,0.0017519494414368,0.5,0.1436626506024376,0.4479166666666666,MARGINAL,4.0,7.0,MARGINAL,MARGINAL,FAIL,PASS,NEUTRAL,DEFER-TO-TAX-DEFAULT,0.5,NEUTRAL,DEFER-TO-TAX-DEFAULT,0.5,,,,,,,,,,,,,,,,,
master 449fcde (pre-R3),2026-09-21,DEFER-TO-TAX-DEFAULT,0.5,UNDERPERFORM,LOW,-0.0143308126079708,0.0761977466229586,0.631619029825736,0.0286425815698765,0.1019396474861408,0.6580709796948959,0.0761977466229586,0.0822264914823204,0.1254216873133116,0.6282679738562091,0.6813725490196079,0.3913505415401554,0.000635199003409,0.5,0.1540599095650857,0.4270833333333333,MARGINAL,4.0,7.0,PASS,PASS,FAIL,PASS,NEUTRAL,DEFER-TO-TAX-DEFAULT,0.5,UNDERPERFORM,DEFER-TO-TAX-DEFAULT,0.5,,,,,,,,,,,,,,,,,
R3 1b94bf0,2026-02-28,DEFER-TO-TAX-DEFAULT,0.5,UNDERPERFORM,LOW,-0.0397237580433887,0.1006850704311598,0.6457781080184308,0.0303013706999712,0.1263121686426518,0.6458306961651752,0.1006850704311598,0.1034512763677451,0.0494167175322729,0.641156462585034,0.6998299319727891,0.3641166028392087,0.0006586785480963,0.5,0.1624232558529904,0.4895833333333333,,,,PASS,PASS,FAIL,,NEUTRAL,DEFER-TO-TAX-DEFAULT,0.5,UNDERPERFORM,DEFER-TO-TAX-DEFAULT,0.5,chronological-readiness-2026-09-27,PASS,PASS,directional_skill,directional_skill FAIL: p=0.364; hit 64.1% vs base rate 70.0% (needs PT p < 0.05),True,,True,,,2026-02-27,backdated_reconstruction,,,,,f453ab9817ffbc5d176bcca03ca7c64a86493db652a150012ac852d93811f51d
R3 1b94bf0,2026-03-31,DEFER-TO-TAX-DEFAULT,0.5,NEUTRAL,LOW,-0.048406033683254,0.1057947219227786,0.6519582421091041,0.056518671284424,0.1319624948962395,0.617468519393215,0.1057947219227786,0.1124163951225382,0.0827639170411545,0.6380471380471381,0.6961279461279462,0.3825464611288521,0.0002798993276325,0.5,0.1735586546555336,0.4479166666666666,,,,PASS,PASS,FAIL,,NEUTRAL,DEFER-TO-TAX-DEFAULT,0.5,NEUTRAL,DEFER-TO-TAX-DEFAULT,0.5,chronological-readiness-2026-09-27,PASS,PASS,directional_skill,directional_skill FAIL: p=0.383; hit 63.8% vs base rate 69.6% (needs PT p < 0.05),True,,True,,,2026-03-31,backdated_reconstruction,,,,,f453ab9817ffbc5d176bcca03ca7c64a86493db652a150012ac852d93811f51d
R3 1b94bf0,2026-04-22,DEFER-TO-TAX-DEFAULT,0.5,NEUTRAL,LOW,-0.048406033683254,0.1057947219227786,0.6519582421091041,0.056518671284424,0.1319624948962395,0.617468519393215,0.1057947219227786,0.1124163951225382,0.0827639170411545,0.6380471380471381,0.6961279461279462,0.3825464611288521,0.0002798993276325,0.5,0.1735586546555336,0.4479166666666666,,,,PASS,PASS,FAIL,,NEUTRAL,DEFER-TO-TAX-DEFAULT,0.5,NEUTRAL,DEFER-TO-TAX-DEFAULT,0.5,chronological-readiness-2026-09-27,PASS,FAIL,directional_skill; data_ready,"directional_skill FAIL: p=0.383; hit 63.8% vs base rate 69.6% (needs PT p < 0.05); data_ready FAIL: not ready: stale required feeds: Dividends VMBS, Dividends BND",True,,False,,Dividends VMBS; Dividends BND,2026-03-31,backdated_reconstruction,,,,,f453ab9817ffbc5d176bcca03ca7c64a86493db652a150012ac852d93811f51d
R3 1b94bf0,2026-05-22,DEFER-TO-TAX-DEFAULT,0.5,UNDERPERFORM,LOW,-0.0665770160883506,0.08787354815284,0.6327519319131161,0.0304712216250983,0.1075914774940815,0.6633577116358926,0.08787354815284,0.0953345859561505,0.159017312724089,0.6308333333333334,0.6941666666666667,0.4603703605478209,0.001844194818962,0.5,0.192919206347252,0.4270833333333333,,,,PASS,PASS,FAIL,,UNDERPERFORM,DEFER-TO-TAX-DEFAULT,0.5,UNDERPERFORM,DEFER-TO-TAX-DEFAULT,0.5,chronological-readiness-2026-09-27,PASS,FAIL,directional_skill; data_ready,"directional_skill FAIL: p=0.460; hit 63.1% vs base rate 69.4% (needs PT p < 0.05); data_ready FAIL: not ready: stale required feeds: Dividends VOO, Dividends VWO, Dividends VMBS, Dividends BND",True,,False,,Dividends VOO; Dividends VWO; Dividends VMBS; Dividends BND,2026-04-30,backdated_reconstruction,,,,,f453ab9817ffbc5d176bcca03ca7c64a86493db652a150012ac852d93811f51d
R3 1b94bf0,2026-06-22,DEFER-TO-TAX-DEFAULT,0.5,UNDERPERFORM,LOW,-0.0735253870160446,0.0730197800611793,0.6300413720405231,0.0351793552163983,0.0873023785278136,0.66774952079554,0.0730197800611793,0.0785657610554326,0.244594013801679,0.6155115511551155,0.6881188118811881,0.5756798359288038,0.0012475742152985,0.5,0.1703424486591638,0.40625,,,,PASS,PASS,FAIL,,NEUTRAL,DEFER-TO-TAX-DEFAULT,0.5,UNDERPERFORM,DEFER-TO-TAX-DEFAULT,0.5,chronological-readiness-2026-09-27,PASS,FAIL,directional_skill; data_ready,"directional_skill FAIL: p=0.576; hit 61.6% vs base rate 68.8% (needs PT p < 0.05); data_ready FAIL: not ready: stale required feeds: Dividends VOO, Dividends VWO, Dividends VMBS, Dividends BND",True,,False,,Dividends VOO; Dividends VWO; Dividends VMBS; Dividends BND,2026-05-29,backdated_reconstruction,,,,,f453ab9817ffbc5d176bcca03ca7c64a86493db652a150012ac852d93811f51d
R3 1b94bf0,2026-07-22,DEFER-TO-TAX-DEFAULT,0.5,NEUTRAL,LOW,-0.0448923638002023,0.0695767534390263,0.6214897467338045,0.0513234396011704,0.0898983042193773,0.6629488566196333,0.0695767534390263,0.0741308004416881,0.2395966953875605,0.6174055829228243,0.6830870279146142,0.5024105400195307,0.0006169965890804,0.5,0.1693072393076868,0.4270833333333333,,,,PASS,MARGINAL,FAIL,,NEUTRAL,DEFER-TO-TAX-DEFAULT,0.5,NEUTRAL,DEFER-TO-TAX-DEFAULT,0.5,chronological-readiness-2026-09-27,PASS,FAIL,directional_skill; data_ready,"directional_skill FAIL: p=0.502; hit 61.7% vs base rate 68.3% (needs PT p < 0.05); data_ready FAIL: not ready: stale required feeds: Dividends VOO, Dividends VWO, Dividends VMBS, Dividends BND",True,,False,,Dividends VOO; Dividends VWO; Dividends VMBS; Dividends BND,2026-06-30,backdated_reconstruction,,,,,f453ab9817ffbc5d176bcca03ca7c64a86493db652a150012ac852d93811f51d
R3 1b94bf0,2026-08-20,DEFER-TO-TAX-DEFAULT,0.5,NEUTRAL,LOW,-0.0225479988435544,0.0487495580622246,0.6211805933447487,0.0120781761660327,0.0729596172074717,0.7036127493188435,0.0487495580622246,0.0563419623980089,0.2920809689316798,0.6045751633986928,0.6821895424836601,0.6153905234366899,0.0017519494414368,0.5,0.1436626506024376,0.4479166666666666,,,,MARGINAL,MARGINAL,FAIL,,NEUTRAL,DEFER-TO-TAX-DEFAULT,0.5,NEUTRAL,DEFER-TO-TAX-DEFAULT,0.5,chronological-readiness-2026-09-27,PASS,FAIL,directional_skill; data_ready,"directional_skill FAIL: p=0.615; hit 60.5% vs base rate 68.2% (needs PT p < 0.05); data_ready FAIL: not ready: stale required feeds: Dividends VOO, Dividends VXUS, Dividends VWO, Dividends VMBS, Dividends BND, Dividends VDE",True,,False,,Dividends VOO; Dividends VXUS; Dividends VWO; Dividends VMBS; Dividends BND; Dividends VDE,2026-07-31,backdated_reconstruction,,,,,f453ab9817ffbc5d176bcca03ca7c64a86493db652a150012ac852d93811f51d
R3 1b94bf0,2026-09-21,DEFER-TO-TAX-DEFAULT,0.5,UNDERPERFORM,LOW,-0.0143308126079708,0.0761977466229586,0.631619029825736,0.0286425815698765,0.1019396474861408,0.6580709796948959,0.0761977466229586,0.0822264914823204,0.1254216873133116,0.6282679738562091,0.6813725490196079,0.3913505415401554,0.000635199003409,0.5,0.1540599095650857,0.4270833333333333,,,,PASS,PASS,FAIL,,NEUTRAL,DEFER-TO-TAX-DEFAULT,0.5,UNDERPERFORM,DEFER-TO-TAX-DEFAULT,0.5,chronological-readiness-2026-09-27,PASS,FAIL,directional_skill; data_ready,"directional_skill FAIL: p=0.391; hit 62.8% vs base rate 68.1% (needs PT p < 0.05); data_ready FAIL: not ready: stale required feeds: Dividends VOO, Dividends VXUS, Dividends VWO, Dividends VMBS, Dividends BND, Dividends VDE",True,,False,,Dividends VOO; Dividends VXUS; Dividends VWO; Dividends VMBS; Dividends BND; Dividends VDE,2026-08-31,live,,,,,f453ab9817ffbc5d176bcca03ca7c64a86493db652a150012ac852d93811f51d
