variant,variant_label,benchmark,classifier_raw_prob_actionable_sell,classifier_prob_actionable_sell,classifier_history_obs,classifier_weight,classifier_weighted_contribution,classifier_shadow_tier,is_contextual,benchmark_specific_features,benchmark_specific_prob_actionable_sell,benchmark_specific_tier,feature_set,reporting_only
baseline_shadow,,BND,0.9137388800559546,0.24956798569231708,156,0.1699471676726181,0.04241337231016977,HIGH,False,pb_ratio|npw_per_pif_yoy|mortgage_spread_30y_10y|motor_vehicle_ins_cpi_yoy|combined_ratio_ttm|npw_growth_yoy|roe|credit_spread_hy|excess_bond_premium_proxy|real_yield_change_6m|npw_vs_npe_spread_pct|mom_6m,0.869455497383034,HIGH,,
baseline_shadow,,DBC,0.9399969668710533,0.5533651543703432,168,0.13936616049438139,0.07712037691597538,LOW,True,combined_ratio_ttm|underwriting_margin_ttm|real_yield_change_6m|rate_adequacy_gap_yoy|baa10y_spread|commodity_equity_momentum|npw_per_pif_yoy|real_rate_10y|ppi_auto_ins_yoy|npw_growth_yoy|investment_income_growth_yoy|credit_spread_hy,0.9275200613814079,HIGH,,
baseline_shadow,,GLD,0.8961299477510539,0.46655889555120394,186,0.1416884613617314,0.06610601204527884,LOW,True,mom_12m|vol_63d|yield_slope|real_yield_change_6m|real_rate_10y|credit_spread_hy|nfci|vix|combined_ratio_ttm|investment_income_growth_yoy|book_value_per_share_growth_yoy|npw_growth_yoy,0.46655889555120394,LOW,,
baseline_shadow,,VDE,0.8511931752697763,0.4146716419575304,186,0.12593608588380334,0.0522221235151413,LOW,True,mom_12m|vol_63d|yield_slope|real_yield_change_6m|real_rate_10y|credit_spread_hy|nfci|vix|combined_ratio_ttm|investment_income_growth_yoy|book_value_per_share_growth_yoy|npw_growth_yoy,0.4146716419575304,LOW,,
baseline_shadow,,VGT,0.6635498256057976,0.4973733274055053,192,0.0,0.0,LOW,False,mom_12m|vol_63d|yield_slope|real_yield_change_6m|real_rate_10y|credit_spread_hy|nfci|vix|combined_ratio_ttm|investment_income_growth_yoy|book_value_per_share_growth_yoy|npw_growth_yoy,0.4973733274055053,LOW,,
baseline_shadow,,VIG,0.8306170217903863,0.5138633837008835,168,0.0,0.0,LOW,False,pb_ratio|wti_return_3m|monthly_combined_ratio_delta|real_yield_change_6m|baa10y_spread|yield_curvature|npw_per_pif_yoy|vwo_vxus_spread_6m|underwriting_income_3m|combined_ratio_ttm|mom_3m|commodity_equity_momentum,0.5640322644777594,LOW,,
baseline_shadow,,VMBS,0.8523964583767691,0.3191203701699497,120,0.14181212458746578,0.04525513769293911,MODERATE,True,mom_12m|vol_63d|yield_slope|real_yield_change_6m|real_rate_10y|credit_spread_hy|nfci|vix|combined_ratio_ttm|investment_income_growth_yoy|book_value_per_share_growth_yoy|npw_growth_yoy,0.3191203701699497,MODERATE,,
baseline_shadow,,VOO,0.7118618341357406,0.48359973687315694,114,0.09375,0.04533747533185846,LOW,False,mom_12m|vol_63d|yield_slope|real_yield_change_6m|real_rate_10y|credit_spread_hy|nfci|vix|combined_ratio_ttm|investment_income_growth_yoy|book_value_per_share_growth_yoy|npw_growth_yoy,0.48359973687315694,LOW,,
baseline_shadow,,VWO,0.8484787701977047,0.33992318343103495,180,0.09375,0.031867798446659525,MODERATE,False,mom_12m|vol_63d|yield_slope|real_yield_change_6m|real_rate_10y|credit_spread_hy|nfci|vix|combined_ratio_ttm|investment_income_growth_yoy|book_value_per_share_growth_yoy|npw_growth_yoy,0.33992318343103495,MODERATE,,
baseline_shadow,,VXUS,0.8017757744590238,0.5481353657750433,108,0.09375,0.051387690541410305,LOW,False,mom_12m|vol_63d|yield_slope|real_yield_change_6m|real_rate_10y|credit_spread_hy|nfci|vix|combined_ratio_ttm|investment_income_growth_yoy|book_value_per_share_growth_yoy|npw_growth_yoy,0.5481353657750433,LOW,,
autoresearch_followon_v150,,BND,0.9137388800559546,0.24956798569231708,156,0.1699471676726181,0.04241337231016977,HIGH,False,pb_ratio|npw_per_pif_yoy|mortgage_spread_30y_10y|motor_vehicle_ins_cpi_yoy|combined_ratio_ttm|npw_growth_yoy|roe|credit_spread_hy|excess_bond_premium_proxy|real_yield_change_6m|npw_vs_npe_spread_pct|mom_6m,0.869455497383034,HIGH,,
autoresearch_followon_v150,,DBC,0.9399969668710533,0.5533651543703432,168,0.13936616049438139,0.07712037691597538,LOW,True,combined_ratio_ttm|underwriting_margin_ttm|real_yield_change_6m|rate_adequacy_gap_yoy|baa10y_spread|commodity_equity_momentum|npw_per_pif_yoy|real_rate_10y|ppi_auto_ins_yoy|npw_growth_yoy|investment_income_growth_yoy|credit_spread_hy,0.9275200613814079,HIGH,,
autoresearch_followon_v150,,GLD,0.8961299477510539,0.46655889555120394,186,0.1416884613617314,0.06610601204527884,LOW,True,mom_12m|vol_63d|yield_slope|real_yield_change_6m|real_rate_10y|credit_spread_hy|nfci|vix|combined_ratio_ttm|investment_income_growth_yoy|book_value_per_share_growth_yoy|npw_growth_yoy,0.46655889555120394,LOW,,
autoresearch_followon_v150,,VDE,0.8511931752697763,0.4146716419575304,186,0.12593608588380334,0.0522221235151413,LOW,True,mom_12m|vol_63d|yield_slope|real_yield_change_6m|real_rate_10y|credit_spread_hy|nfci|vix|combined_ratio_ttm|investment_income_growth_yoy|book_value_per_share_growth_yoy|npw_growth_yoy,0.4146716419575304,LOW,,
autoresearch_followon_v150,,VGT,0.6635498256057976,0.4973733274055053,192,0.0,0.0,LOW,False,mom_12m|vol_63d|yield_slope|real_yield_change_6m|real_rate_10y|credit_spread_hy|nfci|vix|combined_ratio_ttm|investment_income_growth_yoy|book_value_per_share_growth_yoy|npw_growth_yoy,0.4973733274055053,LOW,,
autoresearch_followon_v150,,VIG,0.8306170217903863,0.5138633837008835,168,0.0,0.0,LOW,False,pb_ratio|wti_return_3m|monthly_combined_ratio_delta|real_yield_change_6m|baa10y_spread|yield_curvature|npw_per_pif_yoy|vwo_vxus_spread_6m|underwriting_income_3m|combined_ratio_ttm|mom_3m|commodity_equity_momentum,0.5640322644777594,LOW,,
autoresearch_followon_v150,,VMBS,0.8523964583767691,0.3191203701699497,120,0.14181212458746578,0.04525513769293911,MODERATE,True,mom_12m|vol_63d|yield_slope|real_yield_change_6m|real_rate_10y|credit_spread_hy|nfci|vix|combined_ratio_ttm|investment_income_growth_yoy|book_value_per_share_growth_yoy|npw_growth_yoy,0.3191203701699497,MODERATE,,
autoresearch_followon_v150,,VOO,0.7118618341357406,0.48359973687315694,114,0.09375,0.04533747533185846,LOW,False,mom_12m|vol_63d|yield_slope|real_yield_change_6m|real_rate_10y|credit_spread_hy|nfci|vix|combined_ratio_ttm|investment_income_growth_yoy|book_value_per_share_growth_yoy|npw_growth_yoy,0.48359973687315694,LOW,,
autoresearch_followon_v150,,VWO,0.8484787701977047,0.33992318343103495,180,0.09375,0.031867798446659525,MODERATE,False,mom_12m|vol_63d|yield_slope|real_yield_change_6m|real_rate_10y|credit_spread_hy|nfci|vix|combined_ratio_ttm|investment_income_growth_yoy|book_value_per_share_growth_yoy|npw_growth_yoy,0.33992318343103495,MODERATE,,
autoresearch_followon_v150,,VXUS,0.8017757744590238,0.5481353657750433,108,0.09375,0.051387690541410305,LOW,False,mom_12m|vol_63d|yield_slope|real_yield_change_6m|real_rate_10y|credit_spread_hy|nfci|vix|combined_ratio_ttm|investment_income_growth_yoy|book_value_per_share_growth_yoy|npw_growth_yoy,0.5481353657750433,LOW,,
ta_minimal_replacement,TA Minimal Replacement,BND,0.9129339488553468,0.25263503108322616,156,0.1699471676726181,0.04293460798747813,HIGH,False,ta_pgr_obv_detrended|ta_pgr_natr_63d|yield_slope|real_yield_change_6m|real_rate_10y|credit_spread_hy|nfci|vix|combined_ratio_ttm|investment_income_growth_yoy|book_value_per_share_growth_yoy|npw_growth_yoy,0.25263503108322616,HIGH,ta_pgr_obv_detrended|ta_pgr_natr_63d|yield_slope|real_yield_change_6m|real_rate_10y|credit_spread_hy|nfci|vix|combined_ratio_ttm|investment_income_growth_yoy|book_value_per_share_growth_yoy|npw_growth_yoy,True
ta_minimal_replacement,TA Minimal Replacement,DBC,0.9456801955986116,0.5617192380570832,168,0.13936616049438139,0.07828465348384508,LOW,True,ta_pgr_obv_detrended|ta_pgr_natr_63d|yield_slope|real_yield_change_6m|real_rate_10y|credit_spread_hy|nfci|vix|combined_ratio_ttm|investment_income_growth_yoy|book_value_per_share_growth_yoy|npw_growth_yoy,0.5617192380570832,LOW,ta_pgr_obv_detrended|ta_pgr_natr_63d|yield_slope|real_yield_change_6m|real_rate_10y|credit_spread_hy|nfci|vix|combined_ratio_ttm|investment_income_growth_yoy|book_value_per_share_growth_yoy|npw_growth_yoy,True
ta_minimal_replacement,TA Minimal Replacement,GLD,0.8976181172502944,0.44145101341262777,186,0.1416884613617314,0.06254851485701228,LOW,True,ta_pgr_obv_detrended|ta_pgr_natr_63d|yield_slope|real_yield_change_6m|real_rate_10y|credit_spread_hy|nfci|vix|combined_ratio_ttm|investment_income_growth_yoy|book_value_per_share_growth_yoy|npw_growth_yoy,0.44145101341262777,LOW,ta_pgr_obv_detrended|ta_pgr_natr_63d|yield_slope|real_yield_change_6m|real_rate_10y|credit_spread_hy|nfci|vix|combined_ratio_ttm|investment_income_growth_yoy|book_value_per_share_growth_yoy|npw_growth_yoy,True
ta_minimal_replacement,TA Minimal Replacement,VDE,0.8889655273486081,0.4447693932794556,186,0.12593608588380334,0.056012516510528625,LOW,True,ta_pgr_obv_detrended|ta_pgr_natr_63d|yield_slope|real_yield_change_6m|real_rate_10y|credit_spread_hy|nfci|vix|combined_ratio_ttm|investment_income_growth_yoy|book_value_per_share_growth_yoy|npw_growth_yoy,0.4447693932794556,LOW,ta_pgr_obv_detrended|ta_pgr_natr_63d|yield_slope|real_yield_change_6m|real_rate_10y|credit_spread_hy|nfci|vix|combined_ratio_ttm|investment_income_growth_yoy|book_value_per_share_growth_yoy|npw_growth_yoy,True
ta_minimal_replacement,TA Minimal Replacement,VGT,0.7174505527340388,0.5196840603390008,192,0.0,0.0,LOW,False,ta_pgr_obv_detrended|ta_pgr_natr_63d|yield_slope|real_yield_change_6m|real_rate_10y|credit_spread_hy|nfci|vix|combined_ratio_ttm|investment_income_growth_yoy|book_value_per_share_growth_yoy|npw_growth_yoy,0.5196840603390008,LOW,ta_pgr_obv_detrended|ta_pgr_natr_63d|yield_slope|real_yield_change_6m|real_rate_10y|credit_spread_hy|nfci|vix|combined_ratio_ttm|investment_income_growth_yoy|book_value_per_share_growth_yoy|npw_growth_yoy,True
ta_minimal_replacement,TA Minimal Replacement,VIG,0.8658412795086733,0.5717525009015505,168,0.0,0.0,LOW,False,ta_pgr_obv_detrended|ta_pgr_natr_63d|yield_slope|real_yield_change_6m|real_rate_10y|credit_spread_hy|nfci|vix|combined_ratio_ttm|investment_income_growth_yoy|book_value_per_share_growth_yoy|npw_growth_yoy,0.5717525009015505,LOW,ta_pgr_obv_detrended|ta_pgr_natr_63d|yield_slope|real_yield_change_6m|real_rate_10y|credit_spread_hy|nfci|vix|combined_ratio_ttm|investment_income_growth_yoy|book_value_per_share_growth_yoy|npw_growth_yoy,True
ta_minimal_replacement,TA Minimal Replacement,VMBS,0.9048313423179122,0.3535325238732933,120,0.14181212458746578,0.05013519832124069,MODERATE,True,ta_pgr_obv_detrended|ta_pgr_natr_63d|yield_slope|real_yield_change_6m|real_rate_10y|credit_spread_hy|nfci|vix|combined_ratio_ttm|investment_income_growth_yoy|book_value_per_share_growth_yoy|npw_growth_yoy,0.3535325238732933,MODERATE,ta_pgr_obv_detrended|ta_pgr_natr_63d|yield_slope|real_yield_change_6m|real_rate_10y|credit_spread_hy|nfci|vix|combined_ratio_ttm|investment_income_growth_yoy|book_value_per_share_growth_yoy|npw_growth_yoy,True
ta_minimal_replacement,TA Minimal Replacement,VOO,0.8030912260591887,0.5553121067014859,114,0.09375,0.0520605100032643,LOW,False,ta_pgr_obv_detrended|ta_pgr_natr_63d|yield_slope|real_yield_change_6m|real_rate_10y|credit_spread_hy|nfci|vix|combined_ratio_ttm|investment_income_growth_yoy|book_value_per_share_growth_yoy|npw_growth_yoy,0.5553121067014859,LOW,ta_pgr_obv_detrended|ta_pgr_natr_63d|yield_slope|real_yield_change_6m|real_rate_10y|credit_spread_hy|nfci|vix|combined_ratio_ttm|investment_income_growth_yoy|book_value_per_share_growth_yoy|npw_growth_yoy,True
ta_minimal_replacement,TA Minimal Replacement,VWO,0.8745730954834612,0.3617155240570691,180,0.09375,0.033910830380350226,MODERATE,False,ta_pgr_obv_detrended|ta_pgr_natr_63d|yield_slope|real_yield_change_6m|real_rate_10y|credit_spread_hy|nfci|vix|combined_ratio_ttm|investment_income_growth_yoy|book_value_per_share_growth_yoy|npw_growth_yoy,0.3617155240570691,MODERATE,ta_pgr_obv_detrended|ta_pgr_natr_63d|yield_slope|real_yield_change_6m|real_rate_10y|credit_spread_hy|nfci|vix|combined_ratio_ttm|investment_income_growth_yoy|book_value_per_share_growth_yoy|npw_growth_yoy,True
ta_minimal_replacement,TA Minimal Replacement,VXUS,0.8755303667368171,0.6112333166594901,108,0.09375,0.0573031234368272,MODERATE,False,ta_pgr_obv_detrended|ta_pgr_natr_63d|yield_slope|real_yield_change_6m|real_rate_10y|credit_spread_hy|nfci|vix|combined_ratio_ttm|investment_income_growth_yoy|book_value_per_share_growth_yoy|npw_growth_yoy,0.6112333166594901,MODERATE,ta_pgr_obv_detrended|ta_pgr_natr_63d|yield_slope|real_yield_change_6m|real_rate_10y|credit_spread_hy|nfci|vix|combined_ratio_ttm|investment_income_growth_yoy|book_value_per_share_growth_yoy|npw_growth_yoy,True
ta_minimal_plus_vwo_pct_b,TA Minimal + VWO %B,BND,0.9143666508676945,0.25021976654752853,156,0.1699471676726181,0.04252414062045619,HIGH,False,ta_pgr_obv_detrended|ta_pgr_natr_63d|yield_slope|real_yield_change_6m|real_rate_10y|credit_spread_hy|nfci|ta_ratio_bb_pct_b_6m_vwo|combined_ratio_ttm|investment_income_growth_yoy|book_value_per_share_growth_yoy|npw_growth_yoy,0.25021976654752853,HIGH,ta_pgr_obv_detrended|ta_pgr_natr_63d|yield_slope|real_yield_change_6m|real_rate_10y|credit_spread_hy|nfci|ta_ratio_bb_pct_b_6m_vwo|combined_ratio_ttm|investment_income_growth_yoy|book_value_per_share_growth_yoy|npw_growth_yoy,True
ta_minimal_plus_vwo_pct_b,TA Minimal + VWO %B,DBC,0.9520465649601627,0.6237545637822213,168,0.13936616049438139,0.0869302786451759,MODERATE,True,ta_pgr_obv_detrended|ta_pgr_natr_63d|yield_slope|real_yield_change_6m|real_rate_10y|credit_spread_hy|nfci|ta_ratio_bb_pct_b_6m_vwo|combined_ratio_ttm|investment_income_growth_yoy|book_value_per_share_growth_yoy|npw_growth_yoy,0.6237545637822213,MODERATE,ta_pgr_obv_detrended|ta_pgr_natr_63d|yield_slope|real_yield_change_6m|real_rate_10y|credit_spread_hy|nfci|ta_ratio_bb_pct_b_6m_vwo|combined_ratio_ttm|investment_income_growth_yoy|book_value_per_share_growth_yoy|npw_growth_yoy,True
ta_minimal_plus_vwo_pct_b,TA Minimal + VWO %B,GLD,0.8909197954261164,0.46274238928702166,186,0.1416884613617314,0.06556525714492945,LOW,True,ta_pgr_obv_detrended|ta_pgr_natr_63d|yield_slope|real_yield_change_6m|real_rate_10y|credit_spread_hy|nfci|ta_ratio_bb_pct_b_6m_vwo|combined_ratio_ttm|investment_income_growth_yoy|book_value_per_share_growth_yoy|npw_growth_yoy,0.46274238928702166,LOW,ta_pgr_obv_detrended|ta_pgr_natr_63d|yield_slope|real_yield_change_6m|real_rate_10y|credit_spread_hy|nfci|ta_ratio_bb_pct_b_6m_vwo|combined_ratio_ttm|investment_income_growth_yoy|book_value_per_share_growth_yoy|npw_growth_yoy,True
ta_minimal_plus_vwo_pct_b,TA Minimal + VWO %B,VDE,0.8952663947394772,0.5567489593903461,186,0.12593608588380334,0.07011478476550076,LOW,True,ta_pgr_obv_detrended|ta_pgr_natr_63d|yield_slope|real_yield_change_6m|real_rate_10y|credit_spread_hy|nfci|ta_ratio_bb_pct_b_6m_vwo|combined_ratio_ttm|investment_income_growth_yoy|book_value_per_share_growth_yoy|npw_growth_yoy,0.5567489593903461,LOW,ta_pgr_obv_detrended|ta_pgr_natr_63d|yield_slope|real_yield_change_6m|real_rate_10y|credit_spread_hy|nfci|ta_ratio_bb_pct_b_6m_vwo|combined_ratio_ttm|investment_income_growth_yoy|book_value_per_share_growth_yoy|npw_growth_yoy,True
ta_minimal_plus_vwo_pct_b,TA Minimal + VWO %B,VGT,0.6579856434256209,0.5411589279130579,192,0.0,0.0,LOW,False,ta_pgr_obv_detrended|ta_pgr_natr_63d|yield_slope|real_yield_change_6m|real_rate_10y|credit_spread_hy|nfci|ta_ratio_bb_pct_b_6m_vwo|combined_ratio_ttm|investment_income_growth_yoy|book_value_per_share_growth_yoy|npw_growth_yoy,0.5411589279130579,LOW,ta_pgr_obv_detrended|ta_pgr_natr_63d|yield_slope|real_yield_change_6m|real_rate_10y|credit_spread_hy|nfci|ta_ratio_bb_pct_b_6m_vwo|combined_ratio_ttm|investment_income_growth_yoy|book_value_per_share_growth_yoy|npw_growth_yoy,True
ta_minimal_plus_vwo_pct_b,TA Minimal + VWO %B,VIG,0.8503620943606786,0.5819722295746436,168,0.0,0.0,LOW,False,ta_pgr_obv_detrended|ta_pgr_natr_63d|yield_slope|real_yield_change_6m|real_rate_10y|credit_spread_hy|nfci|ta_ratio_bb_pct_b_6m_vwo|combined_ratio_ttm|investment_income_growth_yoy|book_value_per_share_growth_yoy|npw_growth_yoy,0.5819722295746436,LOW,ta_pgr_obv_detrended|ta_pgr_natr_63d|yield_slope|real_yield_change_6m|real_rate_10y|credit_spread_hy|nfci|ta_ratio_bb_pct_b_6m_vwo|combined_ratio_ttm|investment_income_growth_yoy|book_value_per_share_growth_yoy|npw_growth_yoy,True
ta_minimal_plus_vwo_pct_b,TA Minimal + VWO %B,VMBS,0.8996775523802599,0.3459417980553565,120,0.14181212458746578,0.04905874136583815,MODERATE,True,ta_pgr_obv_detrended|ta_pgr_natr_63d|yield_slope|real_yield_change_6m|real_rate_10y|credit_spread_hy|nfci|ta_ratio_bb_pct_b_6m_vwo|combined_ratio_ttm|investment_income_growth_yoy|book_value_per_share_growth_yoy|npw_growth_yoy,0.3459417980553565,MODERATE,ta_pgr_obv_detrended|ta_pgr_natr_63d|yield_slope|real_yield_change_6m|real_rate_10y|credit_spread_hy|nfci|ta_ratio_bb_pct_b_6m_vwo|combined_ratio_ttm|investment_income_growth_yoy|book_value_per_share_growth_yoy|npw_growth_yoy,True
ta_minimal_plus_vwo_pct_b,TA Minimal + VWO %B,VOO,0.7680839895631525,0.595350750852398,114,0.09375,0.05581413289241231,LOW,False,ta_pgr_obv_detrended|ta_pgr_natr_63d|yield_slope|real_yield_change_6m|real_rate_10y|credit_spread_hy|nfci|ta_ratio_bb_pct_b_6m_vwo|combined_ratio_ttm|investment_income_growth_yoy|book_value_per_share_growth_yoy|npw_growth_yoy,0.595350750852398,LOW,ta_pgr_obv_detrended|ta_pgr_natr_63d|yield_slope|real_yield_change_6m|real_rate_10y|credit_spread_hy|nfci|ta_ratio_bb_pct_b_6m_vwo|combined_ratio_ttm|investment_income_growth_yoy|book_value_per_share_growth_yoy|npw_growth_yoy,True
ta_minimal_plus_vwo_pct_b,TA Minimal + VWO %B,VWO,0.8234120386809702,0.4574512077344642,180,0.09375,0.04288605072510602,LOW,False,ta_pgr_obv_detrended|ta_pgr_natr_63d|yield_slope|real_yield_change_6m|real_rate_10y|credit_spread_hy|nfci|ta_ratio_bb_pct_b_6m_vwo|combined_ratio_ttm|investment_income_growth_yoy|book_value_per_share_growth_yoy|npw_growth_yoy,0.4574512077344642,LOW,ta_pgr_obv_detrended|ta_pgr_natr_63d|yield_slope|real_yield_change_6m|real_rate_10y|credit_spread_hy|nfci|ta_ratio_bb_pct_b_6m_vwo|combined_ratio_ttm|investment_income_growth_yoy|book_value_per_share_growth_yoy|npw_growth_yoy,True
ta_minimal_plus_vwo_pct_b,TA Minimal + VWO %B,VXUS,0.8210973131000855,0.5877602722723992,108,0.09375,0.05510252552553743,LOW,False,ta_pgr_obv_detrended|ta_pgr_natr_63d|yield_slope|real_yield_change_6m|real_rate_10y|credit_spread_hy|nfci|ta_ratio_bb_pct_b_6m_vwo|combined_ratio_ttm|investment_income_growth_yoy|book_value_per_share_growth_yoy|npw_growth_yoy,0.5877602722723992,LOW,ta_pgr_obv_detrended|ta_pgr_natr_63d|yield_slope|real_yield_change_6m|real_rate_10y|credit_spread_hy|nfci|ta_ratio_bb_pct_b_6m_vwo|combined_ratio_ttm|investment_income_growth_yoy|book_value_per_share_growth_yoy|npw_growth_yoy,True
